﻿가장 빨리 만나는 도커 Docker	3.0
2017 시나공 정보처리기사 필기 + 별책부록(기출문제집)	3.0
뇌	5.0
밀실살인게임	3.5
미생	3.0
오렌지 마말레이드	2.0
정재승의 과학 콘서트	4.0
마지막 잎새	4.0
1cm 첫 번째 이야기	4.0
데스 노트 Death Note	5.0
셜록 홈즈 전집 1	5.0
셜록 홈즈 : 모리어티의 죽음	5.0
하치 이야기	4.0
늑대의 유혹	5.0
타이밍	4.0
그리고 아무도 없었다	4.0
여탕보고서	4.0
죽은 시인의 사회	3.0
치즈 인 더 트랩	4.0
어린 왕자	5.0
해리 포터와 혼혈왕자	5.0
뇌	4.0
신과 함께 : 저승편	5.0
대학일기	5.0
후레자식	3.0
어린 왕자	4.0
어린 왕자	4.0
죽음에 관하여	5.0
다이어터 1 : 식이조절 편	5.0
화차	3.0
앵무새 죽이기	5.0
나무	5.0
개미	5.0
원미동 사람들	4.0
아프니까 청춘이다	4.0
가시고기	4.0
봉순이 언니	3.0
몽실 언니	3.0
신과 함께 : 신화편	4.0
용의자 X의 헌신	4.0
명탐정 코난	5.0
아홉살 인생	3.0
송곳	3.5
해리 포터와 아즈카반의 죄수	5.0
등대지기	4.0
해리 포터와 불의 잔	5.0
어린 왕자	4.0
쥐	5.0
개밥바라기별	4.0
해리 포터와 비밀의 방	5.0
미스터 초밥왕	4.0
조명가게	3.0
삼미 슈퍼스타즈의 마지막 팬클럽	3.0
소나기	3.0
나의 라임 오렌지 나무	4.0
해리 포터와 저주받은 아이 (스페셜 리허설 에디션 대본)	5.0
광장/구운몽	4.0
하이큐!!	3.0
눈먼 자들의 도시	3.0
유미의 세포들	5.0
셜록 홈즈 : 주홍색 연구	5.0
나의 라임 오렌지나무	5.0
정글만리	3.0
선천적 얼간이들	4.0
모리와 함께한 화요일	4.0
그리고 아무도 없었다	5.0
해리 포터와 마법사의 돌	5.0
식객	4.0
토지	3.0
드래곤 볼	3.0
제3인류	4.0
20세기 소년	5.0
다이어터 2 : 운동적응기 편	4.0
