﻿조선왕조실톡	5.0
반지의 제왕	3.5
로마인 이야기 	1.0
어린 왕자	4.0
20대, 공부에 미쳐라	3.0
파브르 곤충기	2.5
이상한 나라의 앨리스	4.0
메밀꽃 필 무렵	3.0
무소유	5.0
남과 여 1	5.0
죄와 벌	4.0
진격의 거인	5.0
운수좋은 날	4.0
후레자식	3.5
나니아 연대기	2.0
마지막 잎새	4.5
베니스의 상인	3.0
수학귀신	4.0
찰리와 초콜릿 공장 	5.0
드래곤 볼	5.0
죽은 시인의 사회	5.0
지도 밖으로 행군하라	1.0
헝거 게임	4.5
어린 왕자	4.0
데스 노트 Death Note	4.5
지적 대화를 위한 넓고 얕은 지식 : 현실 세계 편	5.0
선천적 얼간이들	5.0
마시멜로 두 번째 이야기	2.0
신과 함께 : 신화편	2.0
우리들의 일그러진 영웅	5.0
죽음에 관하여	5.0
신과 함께 : 저승편	5.0
살인자의 기억법	4.0
해리 포터와 불사조 기사단	3.0
해리 포터와 불의 잔	5.0
해리 포터와 아즈카반의 죄수	5.0
나의 라임 오렌지나무	5.0
마시멜로 이야기	5.0
해리 포터와 비밀의 방	5.0
해리 포터와 마법사의 돌	4.5
미적분학 2+	4.5
박경미의 수학 콘서트	5.0
미적분학 1+	4.5
파인만의 물리학 강의 Volume 1, 양장본	5.0
괴짜물리학	5.0
구글 신은 모든 것을 알고 있다	5.0
서민의 기생충 열전	3.0
칼 세이건의 말	4.0
인체 완전판	5.0
해리포터 사이언스	5.0
발명 콘서트	5.0
이중나선	3.5
모든 순간의 물리학	5.0
페르마의 마지막 정리	5.0
빛의 물리학	5.0
앨런 튜링의 이미테이션 게임	4.5
연쇄살인범 파일	4.5
파인만의 여섯가지 물리 이야기	4.0
멘사 시각 퍼즐	5.0
리처드 파인만	5.0
추리력 퍼즐	3.0
과학혁명의 구조	3.0
종의 기원	5.0
페르마의 마지막 정리	5.0
파인만 씨, 농담도 잘하시네!	5.0
정재승의 과학 콘서트	5.0
선대인의 빅픽처	4.0
부자언니 부자연습	4.0
2018 인구 절벽이 온다	3.5
1인 가구 돈 관리	4.5
똑똑한 사람들의 멍청한 선택	4.0
에어비앤비 스토리	4.0
마케팅 천재가 된 맥스	3.5
빅 숏 Big Short	3.0
90일 완성 돈 버는 평생 습관	3.0
스타트업 바이블	3.0
거의 모든 IT의 역사	3.5
전설로 떠나는 월가의 영웅 (2017 최신개정판)	4.0
세계미래보고서 2050	3.0
깨진 유리창 법칙	5.0
컬처 코드	4.0
더 골 The Goal	4.0
엘론 머스크, 대담한 도전	3.0
2017 대한민국 트렌드	5.0
아날로그의 반격	3.5
빅데이터, 경영을 바꾸다	4.0
한국의 젊은 부자들	3.0
화폐전쟁	4.0
화폐전쟁	4.0
EBS 다큐프라임 자본주의	2.5
넛지	2.5
트렌드 코리아 2016	5.0
철학 콘서트 1	4.0
스키너의 심리상자 열기	5.0
차라투스트라는 이렇게 말했다	4.0
먼나라 이웃나라	4.0
