﻿웃음	3.0
블록체인 구조와 이론	3.0
왕좌의 게임	2.5
청바지 돌려 입기	3.0
죽은 시인의 사회	3.0
뇌	3.0
어린 왕자	3.0
아낌없이 주는 나무	3.0
우동 한 그릇	2.0
신	3.0
도가니	2.5
오만과 편견	2.5
1Q84	3.5
난장이가 쏘아올린 작은 공	2.5
개미	3.0
2015 시나공 정보처리산업기사 필기	3.0
C로 배우는 쉬운 자료구조	2.5
Do it! HTML5 + CSS3 웹 표준의 정석	3.0
Java의 정석	2.5
Do it! 안드로이드 앱 프로그래밍	3.0
Java의 정석	2.5
열혈강의 C 프로그래밍	2.5
데이터베이스 기초와 실습 : 액세스 2007	2.5
윤성우의 열혈 C 프로그래밍	2.5
적을 만들지 않는 대화법	1.5
마시멜로 이야기	2.5
심플하게 산다	2.0
파페포포 다이어리	2.5
연어	3.0
파피용	4.0
연애혁명	1.5
