﻿웃음	5.0
플랜더스의 개	5.0
나의 라임 오렌지나무	5.0
허클베리 핀의 모험	5.0
나무	5.0
자기 앞의 생	5.0
악마는 프라다를 입는다	5.0
가장 빨리 만나는 도커 Docker	5.0
파이썬을 이용한 머신러닝, 딥러닝 실전 개발 입문	5.0
모두의 파이썬	5.0
2017 시나공 정보처리기사 필기 + 별책부록(기출문제집)	5.0
밑바닥부터 시작하는 딥러닝	5.0
무량수전 배흘림기둥에 기대서서	4.5
거꾸로 읽는 세계사	5.0
글자전쟁	5.0
누가 내 치즈를 옮겼을까?	5.0
오페라의 유령	4.5
빨간 머리 앤	5.0
정의란 무엇인가	5.0
미움받을 용기	5.0
트와일라잇	5.0
미생	5.0
아버지들의 아버지	5.0
어린 왕자	4.5
80일간의 세계일주	5.0
신과 함께 : 이승편	4.5
남한산성	5.0
치즈 인 더 트랩	5.0
도리언 그레이의 초상	4.0
호밀밭의 파수꾼	4.0
