﻿대한민국사 - 전3권	4.5
대한민국사	4.5
나의 한국현대사	4.5
고통의 문제 (보급판 문고본)	5.0
하나님의 대사	4.5
지성에서 영성으로	4.0
순전한 기독교	4.5
긍정의 힘	3.0
순전한 기독교 	4.5
목적이 이끄는 삶	4.5
내려놓음	4.0
스크루테이프의 편지 	5.0
신호와 소음	5.0
거래의 기술	4.0
축적의 길	5.0
The Secret	3.5
화폐전쟁	5.0
딥 워크	4.0
디케의 눈	4.0
차나왕 요시츠네	5.0
이기는 습관 1	3.5
삼국지 경영학	3.5
오리지널스	5.0
자기 통제의 승부사 사마의	4.0
한국의 젊은 부자들	3.0
직장인을 위한 긍정의 힘 성공편	3.0
생각하는 미친놈	3.5
상상하지 말라	4.0
대한민국사 2	4.0
보랏빛 소가 온다	4.0
기획의 정석 실전편	4.0
블록체인 혁명	4.0
레버리지	3.5
디지로그 digilog	3.5
제로 투 원	4.5
초격차	4.0
완벽한 공부법	3.5
비트코인 현상, 블록체인 2.0	4.0
죽은 경제학자의 살아있는 아이디어	4.5
설득의 논리학	4.0
한국 자본주의	3.5
포지셔닝	4.0
원칙 Principles	5.0
딜리버링 해피니스	4.0
일본전산 이야기	4.0
화폐전쟁	5.0
넛지	4.0
디지로그 digilog	4.0
다윗과 골리앗	4.0
골든아워	4.0
부의 미래	5.0
블루 오션 전략 	4.0
대통령의 말하기	4.0
혼.창.통	4.0
왜 일하는가	5.0
어떻게 원하는 것을 얻는가	5.0
코스모스	4.5
수레바퀴 아래서	4.0
나는 고양이로소이다	4.0
인생 수업	4.0
카라마조프 가의 형제들	5.0
나니아 연대기	5.0
냉정과 열정사이 Rosso	4.0
