﻿그리스인 조르바 - 전2권 (한글판 + 영문판)	4.0
남쪽으로 튀어!	3.0
도가니	2.5
연금술사	2.0
왜 나는 너를 사랑하는가	1.0
경제학 콘서트	3.0
괴짜경제학	3.0
구글 신은 모든 것을 알고 있다	3.0
토지	4.0
버리고 갈 것만 남아서 참 홀가분하다	3.0
댈러웨이 부인	3.5
냉정과 열정사이 Blu	2.5
냉정과 열정사이 Rosso	2.5
여자라면 힐러리처럼	1.5
계층이동의 사다리	3.0
이렇게 맛있고 멋진 채식이라면	3.0
무엇이 우리를 무능하게 만드는가	2.0
부의 미래	3.5
셈을 할 줄 아는 까막눈이 여자	3.0
나는 더 이상 당신의 가족이 아니다	2.5
알고리즘, 인생을 계산하다	2.5
경제학자의 영광과 패배	3.0
시크릿	0.5
유엔미래보고서 2040	1.5
이기적 유전자	3.0
내 옆에 있는 사람	1.5
나는 즐라탄이다	0.5
1984	3.5
미국은 동아시아를 어떻게 지배했나	3.0
MB의 비용	3.5
피케티, 어떻게 읽을 것인가	3.5
사회학의 책	2.0
수레바퀴 아래서	3.0
게으름에 대한 찬양	3.0
당신도 전쟁을 알아야 한다	2.5
사랑의 기술	3.5
더티 라이프	1.5
만들어진 신	3.0
그들의 눈은 신을 보고 있었다	3.0
케빈에 대하여	2.0
성공하는 사람들의 7가지 습관	0.5
88만원 세대	2.5
국가의 사기	2.5
코스모스	5.0
저녁 무렵에 면도하기	2.5
군주론	2.0
난장이가 쏘아올린 작은 공	3.0
원미동 사람들	3.0
한국이 싫어서	3.0
내가 골드만삭스를 떠난 이유	3.0
EBS 다큐프라임 자본주의	2.5
데이터 분석 전문가 가이드 [ADP] [ADsP]	2.5
개발학 강의	2.5
생각에 관한 생각	3.5
자기만의 방	3.5
자기만의 방	3.5
노르웨이의 숲	3.5
채소의 기분, 바다표범의 키스	3.0
재즈의 초상	3.0
성장, 그 새빨간 거짓말	3.5
지적 대화를 위한 넓고 얕은 지식 : 현실 세계 편	2.0
사피엔스	3.5
왜 서양이 지배하는가	3.5
살인자의 기억법	3.0
미쉬킨의 화폐와 금융	3.0
21세기 자본	4.0
자기 앞의 생	3.5
공공성	3.0
불안	3.5
경제학은 어떻게 과학을 움직이는가	3.5
스물아홉 생일, 1년 후 죽기로 결심했다	2.0
정의란 무엇인가	3.5
가난한 사람이 더 합리적이다	3.5
총 균 쇠	3.5
국가는 왜 실패하는가	3.5
진주 귀고리 소녀	3.0
이방인	4.0
칼의 노래	3.5
인형의 집	4.0
미움받을 용기	2.0
참을 수 없는 존재의 가벼움	4.5
창문 넘어 도망친 100세 노인	3.0
달과 6펜스	4.0
데미안	4.0
파리대왕	4.0
위대한 개츠비	4.5
강신주의 감정수업	3.0
개미	2.0
누가 내 치즈를 옮겼을까?	3.0
인간 실격	4.0
멈추면, 비로소 보이는 것들	1.0
동물농장	4.0
자존감 수업	1.5
나무	2.5
오만과 편견	4.0
월리를 찾아라! 	1.0
엄마를 부탁해	2.0
다 빈치 코드	2.0
하버드 새벽 4시 반	1.0
