﻿자꾸 생각나	4.0
있으려나 서점	3.0
나는 그것에 대해 아주 오랫동안 생각해	4.0
알려지지 않은 예술가의 눈물과 자이툰 파스타	3.0
옥상에서 만나요	5.0
인형의 집	4.0
아무튼, 잡지	3.0
나는 울 때마다 엄마 얼굴이 된다	4.0
환상통	4.0
향수	4.0
그런 여자는 없다	3.0
잘돼가? 무엇이든	4.0
내가 30代가 됐다	3.0
몫	5.0
피프티 피플	4.0
솔뮤직 러버스 온리	2.0
경애의 마음	5.0
며느라기	4.0
