﻿설국	5.0
모든 불안은 밤으로부터 왔다	4.0
영화를 찍으며 생각한 것	4.0
그리스인 조르바	4.5
라틴어 수업	4.5
깊이에의 강요	5.0
나라 없는 사람	4.5
82년생 김지영	5.0
인간 실격	4.5
어린 왕자	5.0
초판본 데미안	5.0
알랭 드 보통의 영혼의 미술관	5.0
반 고흐, 영혼의 편지 	5.0
빈센트 반 고흐 Vincent van Gogh (아몬드꽃 표지)	5.0
촘스키, 누가 무엇으로 세상을 지배하는가	5.0
랩 걸	4.5
파도가 바다의 일이라면	5.0
끌림 (리커버에디션)	5.0
바람의 노래를 들어라	5.0
시간과 공간이 정지하는 방	3.5
주진우의 이명박 추격기	5.0
언어의 온도	2.5
월든	5.0
보노보노처럼 살다니 다행이야	4.0
만화로 보는 그리스 로마 신화	5.0
밤의 화가들	5.0
뉴스의 시대	5.0
마음의 휴식	4.5
환상통	4.5
청구회 추억	4.0
낙타풀의 사랑	5.0
앨리스의 일기	5.0
달라이 라마의 행복론	5.0
달라이 라마의 행복	5.0
흰	5.0
지식 e - 시즌 2	5.0
The Blue Day Book 누구에게나 우울한 날은 있다	3.5
바람피우고 싶은 뇌	3.0
우리는 사랑 아니면 여행이겠지	4.0
나만 위로할 것	4.0
오래 들여다보는 사람	3.5
이토록 환해서 그리운	4.0
1963 발칙한 혁명	5.0
나는 죽을 때까지 재미있게 살고 싶다	5.0
잡식동물의 딜레마	5.0
무소유	5.0
그랜드 부다페스트 호텔	4.0
경청	5.0
얼굴 빨개지는 아이	5.0
꼬마 니콜라	5.0
사랑하라 한번도 상처받지 않은 것처럼	5.0
당신, 거기 있어 줄래요?	5.0
어린 왕자	5.0
아홉살 인생	5.0
라쇼몽	3.5
유스	5.0
안네의 일기	4.0
아홉번째 집 두번째 대문	5.0
마른 꽃	5.0
라디오헤드로 철학하기	4.0
우물에서 하늘 보기	5.0
밤이 선생이다	5.0
스파이	5.0
불륜	5.0
11분	5.0
누군가에게 무엇이 되어	5.0
음악 레슨	5.0
인생 따위 엿이나 먹어라	5.0
잠	5.0
해변의 카프카	5.0
노르웨이의 숲	5.0
눈을 감으면	5.0
밤 열한 시	5.0
생각이 나서	5.0
이병률 여행 산문집 - 전2권	5.0
내 옆에 있는 사람	5.0
눈사람 여관	4.0
코끼리에게 날개 달아주기	4.0
청춘불패	5.0
아불류 시불류	5.0
정의란 무엇인가	5.0
월든	5.0
월든 - 전2권 (한글판 + 영문판)	5.0
바람이 분다 당신이 좋다	5.0
인생 수업	5.0
하악하악	5.0
그 쇳물 쓰지 마라	5.0
여수의 사랑	5.0
화	5.0
나미야 잡화점의 기적	5.0
연금술사	5.0
미움받을 용기	5.0
오만과 편견	5.0
아프니까 청춘이다	0.5
채식주의자	5.0
멈추면, 비로소 보이는 것들	5.0
호밀밭의 파수꾼	5.0
가시고기	5.0
색채가 없는 다자키 쓰쿠루와 그가 순례를 떠난 해	5.0
나무	5.0
인생학교 | 섹스	5.0
데미안	5.0
모랫말 아이들	5.0
