﻿81다이버 1	3.5
추억의 에마논 1	4.0
산 4 5 6 7 8 11 1 2	5.0
지어스 Zearth 1	3.0
칠석의 나라	3.0
환상	4.0
창천항로	4.0
타임슬립	4.0
플래시포인트	3.0
보이즈 온 더 런	3.0
묘진전	3.5
총몽	3.5
집을, 순례하다	4.0
외천루	4.5
고스트 월드	4.5
헬보이	4.0
벡 Beck 1	4.5
쿠니미츠의 정치	2.5
프랑켄 프랑	4.0
파도여 들어다오	3.5
꼭두각시 서커스	4.0
기술복제시대의 예술작품 / 사진의 작은 역사 외	4.0
H2 1	5.0
이토 준지의 고양이일기 욘&무	3.5
(뉴 52) 배트맨 1 : 올빼미 법정	4.0
(뉴 52) 배트맨 2 : 올빼미 도시	3.5
배트맨 킬링 조크 BATMAN The Killing Joke : 디럭스 에디션 The Deluxe Edition (양장)	5.0
이방인	4.5
혼자를 기르는 법	4.5
내 이야기!!	3.0
이누야시키	3.0
오무라이스 잼잼	5.0
라이어 게임	3.5
엔젤전설	4.0
도로헤도로 	4.0
테르마이 로마이	2.5
봉신연의	3.5
아즈망가 대왕	3.5
헌터x헌터 HunterXHunter	3.5
갈매기의 꿈	3.5
의룡	3.5
무한의 주인	4.0
지옥별 레미나	3.5
DC : 더 뉴 프런티어	5.0
멋지다!! 마사루	4.0
두더지	4.5
크레이지 군단	3.0
심해어	3.5
낮비 1	3.0
악의 꽃 세트 -	4.5
Let's Go!! 이나중 탁구부	4.0
터치	3.5
H2 오리지널	5.0
이키가미	3.0
암스 Arms 완전판	4.0
표류교실	4.5
아이앰 어 히어로	3.5
세인트 영멘	3.5
몬스터	4.5
플루토 Pluto	4.5
원피스 ONE PIECE	2.5
소용돌이 합본판	4.0
20세기 소년	3.0
강철의 연금술사	4.5
배가본드	4.0
나루토 Naruto	4.5
쥐	5.0
요츠바랑!	4.0
시가테라	5.0
베르세르크	3.5
유유백서	3.5
마스터 키튼	3.5
슬램덩크	5.0
드래곤 볼	4.5
난장이가 쏘아올린 작은 공	3.0
오리엔트 특급살인	4.0
아이덴티티 크라이시스	4.5
왓치맨 Watchmen	5.0
배트맨 : 다크 나이트 리턴즈	4.5
굴 소년의 우울한 죽음	4.0
GO	3.5
무서운 그림	4.0
기생수	4.0
오만과 편견	3.0
동물농장	4.5
위대한 개츠비	3.5
톨스토이 단편선	3.5
해리 포터와 마법사의 돌	4.5
룬의 아이들 - 윈터러	2.0
눈물을 마시는 새	3.5
드래곤 라자	3.5
Save the Cat! : 흥행하는 영화 시나리오의 8가지 법칙	3.5
어린 왕자	4.0
파우스트	3.5
별도 없는 한밤에	4.0
유혹하는 글쓰기	3.5
변신	4.5
삼대	4.0
앵무새 죽이기	5.0
빅 퀘스천	3.5
빅 픽처	3.5
타나토노트	2.0
나무	3.0
연금술사	2.0
향수	4.0
어른이 되기는 글렀어	4.0
나는 고양이로소이다	3.0
멋진 신세계	4.5
1984	3.5
메트로 2033	3.5
당신 인생의 이야기	3.5
데미안	3.0
노르웨이의 숲	4.5
마션	3.5
안드로이드는 전기양의 꿈을 꾸는가?	4.5
호밀밭의 파수꾼	5.0
유년기의 끝	4.5
