﻿젊은 베르테르의 슬픔	3.0
닫힌 방.악마와 선한 신	5.0
프리즘오브 PRISMOf 11호 : 캐롤	4.0
타인의 얼굴	4.0
캐롤	3.0
죽고 싶지만 떡볶이는 먹고 싶어	4.5
프리즘오브 PRISMOf 6호: 다크 나이트(The Dark Knight)	4.0
프리즘오브 PRISMOf 5호: 아가씨(The Handmaiden)	4.0
사랑의 단상	4.0
처음 읽는 프랑스 현대철학	3.5
데이비드 보위 : 그의 영향	3.5
지상의 양식	3.0
영혼론 입문	4.0
실존주의는 휴머니즘이다	4.5
좋은 사람은 찾기 힘들다	3.0
문명은 어떻게 미술이 되었을까?	3.5
세상에 너를 소리쳐!	3.0
그들의 등 뒤에서는 좋은 향기가 난다	4.5
적지와 왕국	3.0
노블레스 Noblesse season	5.0
돌아온 자살토끼	4.0
고통	4.0
여행일기	3.5
지극히 인간적인 삶에 대하여	3.0
불안	4.0
안과 겉	3.5
심연으로부터	4.0
좁은 문	4.0
나를 보는 당신을 바라보았다	4.0
행복한 죽음	3.0
페미니즘의 도전	4.5
히로시마 내 사랑	3.5
D에게 보낸 편지	3.5
참을 수 없는 존재의 가벼움	4.5
위대한 개츠비	3.5
수레바퀴 아래서	4.0
인간 실격	4.5
영화음악 : 불멸의 사운드트랙 이야기	3.0
사람은 왜 인정받고 싶어하나	3.5
알베르 카뮈	3.5
섬	4.0
동물농장	4.5
브람스를 좋아하세요...	5.0
결혼.여름	4.0
말	4.0
호밀밭의 파수꾼	3.5
젊은 시절의 글	4.5
사랑은 없다	4.0
태도에 관하여	3.0
장 폴 사르트르	4.5
사르트르와 보부아르의 계약결혼	4.0
밤 열한 시	3.5
그해, 여름 손님	3.5
인간의 조건	3.5
열병의 계절	4.0
종이 여자	3.5
언어의 온도	2.5
모모	3.5
철학 브런치	3.5
파피용	4.0
무소유	3.5
맑고 향기롭게	3.5
가슴이 뜨거워지니 그 많던 생각들이 사라졌다	3.0
무소의 뿔처럼 혼자서 가라	3.0
칼 세이건의 말	3.0
변신	5.0
1984	5.0
곁에 두고 읽는 서양철학사	4.0
분석심리학 이야기	4.0
바깥은 여름	4.0
우리에겐 언어가 필요하다	4.0
입 속의 검은 잎	5.0
나의 친애하는 적	3.5
버티는 삶에 관하여	3.5
페스트	5.0
우리는 모두 페미니스트가 되어야 합니다	4.5
82년생 김지영	4.5
시지프 신화	4.0
이방인	5.0
정희진처럼 읽기	4.5
데미안	5.0
몽테뉴의 수상록	4.5
타인에게 말걸기	4.0
에티카	3.0
지금 사랑하지 않는 자, 모두 유죄	3.0
실존주의자로 사는 법	4.5
배트맨과 철학	4.5
못다 한 사랑이 너무 많아서	3.5
처음 읽는 서양철학사 (개정증보판)	4.0
철학을 만나는 시간	4.0
시작하는 철학여행자를 위한 안내서	4.5
2016 시인동네가 주목하는 올해의 시인들 101	3.5
달의 정원	3.5
작가수첩 1	4.5
라면을 끓이며	3.0
나는 왜 죽지 않았는가	3.5
타인의 의미	3.5
우리는 사랑 아니면 여행이겠지	3.0
소피의 세계	3.5
비참할 땐 스피노자	3.0
돼지가 철학에 빠진 날	4.5
자살을 할까, 커피나 한 잔 할까?	2.5
청소년을 위한 지금 시작하는 인문학 : 가로 읽기	3.5
좋아하는 철학자 있으세요?	3.0
젠더 무법자	4.0
5년 후 나에게 - Q&A a day	3.5
성공하는 사람들의 7가지 습관	1.0
마시멜로 이야기	2.0
손도끼	3.5
어느 날 내가 죽었습니다	4.0
부자 아빠 가난한 아빠 	1.0
하악하악	3.5
블로노트	3.0
왓칭 Watching	2.0
카네기 행복론	3.0
카네기 인간관계론	3.5
구해줘	3.5
당신, 거기 있어 줄래요?	3.5
톨스토이 단편선	4.0
신	3.5
어린 왕자	5.0
가시고기	3.0
나의 라임 오렌지나무	3.5
다 빈치 코드	3.0
연금술사	3.5
소나기	3.5
몽실 언니	3.5
인간 문제	3.5
원미동 사람들	3.5
우리들의 일그러진 영웅	3.5
우리들의 행복한 시간	3.5
도가니	3.5
난장이가 쏘아올린 작은 공	4.0
엄마를 부탁해	3.5
광고천재 이제석	3.0
파라다이스	3.0
타나토노트	4.5
개미	4.0
나무	3.5
베르나르 베르베르의 상상력 사전	3.5
연탄길	3.5
멈추면, 비로소 보이는 것들	1.5
아프니까 청춘이다	1.5
한비야의 중국견문록	2.0
공부가 가장 쉬웠어요	1.0
키다리 아저씨	3.0
나의 라임 오렌지 나무	3.5
소년탐정 김전일	4.5
후레자식	3.0
자살토끼	4.5
죽음에 관하여	4.0
타이거 마더	2.0
기업 가치평가 (김찬일)	3.5
재무회계	3.5
원가관리회계	3.5
K-IFRS NEW 회계원리	3.5
