﻿Hello Coding 그림으로 개념을 이해하는 알고리즘	3.0
로빈슨 크루소 따라잡기	4.0
전현수 박사의 불교정신치료 강의	3.5
뻐근하고 아픈 몸 참지 말고 셀프 마사지	3.5
시간관리 스킬	3.0
미생	4.0
빠알리어 직역 담마빠다	4.0
동물농장	5.0
자유론	4.0
수학을 요리하다	3.0
돌아온 자살토끼	3.5
자살토끼	3.5
게임회사 이야기	3.5
Do it! 점프 투 파이썬	3.5
누워서 읽는 알고리즘	3.5
루시드 드림	3.0
시크릿	0.5
이창호의 부득탐승不得貪勝	3.5
무소유	3.5
TV동화 행복한 세상	3.0
내 맘대로 느낀대로 일본이야기	0.5
조이라이드	0.5
한마 바키	3.0
격투맨 바키	3.5
한국 현대시문학사	3.0
날개	3.5
모차르트 천 번의 입맞춤	3.5
만화로 보는 기후변화의 거의 모든 것	3.5
우리는 합리적 사고를 포기했는가	3.5
기본 수학의 정석 수학 1 (2017년용)	2.5
3*3 아이즈	4.0
짬	3.5
군계	4.0
대학일기	3.5
홀리랜드	4.0
십시일反	3.0
삐리리~ 불어봐! 재규어	4.0
멋지다!! 마사루	3.5
배틀로얄	3.0
이말년 서유기 1	4.0
공룡둘리에 대한 슬픈 오마주	3.0
라이어 게임	1.5
오무라이스 잼잼	3.0
갓 오브 하이스쿨	2.5
이말년 씨리즈	4.0
고스트 바둑왕	3.5
C 기초 플러스	2.0
2017 시나공 정보처리기사 필기 + 별책부록(기출문제집)	3.0
그로스 해킹 Growth Hacking	3.0
윤성우의 열혈 C 프로그래밍	3.0
물은 답을 알고 있다	0.5
논어	4.0
돈으로 살 수 없는 것들	4.0
뉴스의 시대	3.0
생각의 탄생	4.0
원피스 ONE PIECE	3.5
우동 한 그릇	3.5
신과 함께 : 저승편	4.0
천랑열전	3.5
신호와 소음	4.0
제로 투 원	3.5
생각 버리기 연습	3.0
타짜 1부	4.0
세계 제일 마술사 이은결의 눈으로 배우는 마술책 Magic 비디오 + 2개	3.0
1日1食	2.0
스펀지	3.0
용의자 X의 헌신	4.5
다이어터 1 : 식이조절 편	3.5
카스테라	4.0
아웃라이어	3.0
삼미 슈퍼스타즈의 마지막 팬클럽	4.0
허삼관 매혈기	3.5
갈매기의 꿈	3.5
색채가 없는 다자키 쓰쿠루와 그가 순례를 떠난 해	3.0
우리들의 일그러진 영웅	4.0
이방인	3.5
유리동물원	4.0
이중섭 1916-1956 편지와 그림들	4.0
Jazz It Up!	3.5
딥 워크	3.0
18시간 몰입의 법칙	0.5
꿈꾸는 다락방 2 - 실천편	0.5
이지성의 꿈꾸는 다락방	0.5
몰입 - 인생을 바꾸는 자기 혁명	2.5
논어 (보급판)	4.0
공부의 달인, 호모 쿵푸스	3.0
개념어 사전	3.0
유토피아	3.5
상대적이며 절대적인 지식의 백과사전 1	3.0
연금술사	3.5
천 번을 흔들려야 어른이 된다	2.0
오세암	3.5
먼나라 이웃나라	3.5
명품 C언어 프로그래밍	2.5
알기쉬운 경음악 편곡법	3.0
시창	4.0
아일랜드	4.0
포켓몬스터 스페셜 	4.0
초한지	4.0
십팔사략	4.0
고우영 三國志	4.0
키드갱	4.0
모모	4.0
신의 나라 인간 나라	3.5
신의 나라 인간 나라	3.5
21세기 먼나라 이웃나라	3.5
너, 외롭구나	2.0
야밤의 공대생 만화	4.0
구운몽	3.0
게으름에 대한 찬양	3.5
표준국어문법론	3.5
C로 쓴 자료구조론	2.5
C언어로 쉽게 풀어쓴 자료구조	3.0
컴파일러 입문	3.0
정신과 의사의 체험으로 보는 사마타와 위빠사나	3.5
미분적분학	3.0
한여름의 방정식	4.0
자각몽, 또 다른 현실의 문	3.5
자각몽, 꿈 속에서 꿈을 깨다	3.5
한 권으로 읽는 빠알리 경전	4.0
숫타니파타	4.0
진중권의 미학 오디세이 3 (20주년 기념판)	4.0
진중권의 미학 오디세이 2 (20주년 기념판)	4.0
진중권의 미학 오디세이 1 (20주년 기념판)	4.0
수학적 사고 길들이기	3.5
알고리즘 문제 해결 전략 - 전2권	4.0
셜록 홈즈 전집 1	4.0
신해철의 쾌변독설	3.5
브레이커	4.0
소년탐정 김전일	4.0
무술소년 꼬망	3.0
성냥갑으로 재미있고 쉽게 배우는 인공지능 이야기	4.0
운영체제	3.5
정보·응용·원리와 함께하는 이산수학	2.5
Concrete Mathematics 구체 수학	3.5
눈물을 마시는 새	4.0
안드로이드는 전기양의 꿈을 꾸는가?	4.5
운영체제	4.0
혁명이 후끈후끈	3.5
하늘과 바람과 별과 詩	4.0
생활의 참견	3.0
문장강화	3.5
어린 왕자의 마지막 비행	3.5
반갑다, 논리야	3.5
Operating System Concepts	4.0
열혈강의 C 프로그래밍	3.0
노빈손 아이스케키 공화국을 구하라	4.5
은과 금	4.0
카츠 Katsu!	3.5
일곱빛깔 무지개	3.5
상대적이며 절대적인 지식의 백과사전	3.0
타나토노트	3.5
아버지들의 아버지	3.0
신의 나라 인간 나라	3.0
매달린 절벽에서 손을 뗄 수 있는가?	3.5
화성에서 온 남자 금성에서 온 여자	2.0
Paint it Rock 1	3.5
빠삐용	3.0
셜록 홈즈 전집 3 : 주홍색연구 네명의 기호	4.0
셜록 홈즈 전집 2 : 배스커빌의 개	4.5
3부형식 피아노곡 작곡법	3.0
어린 왕자	5.0
아프니까 청춘이다	2.5
기생수	4.5
도박묵시록 카이지	4.0
더 파이팅 The Fighting	3.5
드래곤 퀘스트 Dragon Quest 타이의 대모험	4.0
선천적 얼간이들	3.5
원펀맨 One Punch Man	4.0
살인자ㅇ난감 -	4.0
20세기 소년	4.0
플루토 Pluto	4.0
몬스터	4.5
데스 노트 Death Note	4.0
미생	4.0
Alice - 이상한 나라의 앨리스.거울 나라의 앨리스	3.5
붉은 손가락	4.0
악의	4.0
가면 산장 살인 사건	3.5
용의자 X의 헌신	4.5
위험한 과학책	3.5
논리야 놀자	3.5
슈퍼맨 : 레드 선	4.5
차라투스트라는 이렇게 말했다	2.5
노르웨이의 숲	4.0
매드 사이언스 북	4.0
바람의 검심	4.0
H2 오리지널	5.0
슬램덩크	5.0
드래곤 볼	5.0
쥐	4.0
화성학	3.0
쇼펜하우어의 토론의 법칙	4.0
지문사냥꾼	4.0
만화로 보는 경제학의 거의 모든 것	4.0
유혹하는 글쓰기	4.0
가시고기	3.0
꿈꾸는 다락방	2.0
파피용	3.5
개미	4.0
나무	3.5
FBI 행동의 심리학	2.5
이기는 습관	2.0
아침형 인간	3.0
뇌	4.0
