﻿달려라, 아비 (큰글자도서)	3.0
덕혜옹주	3.0
십자 저택의 피에로	3.5
21세기 자본	4.0
어린 왕자	4.5
기사단장 죽이기	4.0
나는 언제나 옳다	4.0
잠	3.5
빅 퀘스천	3.5
보노보노처럼 살다니 다행이야	4.5
세상의 중심에서 사랑을 외치다	4.5
완득이	4.5
수학귀신	3.5
파페포포 다이어리	4.0
죽은 시인의 사회	5.0
삼봉이발소	5.0
만화로 보는 그리스 로마 신화	4.5
백설공주에게 죽음을	4.5
해변의 카프카	4.5
치즈 인 더 트랩	4.5
달과 6펜스	4.5
어린 왕자	4.0
덕혜옹주	2.5
위저드 베이커리	4.5
연탄길	3.5
원피스 ONE PIECE	3.5
죽음에 관하여	5.0
슬램덩크	4.5
사피엔스	5.0
하늘과 바람과 별과 詩 필사책	4.5
변신	4.0
명탐정 코난	3.5
용의자 X의 헌신	4.5
어린 왕자	5.0
지킬 박사와 하이드	4.0
왕좌의 게임	4.0
그들이	4.0
82년생 김지영	4.0
거시경제학 해법	4.5
국제통상의 이해	4.0
명저읽기와 글쓰기 : 인문계열	4.0
국제무역론	3.5
금융기관론	4.0
경영학의 이해	3.5
기초 경영경제수학	3.5
통계학 (류근관)	4.0
여행 사진 촬영 & 라이트룸	4.0
저스트 고 규슈 : 후쿠오카.나가사키.유후인.벳푸 (2017~2018년 최신개정판) (카카오프렌즈 스페셜 에디션)	5.0
2016	5.0
2016	5.0
대논쟁! 철학 배틀	5.0
2018 해커스 투자자산운용사 최종핵심정리문제집	5.0
해커스	5.0
애트킨슨과 힐가드의 심리학	4.0
확률 및 통계입문	2.5
산업조직론	3.5
국제금융론	4.5
세속의 철학자들	3.5
Ross의 엣센셜 기업재무	4.0
경제 경영수학 길잡이	4.0
미쉬킨의 화폐와 금융	3.5
노동경제학	4.5
거시경제학	4.5
맨큐의 경제학	4.5
청춘의 독서	4.5
역사의 역사	5.0
강아지똥	4.0
몽실 언니	4.0
몽실 언니	4.0
연애의 행방	4.0
파리5구의 여인	3.5
템테이션	3.5
더 잡	3.0
파이브 데이즈	4.0
연인	4.0
속죄	4.5
넛지	5.0
모멘트	4.0
브리다	4.5
톰 소여의 모험	4.5
천 개의 찬란한 태양	4.0
롤리타	4.5
자존감 수업	4.0
The Girl on the Train	4.0
개미	4.5
프로테스탄트 윤리와 자본주의 정신	4.0
어린 왕자	5.0
사랑하기 때문에	4.0
파이 이야기	5.0
모든 일은 결국 벌어진다 -	3.5
삼국지	4.0
28	3.5
태백산맥	4.5
이윤기의 그리스 로마 신화	3.5
괭이부리말 아이들	3.0
채근담	2.5
멋진 신세계	3.0
봉순이 언니	4.0
어떻게 살 것인가	4.0
누구를 위하여 종은 울리나	4.0
화성에서 온 남자 금성에서 온 여자	3.5
인테리어 디자인 시공 실무	5.0
탈무드	3.5
우리들의 행복한 시간	3.5
심리학으로 보는 조선왕조실록	4.0
스캔들 세계사 3	4.0
당신이 알아야 할 한국사 10	2.5
역사 ⓔ 4	4.0
역사저널 그날 1	4.0
조선 임금 잔혹사	2.5
스캔들 세계사 2	3.5
스캔들 세계사 1	4.0
역사 ⓔ 2	4.0
세계사를 움직이는 다섯 가지 힘	2.5
역사 ⓔ	4.0
언어의 온도	5.0
프렌즈 타이베이	4.0
엄마, 결국은 해피엔딩이야!	3.5
엄마, 일단 가고봅시다!	3.5
스페인, 너는 자유다	3.5
웨하스 의자	2.5
그 여자네 집	3.0
그레이의 50가지 그림자	3.0
빙하에서 살아남기	3.5
오래된 미래	3.0
강남몽	3.5
공항에서 일주일을	2.5
렛미인	4.5
흐르는 강물처럼	3.5
나를 찾아줘	5.0
바람의 화원	4.5
도쿄 기담집	3.0
개를 훔치는 완벽한 방법	5.0
식객	5.0
연어	4.5
뿌리 깊은 나무 1	4.0
어두운 상점들의 거리	4.0
싸드 THAAD	2.0
은밀하게 위대하게	3.0
돈으로 살 수 없는 것들	4.5
1cm 첫 번째 이야기	3.5
악의 교전	3.0
청춘의 문장들	4.5
독서 천재가 된 홍대리	3.5
지문사냥꾼	3.0
센트럴파크	4.0
안나라수마나라	4.5
그 후에	4.5
신과 함께 : 신화편	4.0
미생	5.0
살인의 해석	4.0
시간을 달리는 소녀	3.5
검은 집	5.0
내일	4.5
파페포포 투게더	5.0
끌림 (리커버에디션)	5.0
선천적 얼간이들	4.5
아낌없이 주는 나무	4.0
사랑을 찾아 돌아오다	3.5
당신 없는 나는?	3.5
연어	4.0
여행의 기술	3.5
잘못은 우리 별에 있어	3.0
조제와 호랑이와 물고기들	4.5
방황하는 칼날	4.5
카네기 인간관계론	3.5
퇴마록 : 국내편	3.5
쥐	5.0
천년의 금서	3.0
이윤기의 그리스 로마 신화	3.5
파페포포 메모리즈	5.0
천사의 부름	4.5
신과 함께 : 이승편	4.0
베르베르 독자들이 쓴 나무 2	3.0
화차	5.0
우아한 거짓말	4.0
마당을 나온 암탉	4.5
7년 후	4.5
신과 함께 : 저승편	4.5
예감은 틀리지 않는다	5.0
마션	5.0
내 옆에 있는 사람	4.5
바람이 분다 당신이 좋다	4.5
허삼관 매혈기	4.5
박사가 사랑한 수식	4.5
플라이, 대디, 플라이	4.5
소설가 구보씨의 일일	4.5
나니아 연대기	5.0
백야행	4.5
꾸뻬 씨의 행복 여행	5.0
종이 여자	4.5
눈먼 자들의 도시	4.0
모리와 함께한 화요일	4.0
냉정과 열정사이 Blu	5.0
냉정과 열정사이 Rosso	5.0
지도 밖으로 행군하라	4.5
당신, 거기 있어 줄래요?	4.0
젊은 베르테르의 슬픔	4.0
구해줘	5.0
빅 픽처	4.0
운수 좋은 날 「현진건」	4.0
완득이	4.0
모모	4.0
우리들의 일그러진 영웅	4.0
삼국지	5.0
파페포포 안단테	5.0
무궁화 꽃이 피었습니다	4.0
오만과 편견	4.0
스물아홉 생일, 1년 후 죽기로 결심했다	5.0
뇌	4.0
사랑손님과 어머니	4.0
신경림의 시인을 찾아서	3.0
광수생각	3.0
정민 선생님이 들려주는 한시 이야기	4.5
왜 나는 너를 사랑하는가	5.0
어린 왕자	5.0
가방 들어주는 아이	4.0
경제학 콘서트	5.0
나의 라임 오렌지나무	5.0
오체 불만족	4.0
영화로 만나는 치유의 심리학	2.5
씨네샹떼	4.0
문제는 무기력이다	3.0
공산당선언	5.0
말의 품격	4.0
다시, 책은 도끼다	5.0
에디톨로지	4.0
스키너의 심리상자 열기	4.0
시민의 교양	5.0
여덟 단어	5.0
나의 문화유산답사기 	5.0
책은 도끼다	5.0
지적 대화를 위한 넓고 얕은 지식 : 현실 세계 편	5.0
먼나라 이웃나라	5.0
미시경제학	4.5
당신의 조각들	4.0
그림 속 경제학	5.0
대성당	3.5
자본주의 사용설명서	4.5
박종훈의 대담한 경제	3.0
코스모스	3.5
야경	4.0
오페라의 유령	4.0
이방인	4.0
죽은 왕녀를 위한 파반느	4.0
향수	4.0
사랑의 기술	4.0
멋진 신세계	4.5
역사란 무엇인가	4.0
공중그네	5.0
오 해피 데이	4.5
스무 살, 도쿄	5.0
현의 노래	4.5
남한산성	5.0
칼의 노래	5.0
허클베리 핀의 모험	4.0
노인과 바다	4.5
안나 카레니나	5.0
나쁜 사마리아인들	4.5
그들이 말하지 않는 23가지	4.5
장하준의 경제학 강의 (반양장)	4.5
맨큐의 경제학	5.0
천 번을 흔들려야 어른이 된다	2.0
검은 꽃	4.5
빛의 제국	3.5
나는 나를 파괴할 권리가 있다	3.5
옥수수와 나	3.5
보다	4.0
읽다	4.0
규장각 각신들의 나날	4.5
해를 품은 달	4.5
노르웨이의 숲	5.0
무라카미 하루키 잡문집	3.5
잠	3.0
애프터 다크	4.0
철학이 필요한 시간	3.5
강신주의 다상담 2	4.5
강신주의 다상담 1	4.5
강신주의 다상담 3	5.0
해리 포터와 죽음의 성물	4.5
해리 포터와 불사조 기사단	4.0
해리 포터와 아즈카반의 죄수	3.5
해리 포터와 불의 잔	4.0
카산드라의 거울	4.0
상대적이며 절대적인 지식의 백과사전	4.0
거꾸로 읽는 세계사	4.5
유시민의 경제학 카페	4.5
유시민의 논술 특강	3.5
유시민의 글쓰기 특강	4.5
표현의 기술	3.5
국가란 무엇인가	4.0
용의자 X의 헌신	4.5
탐정 갈릴레오	4.0
악의	4.0
범인 없는 살인의 밤	4.0
졸업	4.0
거짓말, 딱 한 개만 더	4.0
교통경찰의 밤	3.5
편지	4.0
명탐정의 규칙	4.0
플래티나 데이터	3.5
명탐정의 저주	4.0
신참자	4.5
매스커레이드 호텔	4.0
패러독스 13	4.0
한여름의 방정식	4.0
그 무렵 누군가	4.0
몽환화	4.0
패럴렐 월드 러브 스토리	4.5
공허한 십자가	3.5
가면 산장 살인 사건	4.0
오사카 소년 탐정단	4.0
너의 이름은.	4.0
아낌없이 주는 나무 외	4.5
마시멜로 두 번째 이야기	4.0
총 균 쇠	4.0
미움받을 용기 2	5.0
아르헨티나 할머니	3.0
우동 한 그릇	4.0
정의란 무엇인가	5.0
나의 한국현대사	3.5
고백	5.0
호밀밭의 파수꾼	4.0
미움받을 용기	5.0
난장이가 쏘아올린 작은 공	4.5
1984	4.0
무의미의 축제	2.5
나무	4.5
데미안	4.5
나는 고양이로소이다	3.0
내가 사랑한 유럽 TOP10	4.5
지적 대화를 위한 넓고 얕은 지식 : 현실 너머 편	5.0
7년의 밤	3.0
두근두근 내 인생	4.5
죽을 때 후회하는 스물다섯 가지	3.0
해리 포터와 비밀의 방	3.5
오베라는 남자	3.5
멈추면, 비로소 보이는 것들	4.0
인간 실격	3.5
창문 넘어 도망친 100세 노인	4.0
설국	3.5
그리고 아무도 없었다	4.5
신	4.0
톨스토이 단편선	4.0
해리 포터와 혼혈왕자	4.0
도가니	4.0
아홉살 인생	5.0
엄마를 부탁해	5.0
연금술사	5.0
참을 수 없는 존재의 가벼움	5.0
미 비포 유	4.0
동물농장	4.5
그리스인 조르바	4.5
위대한 개츠비	5.0
오두막 (100쇄 기념 특별판 리커버)	5.0
다 빈치 코드	4.0
강신주의 감정수업	4.5
조선왕조실톡	5.0
말하다	4.5
1Q84	4.5
색채가 없는 다자키 쓰쿠루와 그가 순례를 떠난 해	4.5
해리 포터와 마법사의 돌	4.0
정글만리	4.0
여자 없는 남자들	4.0
수학, 인문으로 수를 읽다	3.0
누가 내 치즈를 옮겼을까?	4.5
나미야 잡화점의 기적	5.0
하늘과 바람과 별과 詩	4.0
하버드 새벽 4시 반	3.0
1cm+ 일 센티 플러스	4.5
성균관 유생들의 나날	4.5
파피용	4.0
파라다이스	4.0
하악하악	3.5
에드워드 툴레인의 신기한 여행	4.5
닥치고 정치	3.5
마시멜로 이야기	4.0
정재승의 과학 콘서트	3.5
살인자의 기억법	5.0
오직 두 사람	3.5
어디선가 나를 찾는 전화벨이 울리고	4.0
아프니까 청춘이다	1.5
가시고기	4.0