﻿사양	3.5
다른 길	3.0
호밀밭의 파수꾼	2.0
마음	4.0
변신.시골의사	3.0
지적 대화를 위한 넓고 얕은 지식 : 현실 세계 편	3.0
서른 살이 심리학에게 묻다	3.0
나의 문화유산답사기 9 : 서울편 	3.5
궁궐의 우리 나무	3.5
부활	3.0
립반윙클의 신부	3.0
Ho! 1	3.0
네가 나를 사랑하느냐	3.0
내겐 사랑만 남았다	3.5
준비된 2인자	3.5
꿈꾸는 자가 오는도다	3.5
고스트 바둑왕	4.0
어메이징 그래비티	3.0
운명이다	4.0
소설가의 일	3.5
언페어	3.0
눈물은 왜 짠가	3.5
나는 고양이로소이다	4.0
삼국전투기	4.0
송곳	4.0
사진에 관하여	3.0
1984	5.0
십자군 이야기 	4.0
자포니카 자유 공책	3.0
미생	4.0
제시의 일기	3.5
보다	3.5
아웃라이어	3.0
디자인에 집중하라	4.0
폰트의 비밀	4.0
실종 일기	3.5
나, 스티븐 호킹의 역사	3.0
파도가 바다의 일이라면	3.0
아크라 문서	3.0
초협력자	2.0
트렌드 코리아 2015	2.0
천 번을 흔들려야 어른이 된다	2.0
노르웨이의 숲	3.0
색채가 없는 다자키 쓰쿠루와 그가 순례를 떠난 해	3.5
정글만리	3.0
김원중 교수의 명품 고전 선집 - 전5권	4.0
간송 전형필	3.5
콰이어트 Quiet	3.5
광해, 왕이 된 남자	3.5
디맨드 Demand	3.5
나의 상처는 돌 너의 상처는 꽃	3.5
레미제라블	4.5
쥐	4.0
세상에 예쁜 것	4.0
못 가본 길이 더 아름답다	4.5
지성에서 영성으로	4.0
살아온 기적 살아갈 기적	3.5
래디컬	3.0
글로벌 코스모폴리탄	3.0
국가란 무엇인가	3.5
국가론	3.0
군주론	4.0
꿈의 해석	2.0
인간	3.0
수학선생님도 몰래 보는 수학책	3.0
정의란 무엇인가	3.5
체 게바라 평전	3.5
시골의사 박경철의 자기혁명	4.0
고등어	3.0
허수아비춤	3.0
화폐전쟁	3.5
뿌리 깊은 나무 1	4.0
아프니까 청춘이다	3.0
목욕의 신	3.5
삼국지 교양강의	3.0
개념없음	3.0
에너지 버스	3.0
오바마 이야기	3.0
오래된 미래	4.0
약속된 장소에서	3.5
언더그라운드	5.0
박사가 사랑한 수식	3.5
엄마를 부탁해	4.0
기생수	4.5
내려놓음	3.5
그동안 당신만 몰랐던 스마트한 실수들	3.5
조선 왕을 말하다 2	3.5
조선 왕을 말하다	3.5
한 권으로 읽는 조선왕조실록	3.5
나니아 연대기	5.0
로마인 이야기 	4.0
브리다	3.5
포르토벨로의 마녀	3.5
닉 부이치치의 허그(HUG)	3.5
카산드라의 거울	3.0
파피용	3.5
파라다이스	3.5
남한산성	3.5
1Q84	4.5
삼국유사	4.0
명심보감	3.0
손자병법	3.5
시골의사의 아름다운 동행 1	4.0
가르시아 장군에게 보내는 편지	3.5
지식 e - 시즌 1	3.0
시크릿	3.0
모모	4.0
교과서를 만든 과학자들	3.5
미운오리새끼의 출근	4.0
목적이 이끄는 삶	3.5
탈무드	3.0
아침형 인간	2.0
베르베르 독자들이 쓴 나무 2	2.0
나무	4.0
무소유	3.5
달라이 라마의 행복론	3.5
동물농장	4.0
세계사 편력	4.0
지도 밖으로 행군하라	3.0
삼국지	4.5
GTO 애장판	3.0
칭찬은 고래도 춤추게 한다	3.0
다영이의 이슬람 여행	4.0
아이실드21	3.0
수학귀신	3.0
연금술사	3.0