﻿시구루이	4.0
현대어판 하늘과 바람과 별과 시 (양장) : 육필원고 표지 디자인	5.0
이방인	4.5
연인 서태후	5.0
유시민의 글쓰기 특강	4.0
메모의 기술	3.5
어린 왕자	5.0
데스 노트 Death Note	4.0
명탐정 코난	3.0
바람의 검심	5.0
Let's Go!! 이나중 탁구부	4.0
짱	4.0
키드갱	5.0
기생수	4.0
강철의 연금술사	3.0
헬싱	5.0
필사의 기초	5.0
저, 죄송한데요	4.0
사랑의 몽타주	5.0
창천항로	5.0
최유기 1	5.0
더 파이팅 The Fighting	5.0
식객	4.5
파페포포 레인보우	4.0
폭렬 갑자원	5.0
크로우즈	5.0
워스트 Worst 1	5.0
워스트	5.0
크로우즈 완전판 외전	5.0
크로우즈	5.0
GTO 애장판	5.0
진격의 거인	5.0
프리스트	5.0
만화로 보는 그리스 로마 신화	5.0
어린왕자	5.0
원피스 ONE PIECE	5.0
나루토 Naruto	5.0
원펀맨 One Punch Man	5.0
미생	5.0
리얼 Real	5.0
베르세르크	5.0
슬램덩크	5.0
배가본드	5.0
우리들의 일그러진 영웅	5.0
괭이부리말 아이들	5.0
우리는 분위기를 사랑해	3.0
우리들의 파리가 생각나요	5.0
파피용	5.0
어린왕자 두 번째 이야기	4.0
브리다	4.0
그 후에	3.0
당신 없는 나는?	4.0
사랑하기 때문에	5.0
나는 빠리의 택시운전사	4.0
세 명의 사기꾼	5.0
그림자 정부 -	5.0
그림자 정부 (경제편)	5.0
그림자 정부 (정치편)	4.0
그림자 정부 (미래사회편)	2.0
그림자 정부	5.0
그림자 정부	5.0
연탄길	4.5
아홉살 인생	3.5
꾸뻬 씨의 행복 여행	5.0
파페포포 다이어리	3.0
종이 여자	4.0
지적 대화를 위한 넓고 얕은 지식 : 현실 너머 편	3.0
탈무드	3.0
시크릿	2.5
하악하악	5.0
당신, 거기 있어 줄래요?	4.0
구해줘	4.5
가시고기	5.0
데미안	5.0
나의 라임 오렌지나무	5.0
연금술사	5.0
어린 왕자	5.0
