﻿공부머리 독서법	4.0
유시민의 글쓰기 특강	4.0
기본 수학의 정석 수학 1 (2017년용)	2.0
만약 고교야구 여자 매니저가 피터 드러커를 읽는다면	3.0
살인자의 기억법	3.0
마리오네트의 고백	3.5
아르테미스	3.5
블라인드 사이트	3.0
바이탈 사인	3.5
킬러 안데르스와 그의 친구 둘	3.5
나쁜 소녀의 짓궂음	4.0
너무 예쁜 소녀	3.0
슬램덩크	5.0
남자의 향기	1.5
버즈	2.0
호박방	1.0
나는 나를 파괴할 권리가 있다	4.0
편지	3.5
우리 읍내	3.5
줄리 아씨	4.0
코미디 중심의 시나리오 쓰기	3.5
비평의 해부	4.0
Story 시나리오 어떻게 쓸 것인가	4.5
작가의 글쓰기	3.5
희곡작법	4.0
세상의 모든 코미디	2.5
시학	4.0
인간의 마음을 사로잡는 스무 가지 플롯	4.0
감기	3.5
작은 토끼야 들어와 편히 쉬어라	4.0
정의의 사람들	4.0
보수를 팝니다	3.0
달려라 정봉주	3.5
닥치고 정치	4.0
아서 밀러 희곡집	3.5
아마데우스	4.0
대머리 여가수	3.5
욕망이라는 이름의 전차	4.0
셰익스피어 4대 비극	4.0
캐비닛	2.5
엘리베이터에 낀 그 남자는 어떻게 되었나	4.0
톨스토이 단편선	4.0
마돈나	3.0
달팽이 식당	2.0
면장 선거	2.5
퇴마록 : 국내편	3.5
아버지	2.5
먼나라 이웃나라	1.5
상도 	3.0
에쿠우스	4.5
느릅나무 밑의 욕망	4.0
밤으로의 긴 여로	5.0
28	4.0
타나토노트	4.0
기억을 잃어버린 앨리스	3.5
수영하는 사람	2.5
집오리와 들오리의 코인로커	4.0
구름속의 죽음	4.0
Y의 비극	4.0
반지의 제왕	4.5
살았더라면	3.0
널 떠나지 않았더라면	4.0
나는 오랫동안 그녀를 꿈꾸었다	4.5
너는 모른다	4.0
이케아 옷장에 갇힌 인도 고행자의 신기한 여행	3.0
사람의 향기	3.5
우렁각시는 알까?	4.5
당신의 왼편	4.0
수비의 기술 1	3.5
내 러시아 할머니의 미제 진공청소기	3.0
1026	1.5
싸드 THAAD	2.0
삼오식당	3.5
바람을 뿌리는 자	3.5
백설공주에게 죽음을	4.0
허즈번드 시크릿	3.0
고령화 가족	4.0
유쾌한 하녀 마리사	3.5
고래	5.0
달려라, 아비	4.0
내 슬픈 창녀들의 추억	3.5
삼국지	5.0
마이너리그	4.0
마지막 춤은 나와 함께	3.5
타인에게 말걸기	4.0
아름다움이 나를 멸시한다	3.5
새의 선물	5.0
황만근은 이렇게 말했다	3.5
더블 - 전2권	3.5
죽은 왕녀를 위한 파반느	4.0
핑퐁	3.5
카스테라	4.5
삼미 슈퍼스타즈의 마지막 팬클럽	5.0
지구영웅전설	4.0
장국영이 죽었다고?	3.0
갈팡질팡하다가 내 이럴 줄 알았지	4.0
최순덕 성령충만기	3.5
외딴방	4.5
냉정과 열정사이 Blu	4.0
신	3.5
참을 수 없는 존재의 가벼움	4.0
마션	4.5
걸 온 더 트레인	4.0
지도와 영토	4.0
복종	3.0
아르헨티나 할머니	3.0
아리랑	5.0
정글만리	4.0
태백산맥	5.0
토지 	5.0
당신 없는 나는?	3.0
내일	4.0
센트럴파크	3.0
위험한 관계	4.0
모멘트	4.5
템테이션	4.0
리빙 더 월드	3.5
더 잡	3.5
스테이트 오브 더 유니언	4.0
탐정 갈릴레오	2.5
셈을 할 줄 아는 까막눈이 여자	4.0
울 준비는 되어 있다	2.5
장미 비파 레몬	3.5
포옹 혹은 라이스에는 소금을	4.0
빨간 장화	3.5
맨드라미의 빨강 버드나무의 초록	3.0
마미야 형제	3.0
도쿄 타워	3.5
사요나라 사요나라	4.0
악인	4.0
첫사랑 온천	2.5
캐러멜 팝콘	3.5
퍼레이드	4.0
동경만경	3.5
하드보일드 하드 럭	2.5
낙하하는 저녁	4.0
콜레라 시대의 사랑	3.5
발로 차 주고 싶은 등짝	2.5
사랑을 말해줘	4.0
인형의 집	3.5
두근두근 내 인생	3.0
오리엔트 특급살인	3.5
아내가 결혼했다	2.5
읽어보시집	1.5
왜란 종결자	3.5
허삼관 매혈기	3.5
반짝반짝 빛나는	4.0
그리고 아무도 없었다	4.0
사랑하기 때문에	3.0
미 비포 유	3.5
고도를 기다리며	4.0
도가니	3.5
키친	3.0
냉정과 열정사이 Rosso	4.0
무궁화 꽃이 피었습니다	2.5
구해줘	3.5
당신, 거기 있어 줄래요?	3.5
빅 픽처	4.5
봄.봄 「김유정」	4.0
운수 좋은 날 「현진건」	4.0
박사가 사랑한 수식	3.0
오베라는 남자	5.0
7년의 밤	4.0
베로니카, 죽기로 결심하다	3.5
나미야 잡화점의 기적	5.0
창문 넘어 도망친 100세 노인	4.5
뇌	3.5
우리들의 행복한 시간	3.0
나무	3.5
연금술사	4.0
다 빈치 코드	4.0
