﻿작별	3.5
계속되는 무	4.0
안톤 체호프 단편선	3.5
소로의 야생화 일기	4.0
개인주의자 선언	2.5
느림	5.0
님의 침묵	3.0
호모 데우스	4.0
나라타주	2.0
혁명하는 여자들	4.0
어디로 가고 싶으신가요 Where Would You Like To Go?	3.5
퇴근 Homecoming	2.0
나의 개인주의 외	2.5
르 코르뷔지에의 사유	4.5
리스본행 야간열차 (윈터 리미티드 에디션)	4.0
베를린 일기	3.0
제인 에어 	2.0
만들어진 신	2.5
인간적인 너무나 인간적인	4.5
아르헨티나 사람들의 언어	4.5
생각의 탄생	2.0
라틴어 수업	2.0
백년 동안의 고독	4.0
시간의 향기	4.0
빛 혹은 그림자	3.0
서른, 잔치는 끝났다	4.0
대성당	2.0
당신의 이름을 지어다가 며칠은 먹었다	2.5
알렙	3.5
그리스인 조르바	4.0
입 속의 검은 잎	4.5
타임머신	3.0
블랙코미디	0.5
투명 인간	2.0
돈키호테	4.5
예감은 틀리지 않는다	2.0