﻿백의 그림자	3.5
낙하하는 저녁	3.0
후르츠 바스켓	4.0
유미의 세포들	3.0
향수	3.5
82년생 김지영	3.5
이토록 보통의	3.5
냄새를 보는 소녀	3.5
죽는 남자	3.0
피노키오	2.0
이끼	3.5
남과 여 1	4.0
버스데이 걸	2.5
어린 왕자	4.0
바깥은 여름	3.5
블랙코미디	3.0
파라다이스	5.0
꽃보다 남자	3.0
엠마	4.0
베르사이유의 장미	4.0
신 암행어사 1	4.0
고스트 바둑왕	3.0
후르츠 바스켓	4.0
한낮의 유성 	3.5
마린 블루스 2	2.5
파라다이스 키스 Paradise Kiss 디럭스 에디션	4.0
다이어터 3 : 건강지속 편	3.0
저녁 같이 드실래요? 1	3.0
4월은 너의 거짓말	4.0
운다고 달라지는 일은 아무것도 없겠지만	4.0
오리진 : 세상 모든 것의 기원 1. 보온	3.0
개기면 죽는다	1.0
내 남자친구에게	2.5
늑대의 유혹	2.0
도레미파솔라시도	2.5
그 놈은 멋있었다	1.5
속죄	3.5
좋아하면 울리는 1	4.0
노다메 칸타빌레	3.5
옆자리 괴물군 1 2 3 4	4.0
담요	4.0
플랫 1	4.0
낮비 1	4.0
벡 Beck 1	4.5
삼봉이발소	3.5
불면증	3.0
황제의 외동딸	2.0
마녀	3.0
그대를 사랑합니다	3.0
바보	3.0
타이밍	4.0
26년	3.5
너와 나	3.5
사랑해	3.0
밤을 걷는 선비	3.0
너에게 닿기를	3.5
물에 빠진 나이프	4.0
퀴퀴한 일기	5.0
호리미야	4.0
키스 KISS 애장판	3.5
눈부시도록	3.0
달콤한 남자	3.0
스킵 비트!	3.5
카페 알파	3.5
바나나 피시 Banana Fish	4.0
오디션	4.0
디비디 DVD	5.0
하이힐을 신은 소녀	4.0
예쁜 남자	4.0
오디션	4.0
H2 오리지널	4.0
엿보기 구멍 1	3.0
20세기 소년	5.0
아오하라이드	3.0
강철의 연금술사	5.0
몬스터	5.0
기생수	4.0
데스 노트 Death Note	3.5
슬램덩크	4.5
하악하악	2.5
홀리 가든	3.0
7월 24일 거리	3.0
월리를 찾아라! 	5.0
도쿄 타워	3.0
낙하하는 저녁	3.0
뉴문	3.5
한없이 투명에 가까운 블루	3.5
얼굴 빨개지는 아이	3.5
적의 화장법	3.0
키친	3.0
공중그네	3.0
냉정과 열정사이 Rosso	4.0
냉정과 열정사이 Blu	4.0
어린 왕자	4.0
시간 있으면 나 좀 좋아해줘	3.0
데미지	3.0
당신의 과거를 지워드립니다	3.0
당신, 거기 있어 줄래요?	2.0
굿바이, 욘더	3.0
김태훈의 러브 토크	2.0
빵가게를 습격하다	3.0
이상한 도서관	3.0
피버 피치	3.0
낮잠형 인간	3.5
결혼하지 않아도 괜찮을까?	4.0
내가 정말 원하는 건 뭐지?	4.0
주말엔 숲으로	4.0
은밀하게 위대하게	3.5
다이어터 2 : 운동적응기 편	4.0
다이어터 1 : 식이조절 편	4.0
신과 함께 : 저승편	4.0
신과 함께 : 이승편	3.0
신과 함께 : 신화편	3.0
조선왕조실톡	3.0
연애혁명	2.5
미생	5.0
죽음에 관하여	4.0
살인자ㅇ난감 -	4.5
치즈 인 더 트랩	3.5
S라인	5.0
인연	4.0
모두에게 해피엔딩	4.0
일곱가지 색깔로 내리는 비	2.5
홍도	3.0
캐비닛	4.0
잠자기 전 읽기만 해도 나쁜 기분이 사라지는 마음의 법칙 26	2.0
희랍어 시간	5.0
서랍에 저녁을 넣어 두었다	3.0
지금, 만나러 갑니다	4.0
파페포포 레인보우	2.0
GO	3.0
슬픔치약 거울크림	3.0
육체쇼와 전집	4.0
이갈리아의 딸들	5.0
플라이, 대디, 플라이	3.0
예감은 틀리지 않는다	5.0
고래	5.0
오페라의 유령	3.0
템테이션	3.0
너에게 가려고 강을 만들었다	4.0
나는 언제나 옳다	4.0
언제 들어도 좋은 말	4.0
꽃을 보듯 너를 본다	3.0
편의점 인간	3.0
흰	3.5
워터멜론 슈가에서	3.5
세상에서 가장 아름다운 이별	3.0
염소의 맛	4.0
혐오스런 마츠코의 일생	4.0
반짝반짝 빛나는	5.0
구해줘	3.0
폴리나	4.0
나는 나를 파괴할 권리가 있다	3.0
잠	4.0
로지 프로젝트	4.0
보너스 트랙	3.0
그레이의 50가지 그림자	2.0
브레이킹 던	3.0
이클립스	3.0
트와일라잇	3.0
밤의 피크닉	3.0
개포동 김갑수씨의 사정	3.0
눈사람 여관	5.0
보통의 존재 	4.0
지금 사랑하지 않는 자, 모두 유죄	3.0
베르나르 베르베르의 상상력 사전	4.0
왜 나는 너를 사랑하는가	4.0
내 심장을 쏴라	5.0
양지의 그녀	3.0
하느님의 보트	4.0
셜록 홈즈 : 실크 하우스의 비밀	3.5
레벌루션 No.3	3.0
내 영혼이 따뜻했던 날들	3.0
고백	5.0
새의 선물	5.0
황태자비 납치사건	2.5
낯익은 세상	3.0
열정, 같은 소리 하고 있네	3.0
규장각 각신들의 나날	3.0
비즈니스	3.5
소년을 위로해줘	3.0
서울 시	3.0
빅 픽처	3.0
오체 불만족	3.0
7년의 밤	4.5
가시고기	3.0
위대한 개츠비	4.0
아프니까 청춘이다	2.0
박사가 사랑한 수식	3.5
완득이	3.0
향수	3.5
노르웨이의 숲	4.0
용의자 X의 헌신	2.5
난장이가 쏘아올린 작은 공	3.0
해변의 카프카	4.5
다 빈치 코드	3.0
1Q84	4.5
누가 내 치즈를 옮겼을까?	3.0
연금술사	4.0
28	5.0
SPEED	3.0
살인자의 기억법	4.0
성균관 유생들의 나날	2.5
