﻿슈독 : 나이키 창업자 필 나이트 자서전	4.0
실리콘밸리를 그리다	4.0
학교에서 가르쳐주지 않는 일본사	4.5
손정의 300년 왕국의 야망	4.0
Diplomacy	4.5
헨리 키신저의 중국 이야기	3.0
구글은 어떻게 일하는가	4.0
일론 머스크, 미래의 설계자	4.5
스티브 잡스	4.5
장병규의 스타트업 한국	4.0
카운터스	3.0
광수생각	4.0
아웃라이어	3.5
노르웨이의 숲	3.5
마시멜로 이야기	3.0
넥스트 머니 비트코인	4.0
트렌드 코리아 2012	4.0
세계는 평평하다	4.0
비즈니스 모델의 탄생	3.5
트렌드 코리아 2013	4.0
직장인을 위한 긍정의 힘 성공편	1.0
트렌드 코리아 2014	3.5
나는 왜 이 일을 하는가?	4.0
화폐전쟁 2	4.0
나는 세계 일주로 자본주의를 만났다	2.5
일본전산 이야기	3.0
온워드 Onward	3.0
빅데이터, 경영을 바꾸다	3.0
제로 투 원	3.0
화폐전쟁	4.5
화폐전쟁	4.0
부자 아빠 가난한 아빠 	3.5
종이 여자	3.0
모리와 함께한 화요일	3.0
데스 노트 Death Note	4.0
냉정과 열정사이 Blu	5.0
냉정과 열정사이 Rosso	5.0
먼나라 이웃나라	5.0
슬램덩크	5.0
시크릿	1.5
정의란 무엇인가	3.0
빅 픽처	5.0
아프니까 청춘이다	4.0
1Q84	3.5
다 빈치 코드	5.0
총 균 쇠	5.0
엄마를 부탁해	4.5
자존감 수업	4.0
아침형 인간	2.5
그릿 GRIT	2.5
연금술사	3.5
나무	3.0
