﻿이방인	4.5
시지프 신화	5.0
정글북	3.5
Matilda	4.0
멋진 여우 씨	3.5
Fantastic Mr. Fox	3.5
내 친구 꼬마 거인	4.0
The BFG	4.0
찰리와 거대한 유리 엘리베이터	3.5
제임스와 슈퍼 복숭아	4.0
멍청씨 부부 이야기	3.0
마틸다 (반양장)	4.0
거울나라의 앨리스	4.0
기묘한 사람들	3.5
영혼의 도서관	3.5
할로우 시티	3.5
페러그린과 이상한 아이들의 집	3.5
굴 소년의 우울한 죽음	4.0
찰리와 초콜릿 공장 	5.0
큰 물고기	3.0
혹성 탈출	3.5
아이, 로봇	3.5
슬리피 할로의 전설	4.0
배트맨 허쉬	3.0
프랑켄슈타인	4.0
자기 앞의 생	5.0
데미안	5.0
