﻿B사감과 러브레터	5.0
무진기행	5.0
카운트 제로	3.5
아키라 AKIRA	5.0
회계원리	4.0
세광 소나티네 앨범	3.5
바이러스에서 살아남기	5.0
친구들에게 인기 있는 아이 인기 없는 아이	5.0
배틀로얄	5.0
시마 회장 1	5.0
시마과장	5.0
이토준지 공포박물관	5.0
경험으로서의 예술	5.0
시마계장 1	5.0
시마사장 1	5.0
시마전무	5.0
시마 상무 1 4	5.0
사원시마	5.0
시마이사 	5.0
시마부장	5.0
나의 지구를 지켜줘	2.0
	5.0
완득이	3.0
이말년 씨리즈	5.0
꼬마 요리 천재 산해와 진미	3.0
빈대 가족의 천원으로 살아남기	3.0
빈대 가족의 절약 무한도전	3.0
조이라이드	1.0
카프카 단편집	5.0
기형도 전집	5.0
국어 치열하게 독하게 (2015년)	5.0
기본 수학의 정석 미적분 1 (2017년용)	1.0
기본 수학의 정석 수학 1 (2017년용)	0.5
어휘끝 5.0	5.0
양파의 왕따일기	3.0
으악! 너무 너무 무섭다!	3.0
엿보기 구멍 1	4.0
뚱보, 내 인생	3.0
나쁜 어린이표	4.0
공룡둘리에 대한 슬픈 오마주	2.5
사막에서 살아남기	3.0
재앙의 쥐라기에서 탈출하라	3.0
아마존에서 살아남기	3.0
무인도에서 살아남기	3.0
빙하에서 살아남기	3.0
초원에서 살아남기	3.0
신 신 DIEU DIEU	4.0
막연한 기대와 몽상에 대한 반역	3.0
쵸비츠	3.0
매디슨 카운티의 다리	4.0
미생	3.0
그 후	4.0
삼포 가는 길	4.0
솔라리스	4.0
어둠의 목소리 궤담	3.5
공포의 물고기	5.0
토미에 PART 소이치의 일기	5.0
봉인된 시간	3.0
만화로 보는 영화의 역사	5.0
언젠가 세상은 영화가 될 것이다	2.0
아나키에서 유토피아로	5.0
노예의 길	5.0
강남 좌파	3.0
정의론	5.0
나의 투쟁	5.0
철학이란 무엇인가	2.0
영화로 철학하기	3.0
철학의 책	3.5
파이돈	3.5
프로파간다	4.0
리바이어던	5.0
강신주의 감정수업	0.5
라쇼몬	5.0
동굴에서 살아남기	3.5
소송	5.0
지진에서 살아남기	4.0
하늘과 바람과 별과 詩 필사책	5.0
화산에서 살아남기	4.0
꿈의 해석	3.5
삼대	4.0
눈뜬 자들의 도시	2.0
예지몽	3.5
바보 빅터	0.5
서울, 1964년 겨울	5.0
봄봄	5.0
아Q정전	5.0
방황하는 칼날	5.0
감자	4.0
메밀꽃 필 무렵	5.0
무진기행 「김승옥」	5.0
붉은 손가락	3.0
입 속의 검은 잎	5.0
소설가 구보씨의 일일	5.0
어린 왕자	5.0
아낌없이 주는 나무	5.0
변신.시골의사	5.0
무진기행	5.0
타나토노트	5.0
봄.봄 「김유정」	5.0
두근두근 내 인생	1.0
완득이	3.0
용의자 X의 헌신	5.0
괭이부리말 아이들	4.0
오체 불만족	3.0
공리주의	3.0
자유의 적들	5.0
한비자	5.0
운수 좋은 날 「현진건」	5.0
우리들의 일그러진 영웅	3.0
베니스의 상인	3.0
어린 왕자	5.0
노인과 바다	2.5
안네의 일기	3.0
소용돌이 합본판	5.0
지옥별 레미나	3.0
광장/구운몽	5.0
하늘과 바람과 별과 詩	5.0
변신	5.0
페스트	3.0
눈먼 자들의 도시	4.0
세계화의 덫	3.0
스캔들 미술관	5.0
소크라테스의 변명	4.0
군주론	5.0
피로사회	4.5
먼나라 이웃나라	5.0
정의란 무엇인가	5.0
노르웨이의 숲	5.0
차라투스트라는 이렇게 말했다	3.0
동물농장	5.0
인간 실격	5.0
호밀밭의 파수꾼	4.0
엄마를 부탁해	1.0
데미안	3.5
설국	3.5
이방인	3.0
1984	5.0
