﻿사라진 스푼	4.0
굿 라이프	3.0
인생 우화	3.0
중국지리의 즐거움	4.0
어디서 살 것인가	2.5
곰돌이 푸, 행복한 일은 매일 있어	1.5
국가는 왜 실패하는가	3.0
하마터면 열심히 살 뻔했다	3.0
역사의 역사	4.0
아틀라스 중국사	3.0
지금이라도 중국을 공부하라 2	3.5
어스시의 이야기들	2.5
SF 명예의 전당 1 : 전설의 밤	3.0
지금이라도 중국을 공부하라 1	3.0
아트인문학 : 보이지 않는 것을 보는 법	4.5
이만큼 가까운 중국	4.0
라틴어 수업	3.0
바벨2세	4.0
질병의 역사	4.5
까뒤집어본 중국	2.0
나의 한국현대사	4.0
청춘의 독서	3.5
유시민의 경제학 카페	4.5
공포의 외인구단	3.5
오주석의 한국의 美 특강	3.5
인도 : 정치.경제.사회의 모든 것	4.0
경제, 알아야 바꾼다	3.5
독서의 역사	3.0
스티브 잡스	3.5
사상의 자유의 역사	5.0
리타 헤이워드와 쇼생크 탈출	4.5
미술사 아는 척하기	2.5
어린 왕자	4.0
SF 명예의 전당 2 : 화성의 오디세이	2.5
그랜드 투어	3.5
세인트존스의 고전 100권 공부법	2.0
소설 영웅문 제1부 - 몽고의 별	5.0
기본소득이 세상을 바꾼다	2.0
88만원 세대	3.5
조선 자본주의 공화국	3.5
기적을 이룬 나라 기쁨을 잃은 나라	4.0
타인의 고통	3.0
천룡팔부 세트 - 전10권	4.0
묵향	3.0
소설 영웅문 제2부 - 영웅의 별	4.0
정조의 비밀편지	3.0
내 머리로 생각하는 역사 이야기	3.5
세계 최고의 여행기 열하일기 	3.5
마스터 키튼	3.5
주기자 : 주진우의 정통시사활극	3.0
소피의 세계	4.5
노무현은 왜 조선일보와 싸우는가	3.0
노무현 김정일의 246분	3.0
그가 그립다	3.0
조선의 뒷골목 풍경	3.0
박찬욱의 오마주	3.5
문명과 바다	5.0
설득의 심리학	5.0
음식문화의 수수께끼	3.5
Q & A	5.0
통섭	4.0
대한민국이 묻는다	3.0
미쳐야 미친다	3.0
익숙한 절망 불편한 희망	4.0
후불제 민주주의	3.5
북두의 권	3.0
하늘 호수로 떠난 여행	3.0
문재인의 운명	4.0
뉴스의 시대	3.5
장하준의 경제학 강의 (반양장)	4.0
변신 이야기	3.5
카오스	3.0
강신주의 다상담 3	2.0
서양미술사	5.0
운명이다	4.0
월든	3.0
기생충 제국	3.5
그림으로 보는 시간의 역사	2.0
드래곤 볼	4.0
링크	3.0
부자의 경제학 빈민의 경제학	4.0
나의 문화유산답사기 	5.0
육식의 종말	2.0
은하영웅전설	4.0
죽음의 밥상	5.0
먼나라 이웃나라	3.0
문명의 충돌	3.0
슬램덩크	5.0
호모 루덴스	3.5
아낌없이 주는 나무	4.0
나쁜 사마리아인들	4.0
유시민의 공감필법	3.5
강의	2.5
지적 대화를 위한 넓고 얕은 지식 : 현실 세계 편	4.0
유시민의 글쓰기 특강	3.5
역사란 무엇인가	3.5
타인보다 더 민감한 사람	5.0
꼬마 니콜라	3.5
시마과장	3.5
인류의 기원	4.0
대한민국 개조론	4.0
국가란 무엇인가	4.0
신도 버린 사람들	3.5
21세기 자본	4.0
인도, 신화로 말하다	1.0
다윈의 서재	3.5
시민의 교양	3.5
오래된 미래	3.0
강신주의 다상담 2	3.5
영혼들의 여행	3.0
필름 속을 걷다	3.5
왜 세계의 절반은 굶주리는가?	5.0
50년간의 세계일주	3.0
지금 다시, 헌법	4.0
이기적 유전자	4.0
꿈의 해석	3.0
몬테크리스토 백작	4.0
거꾸로 읽는 세계사	4.0
표현의 기술	2.5
사기 열전	4.0
정의란 무엇인가	5.0
세상에서 가장 재미있는 세계사	4.0
침묵의 봄	4.0
강신주의 다상담 1	3.0
거의 모든 것의 역사	4.0
인문의 바다에 빠져라 2	3.5
닥치고 정치	4.0
총 균 쇠	5.0
내가 사랑한 유럽 TOP10	2.5
지적 대화를 위한 넓고 얕은 지식 : 현실 너머 편	4.0
코스모스	5.0
부자 아빠 가난한 아빠 	2.0
어떻게 살 것인가	4.0
탈무드	4.0
사피엔스	4.5
