﻿박시백의 조선왕조실록 1	4.5
정열맨	5.0
자전거 도둑	3.5
대털	5.0
명탐정 코난	3.5
꽃	4.0
시계태엽 오렌지	5.0
배트맨 : 웃는 남자	3.5
용주골 블루스	2.0
반딧불이	4.5
내 이름은 팬더댄스 1	3.0
배가본드	4.5
바람의 검심	4.0
사채꾼 우시지마	5.0
위대한 영화감독들 A To Z	4.0
플라이, 대디, 플라이	4.0
김철수씨 이야기	5.0
만화 9급 공무원	5.0
에드거 앨런 포 소설 전집 2 : 공포 편	5.0
어셔가의 몰락 외	4.0
홍길동전	4.0
나의 히어로 아카데미아 	4.0
코믹 메이플 스토리 오프라인 RPG	1.5
새로 만든 먼나라 이웃나라 1 : 네덜란드	3.5
Why? 똥	3.0
울버린 웨폰 X	0.5
대학일기	3.0
흥부와 놀부	3.0
대한민국 최초의 남성인권운동가, 성재기	5.0
레디 플레이어 원	4.0
무서운 게 딱! 좋아!	3.0
으악! 너무 너무 무섭다!	3.0
역전! 야매요리 1	3.5
스펀지	3.0
나쁜 어린이표	3.0
친구들에게 인기 있는 아이 인기 없는 아이	3.0
니세코이 우리는 위장연애중~!	3.0
도쿄 구울	4.0
암살교실	3.5
나루토 Naruto	4.0
창천의 권	3.0
노트르담의 꼽추	4.0
쌈닭 (책 + 플래시 DVD 1장)	3.0
배트맨 롱 할로윈	4.0
DP 개의 날	4.0
공포의 물고기	3.5
콩, 너는 죽었다	3.0
담요	4.0
소년병 이야기	4.0
죽기 전에 꼭 봐야 할 영화 1001편	3.5
물은 답을 알고 있다	0.5
여우누이	4.0
데빌맨	4.0
수리부엉이	4.0
성폭력을 다시 쓴다	0.5
하비비	4.0
한마 바키	3.0
가로세로 세계사	3.0
오페라의 유령	3.5
꼬마 요리 천재 산해와 진미	3.0
아일랜드	3.0
용의자 X의 헌신	4.0
운수 좋은 날 「현진건」	4.5
호밀밭의 파수꾼	5.0
마지막 수업	4.0
검은 고양이	4.5
창문 넘어 도망친 100세 노인	4.0
체 게바라 평전	4.0
앤서니 브라운의 킹콩	3.0
독고 리와인드	3.0
통 : 비밀	3.0
독고	3.0
스파이더맨 / 데드풀 VOL. 1: 브로맨틱하지 않나요?	3.5
도라에몽 컬러작품집	4.0
도라에몽 플러스	4.0
굴 소년의 우울한 죽음	4.0
용의자 X의 헌신	4.5
돌아온 자살토끼	4.0
티라노사우루스 키우기	2.0
나쁜상사	3.5
미결 	3.0
천적	4.0
이끼	4.5
무빙	3.5
용이	0.5
태극기 휘날리며	3.0
지슬	4.5
사람 냄새 : 삼성에 없는 단 한 가지	4.0
친일영화	4.0
친일 영화의 해부학	3.5
시빌 워 : 어메이징 스파이더맨	2.0
시빌 워	2.0
레미제라블	5.0
제트맨 Zetman	3.5
원펀맨 One Punch Man	4.0
셰익스피어 4대 비극	5.0
대한민국 원주민	4.5
공룡둘리에 대한 슬픈 오마주	4.0
수호지	4.0
이런 영웅은 싫어 1	4.0
마음의 소리	4.0
타이밍	4.0
조명가게	3.5
어게인	4.0
2010 마음의 소리 Ver.1	3.0
그대를 사랑합니다	4.5
영화야 놀자	2.5
바보	4.0
다이어터 3 : 건강지속 편	3.5
일쌍다반사	3.0
전자오락 수호대 3 (일반판)	3.5
전자오락 수호대 2 (일반판)	3.5
나쁜 친구	4.0
나의 목소리를 들어라! 1	3.0
타임 인 조선 -	4.0
오늘밤은 어둠이 무서워요	3.0
아랫집 시누이	3.0
곱게 자란 자식	5.0
생활의 참견	3.0
문유	4.0
외모지상주의 1	1.5
이말년 서유기 1	4.0
2010 마음의 소리 Ver.2	3.0
2011 마음의 소리 Ver.1	3.0
기춘씨에게도 봄은 오는가	3.0
호랭총각전	3.0
입시명문 사립 정글고등학교	3.5
아이들의 권선생님	3.0
야밤의 공대생 만화	5.0
피라미드에서 살아남기	3.5
진시황릉에서 살아남기	3.5
죠죠의 기묘한 모험	4.5
안녕? 자두야!! 1 2 3 4 5 10 11 12 13 8 14 6	4.0
로닌 Ronin	4.0
울버린	4.0
돌아온 럭키 짱 1	0.5
에드거 앨런 포 단편선	4.5
에드거 A. 포 단편선	4.5
미라클 맨 Book 1	3.5
돌아온 방랑의 미식가	4.0
헌터x헌터 HunterXHunter	4.5
목걸이	5.0
태일이	3.5
방관자	4.0
1945, 철원	4.0
살인자의 기억법	4.5
잃어버린 시간을 찾아서	4.0
26년	4.5
아파트	3.0
100℃	4.0
만화로 보는 영화의 역사	3.5
닥터 스트레인지 : 서약	3.0
패션왕	3.0
삽질의 시대	4.5
3단합체 김창남	4.0
목욕의 신	4.5
방과 후 전쟁활동	4.0
윌유메리미	4.0
오무라이스 잼잼	3.5
삼봉이발소	4.0
갓 오브 하이스쿨	2.5
단지	4.0
용이 산다 2	1.5
이말년 씨리즈 2	5.0
이말년 씨리즈	5.0
실질객관동화	3.5
당신의 모든 순간	3.5
결혼해도 똑같네 1	4.0
결혼해도 똑같네 Plus	4.0
무한동력 1	4.5
짬 시즌 2	4.0
짬	4.0
드래곤 볼	4.5
미스터 초밥왕	3.5
아! 팔레스타인 1	4.0
위기탈출 넘버원 13	3.0
위기탈출 넘버원	4.0
뉴질랜드에서 보물찾기	3.0
멕시코에서 보물찾기	2.0
스위스에서 보물찾기	3.0
쿠바에서 보물찾기	2.5
베트남에서 보물찾기	3.0
프랑스에서 보물찾기	3.0
남아공에서 보물찾기	2.5
스페인에서 보물찾기	3.0
영국에서 보물찾기	3.0
태국에서 보물찾기	3.0
중국에서 보물찾기	3.0
일본에서 보물찾기	3.5
미국에서 보물찾기	2.5
러시아에서 보물찾기	3.0
고구려시대 보물찾기 1	3.0
이라크에서 보물찾기	4.0
독일에서 보물찾기	3.0
인도에서 보물찾기	3.0
브라질에서 보물찾기	3.0
호주에서 보물찾기	3.0
그리스에서 보물찾기	3.0
네덜란드에서 보물찾기	3.0
이집트에서 보물찾기	2.5
각시탈	3.5
스타워즈 : 제국의 와해	3.5
배트맨 : 블랙 미러	4.5
(뉴 52) 배트맨 3 : 가족의 죽음	3.5
스파이더맨 / 데드풀 이슈	3.5
세계만화	4.0
유진과 유진	4.0
빙하에서 살아남기	3.0
사막에서 살아남기	3.0
아마존에서 살아남기	3.0
무인도에서 살아남기	3.0
자살토끼	3.5
바다에서 살아남기	3.0
초원에서 살아남기	3.0
화산에서 살아남기	3.0
남극에서 살아남기	3.0
지진에서 살아남기	3.5
산에서 살아남기	3.5
동굴에서 살아남기	3.0
우아한 거짓말	3.0
어린 왕자	3.5
콩, 너는 죽었다	4.0
제인 에어 	4.0
80일간의 세계일주	3.5
로빈슨 크루소	3.0
오체 불만족	3.5
돼지책 (100쇄 기념판)	4.0
열두 살에 부자가 된 키라	3.0
톰 아저씨의 오두막집	4.5
별	4.0
아낌없이 주는 나무 (어린이용)	4.0
이웃 사람	4.0
후레자식	4.0
소가 된 게으름뱅이	2.5
우동 한 그릇	3.5
짜장 짬뽕 탕수육	4.0
가방 들어주는 아이	3.5
아주 특별한 우리 형	4.0
곤충 세계에서 살아남기	3.0
강아지똥	3.5
명탐정 셜록 홈즈의 바스커빌 가문의 개	4.0
블리치	3.0
원피스 ONE PIECE	4.0
전자오락 수호대	4.0
아이들은 즐겁다 	4.5
여중생A	5.0
루드비코의 만화.일기	4.5
루드비코의 만화.영화	4.5
치즈 인 더 트랩	4.0
강철의 연금술사	5.0
여탕보고서	2.5
찌질의 역사	4.5
통	3.0
인터뷰	4.5
와라! 편의점	3.0
다이어터 2 : 운동적응기 편	4.5
다이어터 1 : 식이조절 편	4.0
김케장 단편선	5.0
베르세르크	5.0
기생수	5.0
바쿠만 BAKUMAN	4.5
데스 노트 Death Note	5.0
하버드 새벽 4시 반	4.0
스타워즈: 다스 베이더	4.5
내가 사랑한 유럽 TOP10	3.0
일베의 사상	4.0
파리대왕	4.5
오세암	4.5
나의 라임 오렌지나무	5.0
오즈의 마법사	5.0
톰 소여의 모험	4.5
내 이름은 삐삐 롱스타킹	4.5
피터 팬	4.0
15소년 표류기	4.0
탈무드	4.0
하악하악	4.0
화살표 식물 도감	3.0
1984	4.5
조이라이드	1.0
순정만화	3.5
안나라수마나라	4.5
덴마 Denma	4.5
인천 상륙 작전	5.0
만화전쟁	3.0
신과 함께 : 신화편	5.0
신과 함께 : 이승편	4.5
신과 함께 : 저승편	5.0
연애혁명	3.0
조선왕조실톡	2.5
헬퍼 Hellper	5.0
송곳	4.5
죽음에 관하여	5.0
미생	4.5
은밀하게 위대하게	3.0
선천적 얼간이들	5.0
2012 마음의 소리 Ver.1	4.5
2013 마음의 소리 Ver.1	4.5
식객	3.5
위대한 영화	3.0
죽기 전에 꼭 봐야 할 영화 1001	5.0
아Q정전	5.0
찰리와 거대한 유리 엘리베이터	4.0
찰리와 초콜릿 공장 	4.5
마당을 나온 암탉 (반양장)	4.0
동물농장	4.5
우리들의 일그러진 영웅	5.0
쥐	5.0
시 읽는 밤 : 시 밤	3.5
마시멜로 이야기	2.0
안네의 일기	4.5
파리의 노트르담	5.0
로미오와 줄리엣	5.0
오페라의 유령	4.5
데미안	5.0
맨발의 겐	5.0
클린트 이스트우드	4.5
설민석의 조선왕조실록	4.5
만화로 보는 그리스 로마 신화	4.0
젠틀맨 리그 : 비범한 신사 연맹	4.5
플래시포인트	4.5
데드풀	4.5
데어데블 얼티밋 컬렉션 1	4.0
데어데블 : 본 어게인	4.5
호크아이	4.0
울버린 : 올드 맨 로건	4.5
슈퍼맨 : 시크릿 아이덴티티	5.0
연금술사	4.0
킹덤 컴 Kingdom Come	4.5
조커와 나	4.0
떴다 어사 박문수	3.0
스타십 트루퍼스	4.5
공포버스 1	4.5
까칠한 재석이가 사라졌다 	4.5
까칠한 재석이가 돌아왔다 (양장)	4.5
스틸 볼 런	5.0
한국현대 단편 일제강점기 44 -	5.0
쿠엔틴 타란티노	4.0
운수좋은 날	5.0
B사감과 러브레터	3.5
사가	5.0
맹꽁이 서당	5.0
먼나라 이웃나라	4.5
슬램덩크	5.0
은혼	4.5
테메레르	4.0
씬시티	5.0
왓치맨 Watchmen	5.0
대공의 사무라이	4.0
폭풍 속의 씨앗	5.0
도가니	4.0
퍼시 잭슨과 번개 도둑	5.0
퍼시 잭슨과 올림포스의 신	5.0
