﻿제국주의	2.5
프랑스 혁명사 3부작	5.0
신과 함께 : 저승편	3.0
물질문명과 자본주의	3.5
슬픈 열대	3.0
그리스 비극	3.5
마담 보바리	3.0
안나 카레니나	4.0
멋진 신세계	3.0
존재와 무	3.0
독일 비애극의 원천	3.0
존재와 사건	3.5
존재와 시간	3.0
차이와 반복	3.0
그라마톨로지	3.0
꿈의 해석	3.5
생활 속의 회계	3.0
성의 역사	3.0
에쁘롱	3.0
여성의 종속	3.0
한국 여성사 깊이 읽기	3.0
한국 여성인권운동사	3.0
새 여성학 강의	2.5
젠더와 사회	2.5
우리는 모두 페미니스트가 되어야 합니다	2.5
올랭프 드 구주가 있었다	3.0
인권을 찾아서	3.0
벨 훅스, 계급에 대해 말하지 않기	3.0
동물들의 침묵	3.0
시민의 불복종	3.0
안티고네	4.0
피그말리온	3.0
M.나비	3.0
이반 데니소비치의 하루	3.0
역사의 종말	3.0
제1권력	3.0
격몽요결	3.0
세종은 과연 성군인가	3.0
정치적 무의식	3.5
촘스키, 9-11	3.0
미국이 진정으로 원하는 것	3.0
니체의 위험한 책, 차라투스트라는 이렇게 말했다	2.5
이데올로기의 숭고한 대상	3.5
전체주의가 어쨌다구?	3.5
잃어버린 대의를 옹호하며	3.5
매트릭스로 철학하기	3.0
액체근대	3.5
자본론을 읽는다	3.0
마르크스를 위하여	3.0
레닌과 철학	3.0
제국주의, 자본주의의 최고 단계	5.0
지킬 박사와 하이드	3.5
셰익스피어 4대 비극	4.0
로드	3.0
얼굴 빨개지는 아이	2.5
철학카페에서 문학읽기	2.0
생각의 지도	2.5
오뒷세이아 	4.0
일리아스	3.5
이윤기의 그리스 로마 신화	2.5
지식 e - 시즌 2	2.0
이윤기의 그리스 로마 신화	2.5
지식 e - 시즌 1	2.0
생각하는 마르크스	1.0
좀머 씨 이야기	2.5
파브르 곤충기	2.0
먼나라 이웃나라	2.0
Frankenstein	4.0
동물농장	2.0
말이 칼이 될 때	1.0
만화 박정희	3.0
시크릿	0.5
당신들의 대한민국 	3.0
철학과 굴뚝청소부	3.0
수학귀신	2.5
그리고 아무도 없었다	3.0
해리 포터와 아즈카반의 죄수	1.5
해리 포터와 마법사의 돌	2.0
농촌 문제	3.5
프롤레타리아 독재	3.5
세계를 뒤흔든 열흘	3.5
러시아 혁명사	3.5
배반당한 혁명	3.0
트로츠키 : 테러리즘과 공산주의	3.5
여성의 권리 옹호	3.0
남자들은 자꾸 나를 가르치려 든다	1.5
모모	3.0
에드거 앨런 포 단편선	3.5
오스카 와일드 작품선	3.5
오이디푸스 왕	4.0
금오신화	3.0
홍길동전	3.0
춘향전	3.0
고도를 기다리며	3.5
젊은 베르테르의 슬픔	3.5
변신.시골의사	3.5
나의 라임 오렌지나무	3.0
혐오 발언	3.0
Gender Trouble	3.0
82년생 김지영	2.5
호모 사케르	3.0
전체주의의 기원	0.5
예루살렘의 아이히만	2.0
역사철학강의	4.5
자연법	4.5
정신현상학 1	4.5
교수취임 연설문	4.0
법철학	4.5
예나 체계기획 Ⅲ	4.0
헤겔	3.5
헤겔	3.5
판단력비판	4.5
순수이성비판	4.5
새 먼나라 이웃나라	3.0
왜 세계의 절반은 굶주리는가?	2.5
데스 노트 Death Note	3.0
The Blue Day Book 누구에게나 우울한 날은 있다	3.0
오만과 편견	4.0
만화로 보는 그리스 로마 신화	3.0
애크로이드 살인사건	3.0
쥐	3.5
욕망이라는 이름의 전차	4.0
마르크스 레닌주의 미학의 기초이론 2	4.0
레닌	3.5
스탈린	3.5
실천론. 모순론 외	3.5
HOW TO READ 라캉	3.0
욕망 이론	3.5
경제학	2.5
제3물결	2.5
가족, 사유재산, 국가의 기원	5.0
영국 노동계급의 상황	4.0
자연변증법	5.0
반듀링론	5.0
정신현상학	5.0
정치경제학 비판 요강	5.0
헤겔 법철학 비판	5.0
매두사의 웃음 출구	0.5
여성 혐오를 혐오한다	2.0
모두를 위한 페미니즘	3.0
자기만의 방	3.0
제2의 성	3.0
여성의 신비	1.5
하나이지 않은 성	1.0
근대가족의 성립과 종언	3.0
돈키호테	4.0
변신 이야기	4.0
제국의 시대	4.0
자본의 시대	4.0
혁명의 시대	4.0
감시와 처벌	3.5
도덕의 계보학	4.0
미국의 민주주의	4.0
실천이성비판	4.5
에밀	4.0
통치론	4.0
리바이어던	4.0
방법서설	4.0
군주론	4.0
니코마코스 윤리학	4.5
젠더 트러블	3.0
투명사회	3.0
피로사회	3.0
에로스의 종말	3.0
향연	4.5
프랑켄슈타인	4.0
어린 왕자	3.0
사랑과 연애의 달인, 호모 에로스	0.5
에밀 뒤르켐의 자살론	3.5
바디우와 지젝 현재의 철학을 말하다	3.5
유한계급론	4.0
생쥐와 인간	4.0
사랑 예찬	3.0
세계를 향한 의지	3.0
지킬박사와 하이드씨	3.5
필경사 바틀비	4.0
베니스의 상인	4.0
1984	3.0
로미오와 줄리엣	4.0
헛소동	4.5
한여름 밤의 꿈	4.5
사람들이 미쳤다고 말한 외로운 수학 천재 이야기	3.0
맥베스	4.0
리어 왕	4.5
오셀로	4.5
헛소동	4.5
제국의 위안부	3.5
필경사 바틀비 - 미국	4.0
인민의 벗이란 무엇인가	5.0
유물론과 경험 비판론 -	5.0
민주주의혁명 시기 사회민주주의당의 두 가지 전술	5.0
카를 마르크스	5.0
민주주의 혁명에서의 사회민주주의당의 두 가지 전술	5.0
가난한 농민에게 바란다	4.5
영어를 잘하면 우리는 행복해질까	3.0
ABC 살인사건	3.0
파우스트	4.5
성의 변증법	3.0
구운몽	3.5
운수 좋은 날 「현진건」	3.0
우리들의 일그러진 영웅	3.0
난장이가 쏘아올린 작은 공	3.5
해리 포터와 비밀의 방	0.5
정치적인 것의 개념	4.5
현대 의회주의의 정신사적 상황	4.5
정치신학	4.5
데이비드 하비의 맑스 <자본> 강의 2	4.0
포스트 모더니티의 조건	4.0
신자유주의	4.0
사회주의의 전제와 사민당의 과제	3.0
국가와 혁명 : 마르크스주의 국가론과 혁명에서 프롤레타리아트의 임무	5.0
민주주의 혁명과 사회민주주의의 두 가지 전술	5.0
"공산주의에서의 ""좌익"" 소아병"	5.0
제국주의론	5.0
무엇을 할 것인가? 우리 운동의 절박한 문제들	5.0
국가와 혁명	5.0
데모크리토스와 에피쿠로스 자연철학의 차이	5.0
철학의 빈곤	4.5
독일 이데올로기 1	5.0
경제학 - 철학 수고	5.0
자본론	5.0
체 게바라 평전	3.5
아나키스트의 초상	3.0
세계를 뒤흔든 상호부조론	3.0
국부론	4.0
도덕감정론	4.0
히스테리연구	3.5
꿈의 해석	3.5
반지의 제왕	3.5
정치학	4.5
국가	4.5
대중 문학론	3.5
그람시의 옥중수고	4.0
감옥에서 보낸 편지	3.0
역사와 계급의식	4.0
소설의 이론	4.0
기술적 복제시대의 예술작품	4.0
기술복제시대의 예술작품 / 사진의 작은 역사 외	4.0
아메리카	3.0
소비의 사회	3.5
고용, 이자 및 화폐의 일반이론	4.0
경제기사의 바다에 빠져라	0.5
최진기의 뒤죽박죽 경제상식	0.5
슬픈 아일랜드	3.0
우리 안의 파시즘	0.5
기본소득이 세상을 바꾼다	0.5
대중문화의 겉과 속	3.0
아나키즘	3.0
노예의 길	3.0
동물을 먹는다는 것에 대하여	0.5
유한계급론	4.0
시뮬라시옹	3.5
프로테스탄티즘의 윤리와 자본주의 정신	4.0
명탐정 코난	0.5
포켓몬스터 스페셜 	3.0
배가본드	3.0
블리치	1.0
드래곤 볼	4.0
나루토 Naruto	3.0
강철의 연금술사	4.0
원피스 ONE PIECE	0.5
슬램덩크	3.5
진중권의 미학 오디세이 3 (20주년 기념판)	3.0
진중권의 미학 오디세이 2 (20주년 기념판)	3.0
진중권의 미학 오디세이 1 (20주년 기념판)	3.0
이반 데니소비치, 수용소의 하루	3.0
농담	3.5
학교 없는 사회	2.5
그들에게 국민은 없다	3.5
루이 보나파르트의 브뤼메르 18일	5.0
남쪽으로 튀어!	3.5
주홍 글자	4.0
형제	3.5
형제	3.5
허삼관 매혈기	3.5
소나기	3.5
이상한 나라의 앨리스	3.5
노인과 바다	3.5
우동 한 그릇	3.0
공중그네	3.0
어린 왕자	3.0
지적 대화를 위한 넓고 얕은 지식 : 현실 너머 편	0.5
장미의 이름 작가노트	3.0
장미의 이름	3.5
픽션들	3.5
불한당들의 세계사	3.5
알렙	3.5
채식의 배신	2.5
강신주의 감정수업	0.5
세일즈맨의 죽음	4.0
오만한 제국	3.5
가난하다고 꿈조차 가난할 수는 없다	0.5
오체 불만족	0.5
부의 미래	2.5
도둑맞은 편지	3.5
자기 앞의 생	3.5
유럽의 교육	4.0
아웃라이어	3.0
경제학 콘서트	2.5
이기적 유전자	3.5
도리언 그레이의 초상	3.5
사회 개혁이냐 혁명이냐	4.0
경제기사가 말해주지 않는 28가지	3.0
해리 포터와 혼혈왕자	0.5
호밀밭의 파수꾼	3.0
혁명은 TV에 나오지 않는다	3.5
인문무크지 해시태그 vol.1	3.0
권력을 이긴 사람들	3.5
감각의 제국	3.5
긍정의 배신	3.5
거대한 전환	3.5
나비와 전사	0.5
공부의 달인, 호모 쿵푸스	0.5
계몽의 변증법	3.5
동물농장	2.0
시학	4.5
왜 마르크스가 옳았는가	4.0
비평가의 임무	3.5
문학이론입문	4.0
폭력이란 무엇인가	4.0
인형의 집	3.5
설국	3.0
햄릿	4.5
체호프 단편선	4.0
경제 무식자, 불온한 경제학을 만나다	3.5
가족, 사적 소유, 국가의 기원	5.0
마르크스주의자들의 여성해방론	4.5
아내를 모자로 착각한 남자	3.0
오래된 미래	0.5
페미니즘의 도전	0.5
위대한 개츠비	4.0
임금 노동과 자본	5.0
임노동과 자본	5.0
공산당선언	5.0
공산당선언	5.0
아프니까 청춘이다	0.5
파국의 지형학	3.5
