﻿꼬마 백만장자 삐삐	3.5
속 깊은 이성 친구	3.5
얼굴 빨개지는 아이	4.0
꼬마 니콜라의 빨간 풍선	3.0
파리 스케치	4.0
자전거를 못 타는 아이	3.5
속 깊은 이성 친구	4.0
뉴욕 스케치	3.5
멍청씨 부부 이야기	3.0
제임스와 슈퍼 복숭아	4.0
마녀를 잡아라	3.5
찰리와 거대한 유리 엘리베이터	4.0
찰리와 초콜릿 공장 	4.0
심야식당	3.0
심야식당	3.5
스케치 쉽게 하기 - 기초 드로잉	3.5
나쁜 사마리아인들	3.0
문화의 발견	4.0
레시피보다 중요한 100가지 요리 비결	4.5
일취월장	4.0
기적의 절세법 : 부가가치세 편	3.0
그것은 썸도 데이트도 섹스도 아니다	4.0
나의 페미니즘 레시피	3.0
달이 속삭이는 이야기 1~2 세트	3.0
최고들의 일머리 법칙	3.0
버려지는 디자인 통과되는 디자인	3.0
명견만리 : 미래의 기회 편	3.5
생각의 기쁨	3.0
코듀로이 재킷과 청바지, 그리고 가족 스캔들	3.5
한국힙합	3.0
철학자와 늑대	2.0
이기적 유전자	3.5
로드	2.5
갈팡질팡하다가 내 이럴 줄 알았지	2.0
은어낚시통신	1.5
자정의 픽션	1.0
죽음의 한 연구 -	2.0
나는 바퀴를 보면 굴리고 싶어진다	2.5
새들도 세상을 뜨는구나	3.5
사진 포즈 교과서	4.0
모델 사진 촬영 1000개의 모델포즈 연출 기법	3.0
사진	4.5
프레임 안에서	4.0
창조적으로 이미지를 보는 법	3.5
좋은 사진을 만드는 김주원의 어도비 포토샵 라이트룸 CC 사진 강의	3.5
무진기행	4.0
콜드리딩	1.0
유혹의 기술	0.5
메모의 기술	1.0
다윗과 골리앗	3.0
카피책	3.5
기획의 정석	3.0
시크릿	0.5
세상을 여행하는 초심자를 위한 안내서	2.0
어젯밤 꿈이 당신에게 말하는 것	4.0
만들어진 신	2.5
월리를 찾아라! 	1.0
성공하는 사람들의 7가지 습관	1.0
우동 한 그릇	1.5
라이어 게임	4.0
스무살에 알았더라면 좋았을 것들	0.5
샤먼킹	3.0
짱뚱이의 나의 살던 고향은	1.5
사람은 무엇으로 사는가	2.0
달콤한 악마가 내 안으로 들어왔다	2.0
코인로커 베이비스	3.5
최후의 가족	3.0
한없이 투명에 가까운 블루	4.0
69	4.0
진중권의 미학 오디세이 2 (20주년 기념판)	1.5
시골의사의 아름다운 동행 1	2.0
오무라이스 잼잼	2.0
이끼	2.0
노빈손의 남극 어드벤처	0.5
굴 소년의 우울한 죽음	4.0
간츠 Gantz	3.5
무빙	2.0
베르베르 독자들이 쓴 나무 2	1.0
무한동력 1	1.5
키드갱	2.5
1cm 첫 번째 이야기	0.5
고령화 가족	4.0
송곳	3.0
거꾸로 읽는 세계사	3.5
GTO 애장판	2.0
내 이름은 삐삐 롱스타킹	3.0
무서운 게 딱! 좋아!	2.0
아Q정전	3.0
그놈은 멋있었다	2.0
소년탐정 김전일	1.0
돌아온 자살토끼	2.0
엘리베이터에 낀 그 남자는 어떻게 되었나	4.0
무진기행 「김승옥」	3.5
등대지기	1.0
페르마의 마지막 정리	3.0
미스터 초밥왕	2.0
조명가게	2.0
날개	2.0
늑대의 유혹	2.5
그대를 사랑합니다	3.0
7년 후	0.5
꼬마 니콜라	4.5
식객	3.0
꺼삐딴 리	1.5
타이밍	3.0
소설가 구보씨의 일일	2.5
열두 살에 부자가 된 키라	1.5
요츠바랑!	2.0
얼굴 빨개지는 아이	4.0
광장/구운몽	4.5
입 속의 검은 잎	3.0
좀머 씨 이야기	1.5
나루토 Naruto	3.0
자살토끼	4.0
기생수	3.5
타나토노트	2.0
수학귀신	4.0
미생	4.0
원미동 사람들	2.0
꿈꾸는 다락방	0.5
오체 불만족	0.5
신과 함께 : 이승편	2.5
톨스토이 단편선	3.0
신과 함께 : 저승편	3.0
운수 좋은 날 「현진건」	3.0
노르웨이의 숲	1.0
난장이가 쏘아올린 작은 공	4.0
어린 왕자	2.5
나의 라임 오렌지나무	2.5
대설주의보	3.0
침이 고인다	4.5
달려라, 아비	3.0
두근두근 내 인생	4.0
나b책	3.0
풀이 눕는다	2.0
영이 02	4.0
미나	2.5
위험한 생각들	4.0
실리콘밸리 스토리	4.0
원피스 ONE PIECE	4.0
노는 만큼 성공한다	1.5
The Road	3.0
괴짜경제학	2.5
강신주의 감정수업	2.5
닥치고 정치	2.0
연금술사	1.5
아프니까 청춘이다	0.5
도가니	4.0
유혹하는 글쓰기	2.5
채근담	1.0
그리스인 조르바	4.0
물은 답을 알고 있다	0.5
마시멜로 이야기	0.5
누가 내 치즈를 옮겼을까?	1.5
다 빈치 코드	2.5
하악하악	0.5
상대적이며 절대적인 지식의 백과사전	2.5
아홉살 인생	3.5
나무	2.0
카오스	4.0
동물농장	3.5
부자 아빠 가난한 아빠 	0.5
참을 수 없는 존재의 가벼움	3.0
아웃라이어	3.0
가시고기	2.0
논리야 놀자	1.0
피로사회	4.5
멘사 사고력 퍼즐 프리미어	1.5
과학혁명의 구조	3.0
정재승의 과학 콘서트	3.5
나미야 잡화점의 기적	2.0
