﻿고쿠분 고이치로의 들뢰즈 제대로 읽기	4.0
인포그래픽, 제인 오스틴	3.5
깊이에의 강요	4.0
다섯째 아이	4.0
주기율표	3.0
스피노자의 철학	4.0
익명의 독서 중독자들	3.5
사랑은 지옥에서 온 개	2.5
예감은 틀리지 않는다	4.0
책 따위 안 읽어도 좋지만	2.5
셰익스피어도 결코 이러지 않았다	4.0
나무 동화	3.5
사양	4.0
그래, 이 맛에 사는 거지	3.5
나를 보내지 마	5.0
아무것도 공유하지 않은 자들의 공동체	4.5
동물에 대한 예의	3.0
생명이란 무엇인가	4.0
휴전	4.0
제5도살장	4.5
부활	4.5
황금 물고기	4.5
리좀, 나의 삶 나의 글	5.0
책의 역습	4.0
맛	4.0
증여론	4.5
광막한 사르가소 바다	4.5
제인 에어 	5.0
육식의 종말	4.0
철학, 생태에 눈뜨다	4.0
월든	4.0
아인	4.0
카뮈를 추억하며	4.0
꿈꿀 권리	4.0
촛불의 미학	5.0
이보다 멋진 선물은 없어	4.0
국화와 칼	4.0
오후 네 시	4.0
두려움과 떨림	4.5
종교이론	4.0
자기 앞의 생	4.5
세상에서 가장 친절한 건축디자인 교과서	3.5
머큐리	3.5
에로티즘	5.0
총몽	2.5
폭풍의 언덕	5.0
2010 스페이스 오디세이	4.5
냉정과 열정사이 Blu	2.0
행복의 건축	3.5
너와 함께한 모든 길이 좋았다	3.5
엠마 -	3.0
브람스를 좋아하세요...	4.0
성과 속	4.0
나를 만지지 마라	5.0
아내를 모자로 착각한 남자	4.5
카타리나 블룸의 잃어버린 명예	4.0
어느 아나키스트의 고백	4.0
과학혁명의 구조	4.5
롤리타	3.0
인 콜드 블러드	2.5
피터 드러커 자서전	4.0
삼미 슈퍼스타즈의 마지막 팬클럽	3.5
정의란 무엇인가는 틀렸다	4.0
아름다움은 왜 진리인가	3.5
무의식이란 무엇인가	4.0
도스토예프스키, 돈을 위해 펜을 들다	4.0
가난한 사람들	4.0
책의 정신	4.0
집에 돌아오니 아내가 또 죽었네?	2.5
호모 데우스	3.0
사피엔스	4.0
혼자를 기르는 법	3.0
2001 스페이스 오디세이	5.0
유네스코 세계기록유산	4.0
별의 계승자 2 : 가니메데의 친절한 거인	4.0
영원회귀의 신화	5.0
중쇄를 찍자	4.0
별의 계승자	4.5
오만과 편견	5.0
장서의 괴로움	3.5
북유럽 신화	3.5
오늘을 잡아라	3.5
책 도둑의 최후는 교수형뿐이라네	3.5
결국 못하고 끝난 일	3.0
세상에서 가장 짧은 세계사	3.5
천의 얼굴을 가진 영웅	5.0
아들러의 인간이해	3.5
사람이 알아야 할 모든 것 : 생각의 역사 1	4.0
풀하우스	4.0
위대한 작가가 되는 법	4.5
아름답고 쓸모없기를	4.0
언어와 언어이론	4.0
다른 방식으로 보기	5.0
작은 것들의 신	5.0
신화를 찾는 인간	4.5
움베르토 에코	4.0
세계사라는 참을 수 없는 농담	3.5
라마와의 랑데부	4.5
불온한 검은 피	4.5
재즈 시대의 메아리	3.5
우주복 있음, 출장 가능	3.5
죽은 왕녀를 위한 파반느	4.0
랩 걸	3.5
키친	3.5
흰	4.0
하류지향	3.5
고양이 전사들 1	3.5
라틴어 수업	3.5
시를 잊은 그대에게	3.5
아무도 무릎 꿇지 않은 밤	4.0
있으려나 서점	4.5
꿈꾸는 다락방	2.5
백설공주에게 죽음을	2.0
푸른 수염	4.5
세상의 바보들에게 웃으면서 화내는 방법	4.0
도덕의 계보학	4.5
공중그네	3.5
남쪽으로 튀어!	3.5
이토록 아름다운 세 살	3.5
연금술사	4.5
참을 수 없는 존재의 가벼움	5.0
채소의 기분, 바다표범의 키스	2.0
강철의 연금술사	5.0
며느라기	3.5
진격의 거인	3.5
지적자본론	4.0
H2	2.5
신과 함께 : 신화편	3.5
세인트 영멘	3.5
슬램덩크	4.5
이갈리아의 딸들	4.0
미생	5.0
앵무새 죽이기	2.5
눈과 오이디푸스	0.5
실마릴리온	4.5
피를 마시는 새	1.5
눈물을 마시는 새	4.5
빈란드 사가 Vinland Saga 1	4.5
람세스	4.5
성균관 유생들의 나날	4.0
일반언어학 강의	4.5
양철북	2.0
가이아	3.0
밤으로의 긴 여로	4.0
색채가 없는 다자키 쓰쿠루와 그가 순례를 떠난 해	4.0
노르웨이의 숲	4.0
노인과 바다	4.0
낭송 격몽요결	5.0
중력과 은총/철학강의/신을 기다리며	5.0
로마인 이야기 	4.0
침묵의 세계	4.0
오 해피 데이	4.0
틀리지 않는 법	4.5
