﻿자기만의 방	5.0
Art History : A Critical Introduction to Its Methods	4.0
The Art of Art History : A Critical Anthology	4.5
중국 물질문화사	4.0
앤	5.0
꼭 읽어야 할 예술 비평용어 31선	4.0
감시와 처벌	4.5
나르치스와 골드문트	5.0
The Giver	4.5
Mirror of the World: A New History of Art	3.5
에도의 몸을 열다	4.5
일본 도자기 여행 : 교토의 향기	3.5
여자다운 게 어딨어	4.0
안나 카레니나	5.0
리더의	3.5
참을 수 없는 존재의 가벼움	4.5
어른아이로 산다는 것	1.5
마크 로스코	3.0
르네 마그리트	3.0
오르세 미술관	3.0
기술적 복제시대의 예술작품	4.0
그림을 보는 52가지 방법	3.5
어떻게 살 것인가	3.0
향수	4.5
이욱정 PD의 요리인류 키친	3.0
클릭, 한국미술사	3.5
오주석의 옛 그림 읽기의 즐거움	3.0
만화로 보는 그리스 로마 신화	4.0
누리야 누리야	4.0
Critical Terms for Art History, Second Edition	4.5
꿈이 있으면 미래가 있다	1.0
노르웨이의 숲	3.5
Eclipse	3.5
What Is History?	4.0
A NEW HISTORY OF KOREA	3.0
Breaking Dawn (Paperback, International Edition)	3.5
New Moon (Paperback, International Edition)	3.5
Twilight	3.5
호밀밭의 파수꾼	3.0
문학과 예술의 사회사	3.5
서양미술사	3.5
The Best American Essays of the Century	3.5
정의론	3.5
국가론	3.5
파리대왕	3.5
해리 포터와 아즈카반의 죄수	4.0
해리 포터와 마법사의 돌	4.0
연금술사	4.5
A Tale of Two Cities	3.0
군주론	3.5
맥베스	3.0
앤디 워홀	3.0
나는 아직, 어른이 되려면 멀었다	3.0
수난이대	3.0
사랑손님과 어머니	3.0
무녀도	3.0
오발탄	3.0
창가의 토토	3.0
마시멜로 두 번째 이야기	2.0
즐겁게 미친 큐레이터	1.0
명화는 왜 유명할까?	1.0
외교관은 국가대표 멀티플레이어	1.0
나의 문화유산답사기 	3.0
우리들의 일그러진 영웅	3.0
우동 한 그릇	3.0
꼬마 니콜라	2.5
공부 9단 오기 10단	1.5
경청	2.5
간절히 꿈꾸고 뜨겁게 도전해라	1.0
경매장 가는 길	1.0
3단합체 김창남	3.0
1일 30분	3.0
마음을 열어주는 101가지 이야기 - 완결편	2.0
TV동화 행복한 세상 1	2.5
화내지 않고 핀란드까지	1.5
논어, 사람의 길을 열다	2.5
그 놈은 멋있었다	2.0
파도가 바다의 일이라면	2.5
위험한 세계사	2.5
문화의 패턴	3.5
반 고흐, 영혼의 편지 	3.0
청소년을 위한 한국미술사	3.0
청소년을 위한 동양미술사	3.0
아시아 나무에 담긴 이야기	2.5
오르세미술관 소도록	2.5
루브르박물관전 소도록	2.5
거의 모든 것의 역사	3.5
사이먼 싱의 암호의 과학	3.0
Contemporary Human Geography	3.0
History of British Art	4.5
The Oxford Handbook of Criminology	3.0
Smith and Hogan Criminal Law	2.5
Justice : What's the Right Thing to Do?	3.0
The Other Boleyn Girl	3.0
Atonement	4.5
Pride and Prejudice 오만과 편견	3.5
청소년을 위한 세계사 사전	3.0
한 권으로 읽는 이야기 세계사	3.0
이야기 미국사	3.0
청소년을 위한 세계경제사	2.5
인물로 보는 고구려사	2.0
달콤한 수학사 1	3.0
미술관	4.5
미술관 옆 인문학	4.0
Ethics : The Fundamentals	4.0
The Giver	4.5
365 매일 읽는 긍정의 한 줄	2.5
매일 읽는 손안의 논어	3.5
내 영혼이 따뜻했던 날들	3.5
짜장면	3.0
헬렌 켈러 자서전	2.5
스무살에 알았더라면 좋았을 것들	1.5
생각의 탄생	3.5
파브르 곤충기	3.5
가시고기	3.5
담론	4.0
어린 왕자	4.0
구운몽	3.0
베니스의 상인	3.0
괭이부리말 아이들	3.0
정민 선생님이 들려주는 한시 이야기	3.0
개념어 사전	3.0
냉정과 열정사이 Blu	3.5
한국 근대미술사	4.0
파페포포 다이어리	2.0
무량수전 배흘림기둥에 기대서서	3.0
맨큐의 경제학	3.0
꼭 읽어야 할 예술이론과 비평 40선	4.0
1984	4.5
부의 미래	3.0
미라클 모닝	2.5
오리엔탈리즘	4.0
리어 왕	3.0
모모	3.5
말의 품격	3.0
타인의 고통	4.5
여자라면 힐러리처럼	4.0
예루살렘의 아이히만	4.0
네가 어떤 삶을 살든 나는 너를 응원할 것이다	3.0
데미안	5.0
콰이어트 Quiet	4.5
하늘과 바람과 별과 詩	4.5
생각의 탄생	4.0
What is History? (영문판)	4.0
내 옆에 있는 사람	3.0
여행자를 위한 나의 문화유산답사기 2	3.5
서양미술사의 재발견	3.0
오주석의 한국의 美 특강	2.5
난장이가 쏘아올린 작은 공	3.0
현대시의 모든 것	3.5
모리와 함께한 화요일	3.0
어린왕자	4.0
Pride and Prejudice	4.0
유럽여행가서 빼먹지 말아야할 52가지	1.0
꿈이 나에게 묻는 열 가지 질문	1.0
컬처 코드	3.0
논어	4.5
미학강의	2.5
철학과 굴뚝청소부	3.5
리진	3.0
하악하악	1.0
큐레이터는 세상을 어떻게 움직이는가	2.5
The Grapes of Wrath	3.0
프린세스, 라 브라바!	3.0
사랑하였으므로 나는 행복하였네	3.0
천경자의 환상여행	3.0
당신, 거기 있어 줄래요?	2.5
구해줘	3.0
연인	4.0
Hamlet: The Oxford Shakespeare	4.0
햄릿	3.0
세일즈맨의 죽음	3.5
Death of a Salesman: Certain Private Conversations in Two Acts and a Requiem	4.0
Romeo and Juliet	4.5
EBS 다큐멘터리 동과 서	3.0
Banksy Wall and Piece 뱅크시 월 앤 피스	3.5
마지막 강의	2.5
파우스트	4.5
런던 미술 수업	1.0
미술 전시 미술관	3.0
전시의 연금술 미술관 디스플레이	3.5
창조의 제국	3.0
오만과 편견	4.0
소문의 벽	4.0
총 균 쇠	4.0
열린 사회와 그 적들	3.5
풍금이 있던 자리	3.5
조동관 약전(略傳)	3.0
소설가 구보씨의 일일	3.0
부끄러움을 가르칩니다	3.0
무진기행	3.5
브레이킹 던	3.0
뉴문	3.0
이클립스	3.0
트와일라잇	3.0
Brave New World	4.5
Lord of the Flies	4.5
선물	3.0
루시 모드 몽고메리 자서전	3.0
시크릿	2.5
헬렌 켈러 자서전	3.0
세계의 교양을 읽는다	3.5
쉽게 배우는 경제학	2.5
Jonathan Livingston Seagull	4.5
The Alchemist (Mass Market Paperback, International Edition)	4.5
토끼전 : 꾀주머니 뱃속에 차고 계수나무에 간 달아	3.0
피노키오	3.0
로빈슨 크루소	3.0
진중권의 미학 오디세이 3 (20주년 기념판)	3.5
진중권의 미학 오디세이 2 (20주년 기념판)	3.5
진중권의 미학 오디세이 1 (20주년 기념판)	3.5
미학 오디세이	3.5
먼나라 이웃나라	3.5
새로 만든 먼나라 이웃나라 1 : 네덜란드	3.5
지킬 박사와 하이드	3.5
피터 팬	3.0
위대한 유산 74434	3.5
작은 아씨들	3.5
이상한 나라의 앨리스	3.5
에이번리의 앤	4.5
지도 밖으로 행군하라	1.5
프린세스 마법의 주문	3.0
박사가 사랑한 수식	3.0
돼지가 한 마리도 죽지 않던 날	3.5
거미 길들이기를 배운 날	2.5
운영전	2.5
공중그네	2.0
꽃들에게 희망을	3.5
바보처럼 공부하고 천재처럼 꿈꿔라	2.0
주머니 속의 고래	3.0
향수	4.5
유진과 유진	3.5
마시멜로 이야기	2.0
수레바퀴 아래서	4.5
1리터의 눈물	2.5
괴물딴지 미스터리 사전 스페셜	3.5
괴물딴지 미스터리 사전	3.5
갈매기의 꿈	3.5
십시일反	2.5
하루일기	2.0
키다리 아저씨	3.0
안네의 일기	3.0
파페포포 투게더	2.0
파페포포 메모리즈	2.0
파페포포 안단테	2.0
메밀꽃 필 무렵	3.0
톨스토이 단편선	3.5
한국단편소설 35 (책 + MP3 다운로드)	3.5
배따라기 「김동인」	3.0
백치 아다다	3.0
벙어리 삼룡이	3.0
물레방아	3.0
B사감과 러브레타	3.0
봄봄	3.0
동백꽃	3.0
운수 좋은 날	3.0
감자	3.0
붉은 산	3.0
탈출기	2.5
찰리와 초콜릿 공장 	3.0
해리 포터와 죽음의 성물	4.0
해리 포터와 혼혈왕자	4.0
해리 포터와 불사조 기사단	4.0
해리 포터와 불의 잔	4.0
청소부 밥	2.5
그건, 사랑이었네	2.5
완벽하지 않은 것들에 대한 사랑	3.5
다 빈치 코드	3.5
해리포터 사이언스	2.5
해리 포터와 비밀의 방	4.0
화성에서 온 남자 금성에서 온 여자	2.0
일기일회 一期一會	3.5
죽을 때 후회하는 스물다섯 가지	2.5
아프니까 청춘이다	2.0
세상에 너를 소리쳐!	1.0
채식주의자	3.0
