﻿방과 후 전쟁활동	3.0
젊은 베르테르의 슬픔	4.0
위대한 개츠비	4.0
애프터 다크	3.5
먼 북소리	3.5
마음	5.0
해변의 카프카	3.5
토니와 수잔 (영화 포스터 표지)	4.0
노인을 위한 나라는 없다	3.5
채식주의자	4.0
인간 실격	4.5
립반윙클의 신부	3.5
기사단장 죽이기	3.5
데뷔의 순간	3.0
눈뜬 자들의 도시	3.5
눈먼 자들의 도시	4.0
고백	4.0
타나토노트	3.5
노르웨이의 숲	3.5
1Q84	3.5
댄스 -	4.0
