﻿모모	3.0
사형을 언도받은 자 / 외줄타기 곡예사	4.0
이게 다예요	5.0
근대문학의 종언	3.5
도둑 일기	4.0
히로시마 내 사랑	4.0
이별없는 세대	4.5
낯선 땅 이방인	2.5
만년	4.0
한니발 라이징	3.0
실마릴리온	3.0
크레용 신짱	3.0
완전판 란마 1/2	2.5
피안도	3.5
타인의 얼굴	4.0
사양	4.0
치인의 사랑	3.5
다니자키 즁이치로	4.0
트랜스젠더의 역사	4.0
최유기 리로드 1	4.0
최유기 외전 신장판	4.5
원펀맨 One Punch Man	3.5
짱	4.5
파계	3.5
서양의 지적전통	3.5
신생	2.5
장소와 장소상실	4.0
삶이라는 직업	5.0
부활	3.5
암살교실	3.0
크로우즈	5.0
죽음에 관하여	4.0
너무 한낮의 연애	3.5
에크리	5.0
포스트휴먼 시대의 미술	4.5
김소진 단편집	4.0
소년이 온다	5.0
세상의 모든 최대화	3.5
예술과 중력가속도	3.5
총서 ＇불멸의 력사＇해제집	4.5
사람, 장소, 환대	4.0
홀	4.0
상속	3.5
지식인을 위한 변명	4.0
키워드	3.5
무진기행	4.5
문학이론입문	4.0
작가란 무엇인가 1	4.5
카뮈를 추억하며	4.0
안나라수마나라	3.0
방과 후 전쟁활동	2.5
목욕의 신	3.0
3단합체 김창남	3.5
Ho! 1	3.5
선천적 얼간이들	4.0
입시명문 사립 정글고등학교	3.0
아랫집 시누이	2.5
사각사각	3.0
디 그레이 맨 1 4 5 6 8 (단행본 + 11 13 16 9 12 19	3.0
강철의 연금술사	5.0
소년탐정 김전일	4.0
신과 함께 : 저승편	4.0
신의 물방울 1	3.5
나루토 Naruto	4.0
원피스 ONE PIECE	5.0
명탐정 코난	3.0
더 파이팅 The Fighting	3.0
도쿄 구울	4.0
배트맨 킬링 조크 BATMAN The Killing Joke : 디럭스 에디션 The Deluxe Edition (양장)	3.5
아인	3.5
카스테라	4.0
섬	5.0
열세 살 전에 익혀야 할 아름다운 품성 38가지	3.0
덴마 Denma	5.0
당신 인생의 이야기	4.5
옛우물에서의 은어낚시	4.5
옛우물	4.0
소문의 벽	4.0
요한 시집 외	4.0
암사지도	3.5
냉동어	3.0
노동의 새벽	4.0
1960-70년대 한국 노동자의 계급문화와 정체성	3.0
서울 진오기굿 - 바리공주 연구	3.0
1970년대 문학연구	4.0
선생과 황태자 아메리카 영자의 전성시대	3.5
남아 있는 나날	3.5
무지한 스승	4.5
아키라 AKIRA	4.5
한국의 방언과 방언학	3.5
삼국유사	3.5
경남방언과 지명연구	3.0
돼지가 철학에 빠진 날	3.5
알퐁스 도데 단편선	3.5
메밀꽃 필 무렵	4.0
박씨전	3.5
소가 된 게으름뱅이	3.0
안내견 탄실이	3.0
가방 들어주는 아이	3.0
강아지똥	4.0
소나기	4.0
삼대	4.0
봄.봄 「김유정」	4.0
태평천하	3.5
운수 좋은 날 「현진건」	4.0
짱뚱이의 나의 살던 고향은	3.0
프레드릭	3.0
마법천자문	3.0
보리타작 하는 날	3.0
드래곤 볼	5.0
노빈손, 피라미드의 비밀을 풀어라	3.0
언제까지나 너를 사랑해	3.0
새록새록 성경이야기	3.0
바다가 바글바글	3.0
두근두근 두근거려	3.0
미술관에 간 윌리	3.5
포켓몬스터 스페셜 	5.0
나쁜 어린이표	3.0
	3.0
데스 노트 Death Note	5.0
햄릿	4.0
노르웨이의 숲	4.0
갈매기의 꿈	5.0
여중생A	5.0
치즈 인 더 트랩	3.5
자살토끼	3.0
열두 살에 부자가 된 키라	3.0
지도 밖으로 행군하라	3.0
파우스트	3.0
이문열 이희재 만화 삼국지 세트 -	4.0
한비야의 중국견문록	3.0
인간 짐승	4.0
이태준 전집 6 : 쏘련기행 중국기행 외	4.0
크로스 게임 소장판	4.0
성과 속	3.5
혈의 누 외	3.0
사랑학 개론	2.0
103인의 현대사상	3.0
유리가면	0.5
만화로 보는 그리스 로마 신화	4.0
제인 에어 	3.5
7막 7장 그리고 그 후	3.0
구석구석 인체 탐험	4.0
식물이 시끌시끌	4.5
벌레가 벌렁벌렁	4.5
동물이 뒹굴뒹굴	4.5
전기가 찌릿찌릿	3.5
질병이 지끈지끈	3.5
파고 파헤치는 고고학	3.5
물리가 물렁물렁	3.5
진화가 진짜진짜	3.5
조선영화란 하(何)오	4.0
간츠 Gantz	5.0
무진기행 「김승옥」	5.0
스티브 잡스	3.5
백석 시집 사슴	4.5
괭이부리말 아이들	3.5
날개	5.0
어린 왕자	5.0
문학이란 무엇인가	3.0
두 파산	4.0
메밀꽃 필 무렵	4.5
대머리 여가수	4.0
고슴도치	3.5
지옥에서 보낸 한 철	5.0
불행한 사내에게 찾아온 행운	4.0
젊은 베르테르의 슬픔	3.5
숨은 꽃	4.5
대조영	3.0
연탄길	3.0
입 속의 검은 잎	5.0
세계 영화 대사전	4.5
우리말 연구의 첫걸음	5.0
난장이가 쏘아올린 작은 공	4.0
소설가 구보씨의 일일	5.0
오체 불만족	3.0
천사와 악마	3.5
광장/구운몽	4.5
우리들의 일그러진 영웅	4.0
해리 포터와 아즈카반의 죄수	3.5
해리 포터와 불사조 기사단	3.5
15소년 표류기	3.0
허생전	3.5
해리 포터와 죽음의 성물	3.5
먼나라 이웃나라	3.5
수학귀신	3.5
꾸뻬 씨의 행복 여행	3.0
체호프 단편선	4.5
다섯째 아이	4.5
자기 앞의 생	5.0
악의 꽃	5.0
마담 보바리	4.0
페드르	4.0
젊은 시절의 글	4.0
날자 날자 한번만 더 날자꾸나	5.0
작가를 위하여	3.0
크라임 이펙트	5.0
X의 비극	3.5
Y의 비극	3.5
나나	4.0
권력의 조건	4.5
좁은 문	3.0
캐롤	5.0
논어강설	3.5
적지와 왕국	4.5
르몽드 세계사	5.0
기생수	5.0
진화의 무지개	4.0
전락	4.0
테레즈 라캥	4.5
스물아홉, 그가 나를 떠났다	3.5
캣칭 파이어	3.5
헝거 게임	3.5
한국의 이너서클	3.0
농담	5.0
촐라체	3.5
수레바퀴 아래서	4.5
이 모든 괴로움을 또 다시	5.0
가시내	3.5
그레이의 50가지 그림자	2.5
내 심장을 쏴라	3.5
해변의 카프카	4.0
HOW TO READ 마르크스	4.0
사회사상사	3.5
패션:철학	4.0
시지프 신화	5.0
내 슬픈 창녀들의 추억	4.0
두 도시 이야기	4.5
페스트	4.5
소송	4.0
삼국지	5.0
종의 기원 VS 신의 기원	3.5
만세전	4.0
죽음이란 무엇인가	3.0
살고 싶다	3.5
제7일	4.0
체 게바라의 모터사이클 다이어리	4.5
눈사람 여관	3.5
접시꽃 당신	4.0
창문 넘어 도망친 100세 노인	3.5
밤으로의 긴 여로	5.0
고리오 영감	3.5
나마스테	3.5
용재총화	3.0
무정	3.5
포르노그라피아	4.5
빅 픽처	3.5
그리스 신화의 이해	3.5
브루클린으로 가는 마지막 비상구	4.0
금오신화	3.0
더블린 사람들	4.0
젊은 예술가의 초상	4.0
암흑의 핵심	3.5
말테의 수기	3.0
채털리 부인의 연인	4.5
나르치스와 골드문트	4.0
변신.시골의사	5.0
황야의 이리	4.5
네루다의 우편배달부	4.5
롤리타	4.0
백년 동안의 고독	4.5
싯다르타	4.0
카탈로니아 찬가	4.0
나무를 심은 사람	4.0
거미여인의 키스	5.0
댈러웨이 부인	4.5
아우라	4.0
변신 이야기	3.5
적과 흑	4.0
꽃들에게 희망을	5.0
지킬 박사와 하이드	4.5
해리포터 사이언스	3.5
인생의 베일	4.0
면도날	4.5
그 후	4.5
모래의 여자	4.5
비행운	4.0
해리 포터와 불의 잔	3.5
정의란 무엇인가	3.5
당신의 이름을 지어다가 며칠은 먹었다	5.0
신	3.5
톨스토이 단편선	3.5
설국	4.5
오만과 편견	4.0
달과 6펜스	5.0
봉순이 언니	3.5
동물농장	4.5
인간 실격	5.0
총 균 쇠	3.5
호밀밭의 파수꾼	4.0
차라투스트라는 이렇게 말했다	4.0
해리 포터와 혼혈왕자	3.5
괴짜물리학	3.0
모킹제이	3.0
탈무드	3.0
1984	5.0
다 빈치 코드	3.5
파피용	3.5
색채가 없는 다자키 쓰쿠루와 그가 순례를 떠난 해	3.5
채식주의자	4.0
해리 포터와 마법사의 돌	3.5
참을 수 없는 존재의 가벼움	4.5
1Q84	3.5
반지의 제왕	4.5
위대한 개츠비	4.0
아프니까 청춘이다	3.0
나는 고양이로소이다	4.0
유배지에서 보낸 편지	3.0
가시고기	3.5
해리 포터와 비밀의 방	4.0
그리스인 조르바	3.5
데미안	5.0
앵무새 죽이기	3.5
이방인	4.5
