﻿전략 삼국지	3.5
캡틴 아메리카 : 윈터 솔저 얼티밋 컬렉션	4.0
엑스맨 : 데이즈 오브 퓨처 패스트	3.0
엑스맨 : 다크 피닉스 사가	3.5
어벤저스 디스어셈블드	4.0
하우스 오브 엠	4.0
베로니카, 죽기로 결심하다	4.0
울버린 웨폰 X	3.5
울버린	2.5
데어데블 : 본 어게인	3.5
스티브 잡스	4.5
죄와 벌	4.0
셜록 홈즈 전집 3 : 주홍색연구 네명의 기호	4.5
바보	4.0
순정만화	4.5
일쌍다반사	4.0
낙엽지는 새 (낙엽지는 새 + 애니메이션DVD + 탁상용 캘린더 + 스티커)	0.5
낙엽지는 새	1.0
충사 애장판	5.0
매거진 B	4.0
Interstellar: Beyond Time and Space	4.0
Inception: The Shooting Script	4.0
향수	4.0
Metallica : Back to the Front 메탈리카 : 백 투 더 프런트	4.5
아랍인의 눈으로 본 십자군 전쟁	4.5
오이디푸스 왕	4.0
블랙코미디	3.5
치즈 인 더 트랩	3.5
죽음 디럭스 에디션	4.5
샌드맨 The SandMan	4.5
불편한 진실	4.5
대지	3.5
터치	4.0
쇼트 프로그램 Short Program	3.0
적의 화장법	3.5
살인자의 건강법	2.0
11분	3.5
냉정과 열정사이 Rosso	3.0
냉정과 열정사이 Blu	3.5
실마릴리온	4.0
창천항로	3.5
신세기 에반게리온	4.5
바람의 검심	3.5
세상의 중심에서 사랑을 외치다	1.5
노다메 칸타빌레	4.0
간츠 Gantz	1.5
고스트 바둑왕	4.5
신 암행어사 1	4.0
전자오락 수호대	2.5
죽음에 관하여	4.5
단테의 신곡	3.5
슬램덩크	4.0
Watchmen (Paperback, International Edition)	5.0
피의 책	3.5
오페라의 유령	3.5
은하영웅전설 외전	3.5
은하영웅전설	4.0
만화 삼국지	4.0
총몽	3.5
총몽	4.0
잃어버린 세계	3.5
원펀맨 One Punch Man	4.0
화씨 451	4.0
데스 노트 Death Note	4.5
선천적 얼간이들	4.5
향수	3.5
카츠 Katsu!	4.0
미소라	3.0
진베	1.5
미유키 애장판	3.5
바람의 화원	3.5
모빌 슈트 건담 디 오리진	5.0
운동화를 신은 마윈	4.0
혼자의 발견	3.5
쥬라기 공원 II	4.0
쥬라기 공원	4.5
출동! 119구조대 완전판	3.5
이니셜 D	4.0
러브크래프트	4.0
러브크래프트 전집 1	4.5
대부 돌아오다	2.5
아이, 로봇	4.0
파운데이션과 지구	3.5
파운데이션의 끝	3.5
제2파운데이션	1.0
파운데이션의 서막	4.0
파운데이션과 제국	4.0
파운데이션	4.5
듄	4.0
2001 스페이스 오디세이	4.5
드래곤볼 풀컬러판 사이어인	4.5
드래곤볼 풀컬러판 프리저	4.5
드래곤볼 풀컬러판 소년 편	4.5
드래곤 볼	4.5
本 삼국지	4.5
삼국지	4.0
삼국지	3.0
초한지	4.5
초한지	3.5
손자병법	4.5
손자병법	3.5
소설 손자병법	4.0
마션	5.0
충사	5.0
배가본드	4.5
슈퍼맨/배트맨 : 공공의 적	3.5
키드갱	3.5
원피스 ONE PIECE	4.5
터치	4.0
러프 소장판	4.0
기생수	2.5
베르세르크	4.0
20세기 소년	4.0
자살토끼	3.5
배트맨 롱 할로윈	4.0
배트맨 : 다크 나이트 스트라이크 어게인	3.0
배트맨 허쉬	3.5
왓치맨 Watchmen	5.0
브이 포 벤데타	4.5
크라이시스 온 인피닛 어스	2.0
아이덴티티 크라이시스	4.5
킹덤 컴 Kingdom Come	4.5
배트맨 이어 원	4.5
DC : 더 뉴 프런티어 2	4.5
DC : 더 뉴 프런티어	4.5
저스티스 JUSTICE	4.5
은하영웅전설	2.5
배트맨 킬링 조크 BATMAN The Killing Joke : 디럭스 에디션 The Deluxe Edition (양장)	4.0
인페르노	3.0
로스트 심벌	3.0
천사와 악마	4.0
혹성 탈출	4.0
공각기동대	4.0
1984	3.5
요츠바랑!	5.0
동물농장	4.0
다 빈치 코드	4.0
나무	4.5
야생초 편지	4.0
연금술사	2.5
코스모스	5.0
오페라의 유령	3.0
탈무드	3.5
세상의 중심에서 사랑을 외치다	2.0
오만과 편견	4.0
개미	4.0
배트맨 : 다크 나이트 리턴즈	4.5
젠틀맨 리그 : 비범한 신사 연맹	4.5
대부	4.5
반지의 제왕	4.5
호빗	4.5
후린의 아이들	3.5
2001 스페이스 오디세이	4.5
