﻿무소의 뿔처럼 혼자서 가라	3.5
이슬람 정육점	3.0
노르웨이의 숲	4.0
나는 고양이로소이다	3.0
그리스인 조르바	4.0
진주 귀고리 소녀	4.0
신곡 - 연옥편	3.5
해리 포터와 저주받은 아이 (스페셜 리허설 에디션 대본)	5.0
13계단	3.0
코끼리는 기억한다	3.0
타나토노트	3.0
왜 세계의 절반은 굶주리는가?	2.5
천사들의 제국	3.5
젊은 베르테르의 슬픔	4.0
여행은 결국, 누군가의 하루	3.0
화씨 451	4.0
무역의 신	4.0
대지	4.0
명랑한 밤길	4.0
희망을 여행하라	4.0
선생님과 함께 읽는 뫼비우스의 띠	3.0
Oxford Bookworms Library: Level 5: Sense and Sensibility	3.5
별이 된 소년	3.0
과학이 빛나는 밤에	4.0
모비 딕	3.0
그래! 인디아	4.0
행복이란 무엇인가	1.5
82년생 김지영	4.5
고도를 기다리며	3.5
다 빈치 코드	3.5
마음의 감옥	3.0
동물농장	3.5
아가씨 가까이	3.5
오베라는 남자	4.0
그리고 아무도 없었다	4.0
카모메 식당	3.5
나 안 괜찮아	3.0
김약국의 딸들	2.5
스무살에 알았더라면 좋았을 것들	2.5
평화, 당연하지 않은 이야기	2.0
나비지뢰	2.0
스스로 빛나는 배우를 찾습니다	3.0
어린 왕자	3.5
르네 마그리트	2.5
마르크 샤갈	2.5
허클베리 핀의 모험	2.5
비이성의 세계사	2.5
악의 연대기	2.5
내가 사랑한 뉴욕, 나를 사랑한 뉴욕	2.0
칼의 노래	1.5
더 리더 - 책 읽어주는 남자	2.5
베르나르 베르베르의 상상력 사전	1.5
파리, 슈브니르	1.5
해리 포터와 마법사의 돌	4.0
청소년을 위한 서양철학사	2.0
강아지똥	3.0
80일간의 세계일주	3.0
양파의 왕따일기	3.0
수호천사 이야기	3.0
마당을 나온 암탉 (반양장)	3.0
웃기는 짬뽕	3.0
책 먹는 여우	5.0
샬롯의 거미줄	4.0
기찻길 옆동네	2.5
나는 무슨 일 하며 살아야 할까?	2.0
지각대장 존	2.5
도가니	3.5
홍어	2.0
하루라도 공부만 할 수 있다면	2.0
깊은 상처	3.0
우리들의 일그러진 영웅	3.0
오페라의 유령	5.0
헝거 게임	5.0
인형의 집	3.0
당신의 고민은 안녕하세요	5.0
덕혜옹주	3.0
아낌없이 주는 나무 (어린이용)	2.0
두근두근 내 인생	2.0
구해줘	2.0
소나기	2.0
시간을 파는 상점	2.0
병신과 머저리	2.0
허준영의 폴리스 스토리	3.0
꿈이 있는 거북이는 지치지 않습니다	5.0
수레바퀴 아래서	3.0
비숲	3.0
찰리와 초콜릿 공장 	3.0
어느 경찰관의 사람공부	3.0
메밀꽃 필 무렵	3.0
우주 전쟁	3.0
스티브 잡스	5.0
노인과 바다	3.0
모모	5.0
450엔의 행복 도쿄 목욕탕 탐방기	4.0
하늘길	1.0
바보처럼 공부하고 천재처럼 꿈꿔라	3.0
위대한 유산	3.0
책만 보는 바보	3.0
야성의 부름	4.0
바다를 품은 책 자산어보	3.0
좀머 씨 이야기	3.0
객지	3.0
누가 내 머릿속에 브랜드를 넣었지?	2.0
국가, 올바름을 향한 끝없는 대화	3.0
한눈에 반한 서양미술관	5.0
화가의 우연한 시선	3.0
에곤 실레	3.0
민희, 치즈에 빠져 유럽을 누비다	3.0
나의 아름다운 비행	4.0
파일럿의 특별한 비행일지	2.0
스물아홉의 꿈, 서른아홉의 비행	3.0
우리들의 행복한 시간	2.0
도련님	3.0
내 이름은 욤비	3.0
사라진 것들을 위하여	2.0
서편제	2.0
셜록 홈즈 전집 8 : 셜록 홈즈의 마지막 인사	3.0
셜록 홈즈 전집 4 : 셜록 홈즈의 모험	3.0
셜록 홈즈 전집 5 : 셜록 홈즈의 사건	3.0
셜록 홈즈 전집 3 : 주홍색연구 네명의 기호	3.0
셜록 홈즈 전집 1 : 공포의 계곡	3.0
셜록 홈즈 전집 6 : 셜록 홈즈의 회상	3.0
셜록 홈즈 전집 7 : 셜록 홈즈의 귀환	3.0
셜록 홈즈 전집 2 : 배스커빌의 개	2.0
완득이	3.0
베니스의 상인	2.0
오기사, 행복을 찾아 바르셀로나로 떠나다	1.0
독서 천재가 된 홍대리 2	2.0
나쁜 사마리아인들	3.0
책상을 떠난 철학	3.0
할머니가 미안하다고 전해달랬어요	2.0
여행의 기술	3.0
프랑스는 France가 아니다	5.0
길 위에서 하버드까지	5.0
시골의사의 아름다운 동행 1	3.0
1리터의 눈물	5.0
프랑스 스케치	5.0
그림의 힘	2.5
KBS 명작 스캔들	4.0
피카소의 연인들	5.0
앙리 루소	5.0
이중섭, 고독한 예술혼	5.0
1그램의 용기	3.0
모로코, 낯선 여행	5.0
낯선 바람을 따라 떠나다	5.0
경제학이 필요한 시간	0.5
청소년을 위한 서양철학사	1.0
당신들의 천국	1.0
쟁점 한국사 : 현대편	5.0
고래여인의 속삭임	1.0
싸드 THAAD	2.5
베니스의 상인	2.0
변신	2.0
꽃잎의 말로 편지를 쓴다	2.0
과학자의 서재	2.0
그럼에도 여행	5.0
구운몽	1.0
스눕	3.0
죽은 시인의 사회	4.0
멋진 신세계	3.0
공부하는 인간	3.0
1984	5.0
눈물 닦고 스피노자	2.0
나목	2.0
창문 넘어 도망친 100세 노인	3.0
돈으로 살 수 없는 것들	2.0
총 균 쇠	1.0
미움받을 용기	3.0
멈추면, 비로소 보이는 것들	5.0
오만과 편견	3.0
연금술사	5.0
스물아홉 생일, 1년 후 죽기로 결심했다	5.0
엄마를 부탁해	5.0
나무	5.0
시크릿	2.0
데미안	3.5
왜 나는 너를 사랑하는가	5.0
어린 왕자	5.0
제인 에어 	3.0
정재승의 과학 콘서트	3.0
몽실 언니	5.0
그 많던 싱아는 누가 다 먹었을까	4.0
나의 라임 오렌지나무	5.0
오체 불만족	5.0
아홉살 인생	4.0
마시멜로 이야기	5.0
나미야 잡화점의 기적	5.0
호밀밭의 파수꾼	3.0
