﻿올드보이 Oldboy	3.5
터치	4.5
기사단장 죽이기	3.5
노르웨이의 숲	4.5
3단합체 김창남	4.0
20세기 소년	4.5
소나기	4.0
삼국지	4.5
어린 왕자	5.0
위대한 개츠비	5.0
살인자의 기억법	4.0
러프 소장판	4.0
센트럴파크	3.5
키드갱	4.5
마음의 소리	4.0
선천적 얼간이들	4.0
타이밍	4.5
기억을 잃어버린 앨리스	3.5
슬램덩크	4.5
기생수	4.5
백종원이 추천하는 집밥 메뉴 52	3.0
아프니까 청춘이다	1.0
하치 이야기	3.0
크리스마스 캐럴	4.0
올리버 트위스트	3.5
노빈손, 피라미드의 비밀을 풀어라	2.5
노빈손의 시끌벅적 일본 원정기	3.0
TV동화 행복한 세상 1	3.0
광수생각	2.5
삼대	3.5
소나기	4.0
운수 좋은 날 「현진건」	4.0
코믹 메이플 스토리 오프라인 RPG	2.5
마법천자문	3.5
오줌 멀리싸기 시합	3.0
식객	4.0
위저드 베이커리	3.5
위저드 베이커리	3.5
개포동 김갑수씨의 사정	2.5
지금 이 순간	3.0
환상의 빛	4.0
공중그네	4.0
해바라기가 피지 않는 여름	4.0
어린 왕자	5.0
종의 기원	4.5
7년의 밤	4.5
내 심장을 쏴라	3.5
세상의 중심에서 사랑을 외치다	3.5
종이 여자	4.5
구해줘	3.5
당신, 거기 있어 줄래요?	4.0
죽음에 관하여	4.5
치즈 인 더 트랩	4.0
신과 함께 : 신화편	4.5
신과 함께 : 이승편	4.0
신과 함께 : 저승편	4.5
강철의 연금술사	5.0
해리 포터와 아즈카반의 죄수	4.5
해리 포터와 불사조 기사단	4.5
해리 포터와 불의 잔	4.5
해리 포터와 죽음의 성물	5.0
GO	4.5
SPEED	4.0
레벌루션 No.3	4.5
플라이, 대디, 플라이	4.0
위험한 비너스	3.5
독소소설	3.0
회랑정 살인사건	3.5
백마산장 살인사건	3.0
괴소소설	3.5
흑소소설	3.0
매스커레이드 호텔	4.0
공허한 십자가	3.5
라플라스의 마녀	3.5
유성의 인연	4.5
붉은 손가락	4.0
방황하는 칼날	4.0
가면 산장 살인 사건	3.5
악의	5.0
백야행	5.0
동급생	3.5
용의자 X의 헌신	4.5
A Game of Thrones	4.0
파피용	4.5
마시멜로 이야기	3.5
우리들의 행복한 시간	4.5
28	4.0
해리 포터와 마법사의 돌	4.5
해리 포터와 혼혈왕자	5.0
나미야 잡화점의 기적	5.0
해리 포터와 비밀의 방	4.5
미 비포 유	4.0
모랫말 아이들	3.5
