﻿소립자	4.5
모리스	4.0
노름꾼	4.0
에보니 타워	4.0
죽은 군대의 장군	4.0
화산 아래서	4.5
온 여름을 이 하루에	3.5
멋진 징조들	3.5
악몽	3.5
제멜바이스 / Y 교수와의 인터뷰	4.0
사랑의 기하학	4.5
최초의 인간	4.0
사랑에 대해서 말할 때 우리들이 하는 이야기	3.5
세상이 끝날 때까지 아직 10억 년	5.0
다마세누 몬테이루의 잃어버린 머리	4.5
조서	4.5
체스 이야기.낯선 여인의 편지	4.5
프라이드 그린 토마토	3.5
나를 찾아줘	4.0
돈으로 살 수 없는 것들	3.5
짧은 이야기 긴 사연	3.5
돈 혹은 한 남자의 자살 노트	4.5
겨울 골짜기	4.0
보이지 않는	4.5
파리의 우울	4.5
일곱 건의 살인에 대한 간략한 역사	3.0
사이트 파이크 아바스야느크	3.0
20년의 위기	4.5
배빗	4.0
미움, 우정, 구애, 사랑, 결혼	4.0
붉은 밤의 도시들	2.5
윌리엄 포크너	4.5
이반 데니소비치, 수용소의 하루	4.5
세상에서 제일 잘생긴 익사체	4.0
바틀비 / 베니토 세레노 / 수병, 빌리 버드	3.5
베를린이여 안녕	3.5
자전거를 탄 세 남자	3.5
깡패단의 방문	4.5
빌리 린의 전쟁 같은 휴가	4.0
런던 필즈	4.5
굿바이, 콜럼버스	3.5
게리 쿠퍼여 안녕	3.5
제비뽑기	4.0
미겔 스트리트	3.0
포트노이의 불평	3.0
붐 그리고 포스트붐	4.5
플로베르의 앵무새	5.0
마지막 숨결	4.5
첫사랑, 마지막 의식	4.0
완벽주의자	3.5
럭키 짐	5.0
휴먼 스테인	4.5
코틀로반	4.5
보트 위의 세 남자	4.0
페레이라가 주장하다	4.5
여왕마저도	4.0
테러리스트	3.5
암스테르담	5.0
더크 젠틀리의 성스러운 탐정사무소	5.0
진흙발의 오르페우스	4.5
기괴한 라디오	4.0
싱글 맨	4.0
드러누운 밤	4.0
진 브로디 선생의 전성기	4.5
신의 축복이 있기를, 로즈워터 씨	3.5
타인들의 책	3.0
버지니아 울프 단편소설 전집	5.0
대프니 듀 모리에	4.0
날 죽이지 말라고 말해줘! - 스페인·라틴아메리카	4.5
노리스 씨 기차를 갈아타다	4.0
현기증.감정들	4.0
해가 저문 이후	5.0
자정 4분 뒤	3.0
방황	3.5
코뿔소 가죽	3.0
밤은 부드러워라	5.0
메피스토	3.0
걸어보지 못한 길	4.5
라쇼몽	4.0
바인랜드	5.0
젊은 의사의 수기.모르핀	4.0
외로운 남자	4.5
백년 동안의 고독	4.5
전락	4.0
헨리 제임스	3.5
그들의 눈은 신을 보고 있었다	3.0
아가씨와 철학자	4.0
나사의 회전	4.0
오른쪽 주머니에서 나온 이야기 왼쪽	3.5
여학생	4.0
멍청이의 포트폴리오	3.5
긴 이별을 위한 짧은 편지	4.0
고도를 기다리며	4.0
제임스 그레이엄 밸러드	4.0
체호프 단편선	4.0
행복한 그림자의 춤	4.0
10 1/2장으로 쓴 세계 역사	4.5
자기 앞의 생	4.0
마음	3.5
난 당신과 자지 않았어요	3.5
배반	5.0
유년기의 끝	4.0
그게 누구였는지만 말해봐	4.0
제발 조용히 좀 해요	4.5
기나긴 이별	5.0
빛과 물질에 관한 이론	4.5
내 인생, 단 하나뿐인 이야기	4.0
매천야록	4.0
예감은 틀리지 않는다	4.0
그레이엄 그린	4.5
돼지가 우물에 빠졌던 날	5.0
둠즈데이 북	4.5
오렌지만이 과일은 아니다	3.0
불한당들의 세계사	4.0
장맛비가 내리던 저녁 - 중국	3.5
이 얼마나 천국 같은가	4.5
염소의 축제	4.5
파계	3.5
새들은 페루에 가서 죽다	4.0
잔해	4.5
쓰가루.석별.옛날이야기	5.0
이문구 작품집	4.0
우울과 몽상	4.0
밤의 군대들	3.0
시르트의 바닷가	2.0
제2차 세계대전의 기원	5.0
태양은 다시 떠오른다	5.0
모두가 나의 아들	4.5
윌리엄 트레버	5.0
19세기 영국 소설과 영화	3.0
남아 있는 나날	4.5
덩케르크	3.0
깨끗하고 밝은 곳	5.0
미망 / 오마니별 외	5.0
꼬마 백만장자 삐삐	3.5
삐삐는 어른이 되기 싫어	3.5
호비트	4.0
꼬마 정원	4.0
찰리와 거대한 유리 엘리베이터	3.0
마녀를 잡아라	3.0
시튼 동물기	4.5
신기한 스쿨버스	4.0
어린이를 위한 마시멜로 이야기	3.0
잠옷 파티	4.0
아씨방 일곱동무	3.0
양파의 왕따일기	3.5
어서오세요, 305호에!	4.5
나쁜 어린이표	3.5
민핀	4.5
구렁덩덩 새 선비	3.0
동물회의	4.0
고릴라	3.0
윌리와 휴	3.5
미술관에 간 윌리	3.0
돼지책 (100쇄 기념판)	4.0
차라투스트라는 이렇게 먹었다	3.5
화재감시원	4.0
경이로운 도시	5.0
필경사 바틀비 - 미국	4.5
해리스 버딕과 열네 가지 미스터리	4.5
유다의 고백	4.0
날개	5.0
인간 실격	4.5
파리와 런던의 밑바닥 생활	4.5
해부학자	3.5
헨리 키신저의 회복된 세계	5.0
악몽을 파는 가게	4.5
퀴어	3.5
꿈의 노벨레	4.0
탁류	3.0
동급생	5.0
내 영혼의 아틀란티스	4.5
샤이닝 	3.5
스티븐 킹 단편집	4.0
톰 고든을 사랑한 소녀	5.0
양 목에 방울달기	4.5
16세 아빠 샘의 고백	4.0
언 애듀케이션	3.5
내 어린고양이와 늙은개	4.5
SF 명예의 전당 1 : 전설의 밤	4.5
키다리 아저씨	4.0
톰 아저씨의 오두막	4.0
아라비안나이트	5.0
작은 아씨들	4.0
크리스마스 캐럴	3.5
사랑의 학교	5.0
자살토끼의 귀환	3.0
블러드차일드	4.0
마지막으로 할 만한 멋진 일	3.5
토탈호러 1	4.5
노스트라다무스 세기말 대예언	2.5
독일 미스테리 걸작선	4.5
돌아온 자살토끼	3.0
시핑 뉴스	5.0
팅커, 테일러, 솔저, 스파이	5.0
도둑맞은 편지	3.5
미다스의 노예들	4.5
셜록 홈즈 전집 7 : 셜록 홈즈의 귀환	4.0
셜록 홈즈 전집 8 : 셜록 홈즈의 마지막 인사	3.5
셜록 홈즈 전집 6 : 셜록 홈즈의 회상	4.0
셜록 홈즈 전집 5 : 셜록 홈즈의 사건	4.0
셜록 홈즈 전집 4 : 셜록 홈즈의 모험	4.5
셜록 홈즈 전집 2 : 배스커빌의 개	5.0
셜록 홈즈 전집 1 : 공포의 계곡	4.0
제49호 품목의 경매	5.0
빛 혹은 그림자	4.5
뜨거운 양철 지붕 위의 고양이.유리 동물원	4.5
홍어	4.5
보이지 않는 도시들	4.5
미스터 메르세데스	3.0
인형의 집	3.0
돌로레스 클레이본	3.0
일러스트레이티드 맨	3.5
무정	4.0
모래톱 이야기	3.5
시미가의 붕괴	3.5
마녀와 성녀	3.0
연을 쫓는 아이	4.0
사과와 다섯 병정	4.0
금시조	4.0
하늘을 나는 교실	5.0
한밤중 톰의 정원에서	4.0
산적의 딸 로냐	3.5
라스무스와 방랑자	4.5
엄지소년과 엄지소녀	3.5
엄지 소년	3.5
마법에 걸린 전화기	4.0
산 너머 남촌	4.0
유자 소전	4.5
박경리 단편선	4.5
청산댁 해구 누님의 초상 목선	4.0
도요새에 관한 명상 / 환멸을 찾아서 외	4.0
어둠의 혼 외	4.5
도둑견습	5.0
객지	4.0
장사의 꿈	3.5
완장	4.0
장마	4.5
아홉 켤레의 구두로 남은 사내	4.0
왕에게 고하라	3.5
다빈치의 그림자	4.0
퐁퐁 달리아	3.0
모든 것은 바다가 된다	3.5
악몽의 엘리베이터	3.5
자비를 구하지 않는 여자	3.0
스피릿 바운드	3.0
이스트, 웨스트	4.0
스탠 바이 미	5.0
허클베리 핀의 모험	4.5
코스모스	4.5
정의란 무엇인가	4.5
이솝 우화집	3.5
너도 하늘말나리야 	3.5
마법의 설탕 두 조각	4.5
에밀과 탐정들	4.5
아주 특별한 우리 형	3.5
배려	4.0
영화가 얼레꼴레	4.0
영차영차 영국축구	4.0
올록볼록 올림픽	4.0
질병이 지끈지끈	3.0
핵 폭발 뒤 최후의 아이들	3.5
루팡의 소식	4.5
가방 들어주는 아이	3.5
오세암	3.0
연탄길	3.0
아웃라이어	4.0
논리야 놀자	3.0
두 파산	4.0
연어	4.0
마당을 나온 암탉	3.0
종의 기원	4.5
하악하악	1.5
스티븐 킹 단편집	4.5
여자 제갈량	4.0
너의 이름은.	4.0
신과 함께 : 이승편	4.5
창백한 말	4.5
어둠의 목소리 궤담	3.5
토미에 PART 소이치의 일기	3.5
어둠의 목소리	3.5
미미의 괴담	3.5
지옥별 레미나	3.5
공포의 물고기	3.5
소용돌이 합본판	4.5
심야식당	4.0
먹는 존재	3.5
마오의 대기근	4.5
이상 소설 전집	5.0
그 여자네 집	4.0
관촌수필	5.0
올리버 트위스트	3.5
사람은 무엇으로 사는가	4.0
호빗	4.0
당신들의 천국	4.5
뉴문	2.5
브레이킹 던	2.0
바리데기	3.0
안네의 일기	4.0
운수 좋은 날 「현진건」	3.0
마시멜로 두 번째 이야기	2.0
무진기행	4.5
소란한 보통날	3.5
시간을 달리는 소녀	3.5
죽기 전에 꼭 들어야 할 팝송 1001	4.0
살로메	3.5
죽기 전에 꼭 들어야 할 앨범 1001	4.0
말괄량이 길들이기	3.5
런던통신 1931-1935	3.5
해리 포터와 비밀의 방	4.0
청소부 밥	3.5
봉순이 언니	3.0
위저드 베이커리	4.5
반쪼가리 자작	4.0
존재하지 않는 기사	4.0
나무 위의 남작	4.0
영혼을 위한 닭고기 수프 1	3.0
1,100만 명을 어떻게 죽일까?	3.0
광란의 일요일 - 전2권 (한글판 + 영문판)	3.0
미를 추구하는 예술가	4.0
스파이더맨 / 데드풀 이슈	5.0
사키	4.0
아카펠라	3.5
김약국의 딸들	3.5
상록수	3.5
젊은 느티나무	5.0
님의 침묵	4.5
사회계약론	4.0
B사감과 러브레타	4.0
인간 문제	4.0
여자의 일생	3.5
고사신편	4.5
메밀꽃 필 무렵	4.5
목민심서	3.0
하루하루가 세상의 종말	3.0
인간의 굴레에서	4.5
높은 성의 사내	3.5
미국을 만든 책 25	3.5
노란집	3.5
피아노 치는 여자	2.0
문명의 붕괴	4.5
운현궁의 봄	5.0
어느 미친 사내의 5년 만의 외출	3.5
사볼타 사건의 진실	5.0
세계대전 Z 외전	3.0
좀비 서바이벌 가이드	4.0
문화의 수수께끼	4.5
모나드의 영역	2.0
남쪽으로 튀어!	4.0
무코다 이발소	3.0
꿈의 도시	3.5
가위남	3.5
신이 죽었다	2.0
구르미 그린 달빛 포토 에세이	2.0
미국사 다이제스트 100	3.5
스네이크 스킨 샤미센	2.0
픽션들	4.5
목소리 섬	4.0
큰바위 얼굴	3.5
아르센 벵거	5.0
데이먼 러니언	4.0
제임스 서버	3.0
러브크래프트 전집 1	3.0
그림자 인형	2.0
언더그라운드 맨	4.5
환성	4.0
심홍	2.5
그 개는 무엇을 보았나	5.0
셜록 : 크로니클	4.5
하늘과 바람과 별과 詩	4.5
소설가 구보씨의 일일	4.5
왜 지금 지리학인가	5.0
수난이대 「하근찬」	4.0
모래의 여자	3.0
사씨남정기	3.0
병신과 머저리	4.0
서울, 1964년 겨울	4.5
뇌	3.0
베르나르 베르베르의 상상력 사전	4.5
파라다이스	3.5
환상특급	4.5
최후의 날 그후	3.0
파이 이야기	3.5
도매가로 기억을 팝니다	4.5
안드로이드는 전기양의 꿈을 꾸는가?	5.0
언더 더 스킨	5.0
인생의 베일	4.0
세계대전 Z	5.0
기생수	4.5
나는 전설이다	4.0
추운 나라에서 돌아온 스파이 + 죽은 자에게 걸려 온 전화 (합본, 특별판)	4.5
너의 이름은.	2.5
우리들의 행복한 시간	4.0
부드러운 양상추	3.5
반짝반짝 빛나는	4.5
호텔 선인장	5.0
늑대의 유혹	3.0
무소의 뿔처럼 혼자서 가라	4.0
플래티나 데이터	3.0
탐정 클럽	2.5
다잉 아이	2.5
명탐정의 규칙	4.0
당신 인생의 이야기	5.0
은하수를 여행하는 히치하이커를 위한 안내서 - 합본	5.0
아무도 말하지 않는 미국 현대사 1	5.0
침묵의 봄	5.0
군주론	3.0
닥치고 정치	0.5
멘사 사고력 퍼즐	2.5
성균관 유생들의 나날	2.5
만들어진 신	5.0
세상에 너를 소리쳐!	3.0
한권으로 읽는 세종대왕실록	4.0
전쟁의 세계사	4.5
2차세계대전사	4.5
2차세계대전사	4.5
고양이 대학살	4.0
난중일기	3.5
조선 왕 독살사건	3.0
조선왕조실톡	3.0
하이디	4.5
마당을 나온 암탉 (반양장)	3.5
내 이름은 삐삐 롱스타킹	4.5
나니아 연대기	5.0
비밀의 화원	4.0
로테와 루이제	4.0
제임스와 슈퍼 복숭아	3.5
15소년 표류기	4.0
샬롯의 거미줄	4.0
위대한 마법사 오즈	3.5
마틸다 (반양장)	4.5
맛	4.0
조지, 마법의 약을 만들다	3.0
아북거, 아북거	4.5
찰리와 초콜릿 공장 	3.5
멍청씨 부부 이야기	2.5
헤밍웨이 죽이기	4.0
삼국지	5.0
셜록 홈즈 전집 1	5.0
셰익스피어 4대 희극	3.5
디너	2.5
루쉰 소설 전집	4.5
내가 필요하면 전화해	4.0
가든 파티	4.0
플래너리 오코너	4.5
야간 비행	5.0
딱 90일만 더 살아볼까	4.5
픽션	4.0
어바웃 어 보이	3.5
피버 피치	5.0
천일야화	4.0
알퐁스 도데 단편선	4.5
필스	4.0
트레인스포팅	5.0
캐주얼 베이컨시 1	3.0
리츠 호텔만 한 다이아몬드	4.5
광인일기	5.0
비곗덩어리	4.0
쇼퍼홀릭 2권 -	2.5
브로크백 마운틴	5.0
이름 없는 자들의 도시	2.5
시튼 동물기	4.5
개를 데리고 다니는 부인	3.5
환상동화집	3.5
거울나라의 앨리스	3.0
웜 바디스	2.0
퍼시 잭슨과 번개 도둑	3.0
파이트 클럽	4.5
미저리	5.0
그것	4.5
그린 마일	3.0
캐리	3.0
옥수수밭의 아이들	3.0
리시 이야기	4.5
애완동물 공동묘지 -	3.0
셀	3.5
스탠드	3.0
모든 일은 결국 벌어진다 -	4.5
리타 헤이워드와 쇼생크 탈출	4.5
언더 더 돔	4.5
안 그러면 아비규환	4.5
11/22/63 	4.5
조이랜드	4.5
닥터 슬립 1	2.5
롱 워크	5.0
별도 없는 한밤에	4.5
리바이벌	3.0
홍당무	4.5
피터 팬	5.0
더블린 사람들	5.0
오두막	3.0
위험한 관계	3.0
소공녀	3.5
마지막 수업	4.5
너무 시끄러운 고독	4.5
80일간의 세계 일주	4.0
벤자민 버튼의 시간은 거꾸로 간다	4.5
모멘트	3.5
도리언 그레이의 초상	4.5
이상한 나라의 앨리스 (한글판 + 영문판 합본)	4.5
검은 고양이	3.0
템테이션	3.5
플랜더스의 개	3.0
80일간의 세계일주	4.5
빨간 머리 앤	4.5
지킬 박사와 하이드	4.0
오즈의 마법사	4.0
로드	5.0
주홍 글자	4.5
오 헨리	4.0
마지막 잎새	4.0
아낌없이 주는 나무	3.5
폭풍의 언덕	5.0
베니스의 상인	4.0
탈무드	4.0
눈먼 자들의 도시	3.0
창문 넘어 도망친 100세 노인	3.0
제5도살장	4.5
대성당	5.0
디어 라이프	4.5
캔터빌의 유령	3.0
맨해튼 트랜스퍼	4.0
도깨비불	3.5
클레브 공작부인	3.5
목로주점	4.0
한밤의 아이들	5.0
달려라, 토끼	5.0
정글북	3.0
미크로메가스.캉디드 혹은 낙관주의	5.0
카사노바의 귀향.꿈의 노벨레	3.0
절망	4.5
설득	3.5
어두운 상점들의 거리	4.0
피로 물든 방	3.5
한때 흑인이었던 남자의 자서전	3.0
슬픈 짐승	2.5
소송	4.5
왼손잡이	4.0
황금 물고기	4.0
판탈레온과 특별봉사대	4.5
안나 카레니나	5.0
팔코너	5.0
감상소설	4.5
호텔 뒤락	3.0
고야산 스님.초롱불 노래	5.0
장미의 이름	5.0
롤리타	5.0
멋진 신세계	3.5
잃어버린 시간을 찾아서	4.5
아Q정전	5.0
헤밍웨이 단편선	3.5
에드거 앨런 포 단편선	3.5
데카메론	3.0
구르브 연락 없다	5.0
에마	3.5
알레프	5.0
페스트	5.0
왕자와 거지	4.0
거장과 마르가리타	5.0
아우라	3.0
페널티킥 앞에 선 골키퍼의 불안	4.5
뻐꾸기 둥지 위로 날아간 새	5.0
길 위에서	5.0
벨아미	3.5
오스카 와일드 작품선	5.0
세일즈맨의 죽음	4.5
면도날	5.0
브루스터플레이스의 여자들	2.5
금오신화	4.0
톰 소여의 모험	4.5
요술 부지깽이	4.5
북호텔	4.0
홍길동전	3.5
피츠제럴드 단편선	5.0
캐치-22	5.0
도둑 일기	3.5
순수의 시대	5.0
그물을 헤치고	4.0
카타리나 블룸의 잃어버린 명예	3.5
브람스를 좋아하세요...	3.5
분노의 포도	5.0
오늘을 잡아라	4.5
한여름 밤의 꿈	4.5
로미오와 줄리엣	4.0
풀잎은 노래한다	3.5
삼국유사	4.5
포스트맨은 벨을 두번 울린다	5.0
마사 퀘스트	4.0
욕망이라는 이름의 전차	5.0
이성과 감성	3.5
돼지꿈	4.5
시계태엽 오렌지	4.5
달콤 쌉싸름한 초콜릿	3.5
네루다의 우편배달부	5.0
포르노그라피아	2.5
춘향전	4.0
맥베스	4.0
차라투스트라는 이렇게 말했다	4.5
런던 스케치	4.5
내가 죽어 누워 있을 때	5.0
대머리 여가수	4.5
밤으로의 긴 여로	5.0
설국	4.5
오셀로	4.0
수레바퀴 아래서	4.0
거미여인의 키스	3.5
마담 보바리	4.0
농담	4.5
양철북	4.5
다섯째 아이	4.0
너새니얼 호손 단편선	4.0
변신.시골의사	4.5
이방인	5.0
1984	4.0
오만과 편견	5.0
연금술사	3.0
천 번을 흔들려야 어른이 된다	2.0
시크릿	3.0
사랑손님과 어머니	4.5
광수생각	4.0
호밀밭의 파수꾼	5.0
십자군 이야기 	4.5
걸리버 여행기	4.5
모랫말 아이들	3.0
제인 에어 	4.0
몽실 언니	3.5
엄마의 말뚝	4.5
난장이가 쏘아올린 작은 공	4.0
마당깊은 집	5.0
파브르 곤충기	4.5
헝거 게임	3.5
갈매기의 꿈	3.5
슬램덩크	5.0
종이 여자	3.5
28	3.0
신과 함께 : 저승편	4.0
덕혜옹주	4.0
소나기	4.5
봄.봄 「김유정」	4.0
그리스인 조르바	3.0
구운몽	4.5
파리대왕	4.0
모리와 함께한 화요일	3.5
달과 6펜스	4.5
트와일라잇	3.5
먼나라 이웃나라	5.0
그 많던 싱아는 누가 다 먹었을까	4.5
오체 불만족	3.5
참을 수 없는 존재의 가벼움	4.5
톨스토이 단편선	4.0
괭이부리말 아이들	4.0
빅 픽처	4.0
공중그네	4.5
우동 한 그릇	4.5
완득이	4.0
누가 내 치즈를 옮겼을까?	3.0
1Q84	3.0
모모	5.0
우리들의 일그러진 영웅	4.0
향수	4.0
해리 포터와 불의 잔	4.5
아프니까 청춘이다	2.0
위대한 개츠비	5.0
가시고기	4.0
마시멜로 이야기	3.0
데미안	4.5
나의 라임 오렌지나무	4.0
동물농장	4.0
어린 왕자	4.5
해리 포터와 마법사의 돌	4.0
