﻿묘진전	4.0
태백산맥	4.5
트와일라잇	4.0
신과 함께 : 이승편	4.0
신과 함께 : 저승편	4.0
엄마를 부탁해	3.5
나의 라임 오렌지나무	4.0
뿌리 깊은 나무	5.0
데미안	4.0
어린 왕자	4.5
수레바퀴 아래서	4.5
1984	5.0
7년의 밤	4.0
몽실 언니	4.5
랑랑별 때때롱	4.5
강아지똥	5.0
나무를 심은 사람	5.0
영원한 제국	5.0
노빈손의 버뮤다 어드벤처	4.0
노빈손의 아마존 어드벤처	3.5
로빈슨 크루소 따라잡기	4.0
어느 날 내가 죽었습니다	4.0
완득이	3.0
Why? 환경	4.5
조선 최초의 여자 어의 대장금	3.0
섬과 개	4.0
노빈손의 세계도시탐험	4.0
Why? 발명.발견	4.5
보물섬	5.0
시튼 동물기	5.0
책 먹는 여우와 이야기 도둑	4.5
Why? 독 있는 동식물	4.5
아라비안나이트	4.5
바리공주	4.0
은혜 갚은 꿩	4.5
프랑스에서 보물찾기	3.5
Why? 우주	4.5
일본에서 보물찾기	3.5
네 손가락의 피아니스트 희아의 일기	4.0
돌아온 진돗개 백구	5.0
이집트에서 보물찾기	3.5
맹꽁이 서당	4.5
황당한게 딱! 좋아!	1.0
이라크에서 보물찾기	4.0
쇼킹한 게 딱 좋아	1.5
21세기 먼나라 이웃나라	4.0
안내견 탄실이	5.0
곤충 세계에서 살아남기	4.5
아주 특별한 우리 형	4.0
서울쥐와 시골쥐	4.0
남극에서 살아남기	3.5
동굴에서 살아남기	4.0
코믹 메이플 스토리 오프라인 RPG	4.0
마법천자문	4.0
지진에서 살아남기	4.0
초원에서 살아남기	4.0
무서운 게 딱! 좋아!	3.0
빙하에서 살아남기	4.0
사막에서 살아남기	4.0
아마존에서 살아남기	4.0
꽃들에게 희망을	5.0
자전거 도둑	4.0
수학귀신	3.5
만화로 보는 그리스 로마 신화	5.0
낮에 뜨는 달	4.0
식객	5.0
안나라수마나라	4.5
허클베리 핀의 모험	4.5
등대지기	4.5
우리들의 일그러진 영웅	4.0
김연아의 7분 드라마	3.0
베르나르 베르베르의 상상력 사전	4.0
연어	4.5
15소년 표류기	4.0
해를 품은 달	4.5
도레미파솔라시도	2.5
메밀꽃 필 무렵	5.0
꽃들에게 희망을	5.0
하늘과 바람과 별과 詩	5.0
해리 포터와 불사조 기사단	4.0
먼나라 이웃나라	4.5
오체 불만족	3.5
아홉살 인생	4.5
자살토끼	4.0
우아한 거짓말	4.0
리버 보이	3.0
마당을 나온 암탉 (반양장)	3.5
햄릿	5.0
마지막 잎새	5.0
갈매기의 꿈	5.0
소나기	5.0
노인과 바다	4.5
완득이	3.5
운수 좋은 날 「현진건」	4.5
향수	5.0
해리 포터와 죽음의 성물	4.5
해리 포터와 불의 잔	4.0
해리 포터와 아즈카반의 죄수	4.0
위대한 개츠비	4.0
어린 왕자	5.0
데미안	4.0
가시고기	4.5
해리 포터와 비밀의 방	5.0
해리 포터와 혼혈왕자	4.0
동물농장	4.0
어떤 하루	2.0
다 빈치 코드	4.5
파브르 곤충기	5.0
해리 포터와 마법사의 돌	4.5
상대적이며 절대적인 지식의 백과사전	4.0
소설 동의보감 - 전3권	5.0
항아리	4.0
이방인	5.0
개미	5.0
