﻿숨은 도쿄 맛집	4.0
이우일, 카리브 해에 누워 데낄라를 마시다	3.0
올라! 스페인 Hola! Spain	3.0
어쩐지 두근거려요	4.5
부엔 까미노	3.5
꿈꾸는 다락방 2 - 실천편	0.5
룬의 아이들 - 데모닉	5.0
룬의 아이들 - 윈터러	4.0
80일간의 세계일주	5.0
대지	4.5
메밀꽃 필 무렵	5.0
82년생 김지영	0.5
찌질의 역사	4.0
이지성의 꿈꾸는 다락방	3.5
총 균 쇠	5.0
파피용	5.0
뇌	4.5
데스 노트 Death Note	3.0
반지의 제왕	3.0
왜 나는 너를 사랑하는가	3.5
먼나라 이웃나라	4.5
우리들의 일그러진 영웅	5.0
눈먼 자들의 도시	4.5
멈추면, 비로소 보이는 것들	0.5
도가니	5.0
해리 포터와 죽음의 성물	3.0
해리 포터와 불의 잔	4.5
동물농장	4.5
어린 왕자	5.0
아프니까 청춘이다	3.0
해리 포터와 혼혈왕자	3.0
사람이 먼저다	0.5
페미니즘의 도전	0.5
모두를 위한 페미니즘	0.5
덴마 Denma	3.5
대한민국 개조론	0.5
치즈 인 더 트랩	4.0
어린 왕자	5.0
페미니즘의 개념들	0.5
혐오의 미러링	0.5
젠더 : 행복한 페미니스트	0.5
지금 여기 페미니즘	0.5
거리에 선 페미니즘	0.5
페미니스트 선생님이 필요해	0.5
철학 하는 여자가 강하다	0.5
여혐, 여자가 뭘 어쨌다고	0.5
그건 혐오예요	0.5
나의 페미니즘 공부법	0.5
페미니스트, 마초를 말하다	0.5
지극히 사적인 페미니즘	0.5
은하계 최초 잡놈 김어준 평전	0.5
페미니스트 모먼트	0.5
빨래하는 페미니즘	0.5
페미니스트 유토피아	0.5
여성혐오, 그 후	0.5
처음부터 그런 건 없습니다	0.5
나는 당당한 페미니스트로 살기로 했다	0.5
노오력의 배신	0.5
언니들의 페미니즘	0.5
닥치고 정치	0.5
한국 남성을 분석한다	0.5
온갖 무례와 오지랖을 뒤로하고 페미니스트로 살아가기	0.5
페미니즘 선언	0.5
절망은 나를 단련시키고 희망은 나를 움직인다	0.5
헬페미니스트 선언, 그날 이후의 페미니즘	0.5
연금술사	2.5
여자들은 자꾸 같은 질문을 받는다	0.5
강남역 10번 출구, 1004개의 포스트잇	0.5
명탐정 코난	2.5
여혐민국	0.5
세월호, 그날의 기록	0.5
양성평등에 반대한다	0.5
학교에 페미니즘을	0.5
근본없는 페미니즘	0.5
해리 포터와 불사조 기사단	3.5
나의 산티아고, 혼자이면서 함께 걷는 길	4.0
슬램덩크 오리지널 박스판 세트 - 전5권	5.0
슬램덩크	5.0
미생	0.5
초속 5센티미터	5.0
원피스 ONE PIECE	0.5
강철의 연금술사	5.0
헌터x헌터 HunterXHunter 신장판	0.5
콰이어트 Quiet	2.5
문재인의 운명	0.5
저는 남자고, 페미니스트입니다	0.5
미생	0.5
CEO 안철수, 지금 우리에게 필요한 것은	3.5
아일랜드	5.0
해리 포터와 마법사의 돌	5.0
양반전 호질 허생전	4.0
집으로 가는 길	4.0
아인	4.5
진격의 거인	3.5
신과 함께 : 저승편	3.0
내몸 사용설명서	3.0
시크릿 두 번째 이야기	0.5
원펀맨 One Punch Man	0.5
해리 포터와 비밀의 방	4.0
해리 포터와 아즈카반의 죄수	4.0
1만권 독서법	0.5
유미의 세포들	0.5
7일 공부법	0.5
1천 권 독서법	0.5
