﻿쇼코의 미소	3.0
자기만의 방	5.0
아이들은 즐겁다 	5.0
여중생A	4.5
죽음에 관하여	4.0
창백한 말	3.5
홀가분 연습	5.0
왜 세계의 절반은 굶주리는가?	4.0
보노보노처럼 살다니 다행이야	4.0
바람과 함께 사라지다 -	4.0
철학 콘서트 1	2.5
인문학 명강 동양고전	5.0
삼국지	5.0
괭이부리말 아이들	4.5
한비야의 중국견문록	2.0
마당깊은 집	3.5
꽃으로도 때리지 말라	4.0
두근두근 내 인생	4.0
마시멜로 두 번째 이야기	4.0
미움받을 용기	3.5
정의란 무엇인가	3.5
위대한 개츠비	4.0
한여름 밤의 꿈	3.5
모킹제이	4.0
서울 시	2.0
헝거 게임	4.0
베니스의 상인	3.0
