﻿가시고기	3.5
흰	4.0
우리가 함께 장마를 볼 수도 있겠습니다	3.5
민주화 이후의 민주주의	4.0
공산당선언	5.0
비브르 사 비 Vivre Sa Vie	3.5
해리	3.5
처음 읽는 여성 세계사	3.5
도킨스의 망상	2.5
도킨스의 신	3.0
암흑의 핵심	4.0
좀도둑 가족	4.0
무엇을 선택할 것인가	3.5
침묵의 봄	5.0
남한산성	4.5
세상이 끝날 때까지 아직 10억 년	4.0
1984	5.0
국경의 남쪽, 태양의 서쪽	3.5
시계태엽 오렌지	4.5
연애시대	4.5
지구에서 한아뿐	3.5
사랑하면 보인다	3.0
역사의 역사	3.5
프래그먼트	3.0
왜 나는 법을 공부하는가	3.5
저주받으리라, 너희 법률가들이여!	4.0
프레임 전쟁	4.5
나쁜 나라들	3.5
죽고 싶지만 떡볶이는 먹고 싶어	3.0
싯다르타	4.5
꽃잎이 떨어져도 꽃은 지지 않네	3.5
세상의 평화를 위해 기도하라, 저항하라	3.5
웜 바디스	3.5
아직도 가야 할 길	4.0
그리스도교 여성사	4.0
스타워즈	4.0
다시, 민주주의를 말한다	3.0
세계의 역사	4.0
여성 혐오를 혐오한다	3.5
모두를 위한 페미니즘	4.0
라면을 끓이며	4.0
홍준표가 답하다	1.0
무지개를 풀며	3.5
맨박스	3.5
스타워즈로 본 세상	3.5
역사	4.0
맹자	4.5
남자가 월경을 한다면	3.5
지구의 정복자	3.5
오렌지 캬라멜의 청춘여행	2.5
노무현은 왜 조선일보와 싸우는가	3.5
극한의 경험	3.5
슬램덩크	4.5
50억 년 동안의 고독	4.0
백종원의 장사 이야기	1.0
하워드 진 살아있는 미국역사	2.5
석유 종말시계	4.0
촛불혁명	4.0
지구의 절반	3.5
가끔 이유 없이 눈물이 날 때가 있다	3.0
유에서 유	4.0
카페베네 이야기	1.0
개인주의자 선언	3.5
러시아 혁명사 강의	4.0
예루살렘의 아이히만	5.0
한국 남성을 분석한다	3.5
현남 오빠에게	3.0
러시아의 맥베스 부인	4.0
콘택트	4.5
우주를 느끼는 시간	4.0
당신이라는 바람이 내게로 불어왔다	3.5
고 녀석 맛있겠다	4.0
프랑스혁명 성찰 / 독일 국민에게 고함	4.0
그래도, 사랑	3.0
불안의 개념 / 죽음에 이르는 병	4.5
교황의 경제학	3.5
복음의 기쁨	4.5
감정노동의 시대, 누구를 위한 감정인가?	4.0
칼 세이건의 말	3.5
그 남자는 왜 이상해졌을까?	3.5
고도를 기다리며	4.5
벤자민 버튼의 시간은 거꾸로 간다	4.0
브람스를 좋아하세요...	4.0
동굴	3.5
그리스철학자열전	4.0
향연	4.5
우주에는 신이 없다	3.0
라틴어 수업	3.5
언제 들어도 좋은 말	4.0
아마테라스에서 모노노케 히메까지	4.0
부활	4.5
클린트 이스트우드	3.5
입 속의 검은 잎	4.0
위도 10도	4.5
비굴의 시대	3.5
한권으로 읽는 대한민국 대통령실록	3.0
신을 옹호하다	4.0
에비타 페론	3.0
변경	4.5
손석희 스타일	2.5
달라이 라마의 종교를 넘어	3.5
미래의 진보	3.5
거룩한 테러	3.5
앙리 드 툴루즈 로트레크	4.0
세계에서 가장 아름다운 성당 100	4.0
마션	4.0
아메리칸 프로메테우스	4.0
그것	4.0
위대한 CEO 엘리자베스 1세	3.0
벨벳 토끼 인형	4.0
더 테이블	3.5
지금 꼭 안아줄 것	3.5
82년생 김지영	3.5
스타워즈 백과사전	4.0
러시아 혁명	4.0
물리학자는 영화에서 과학을 본다	3.5
그림으로 보는 시간의 역사	4.0
사진과 그림으로 보는 케임브리지 이슬람사	4.0
사진과 그림으로 보는 케임브리지 중국사	4.0
사진과 그림으로 보는 케임브리지 프랑스사	4.0
사진과 그림으로 보는 케임브리지 독일사	4.0
위대한 협상	3.5
청춘시대	4.0
즐겁게 살자, 고민하지 말고	3.5
내 여자의 열매	4.0
도쿄 타워	3.5
철학의 책	2.5
TIME	4.5
감응의 건축	4.0
기적의 도서관	3.5
내 사람이다	2.5
열린사회와 그 적들	4.5
지성에서 영성으로	3.5
어느 무신론자의 기도	3.0
송건호 평전	4.0
한국언론 바로보기 100년	4.0
연애소설	3.5
안녕, 언젠가	3.0
사랑을 주세요	3.5
나이트	4.5
삼성을 생각한다	4.0
왜 세계의 절반은 굶주리는가?	4.0
피케티의 <21세기 자본> 바로읽기	2.5
21세기 자본	4.0
세계가 만일 100명의 마을이라면	3.5
이토록 영화 같은 당신	3.5
The Wes Anderson Collection: The Grand Budapest Hotel	3.5
모모	4.0
못난 아빠	3.5
대부 시나리오 & 제작노트	4.5
클라우드 아틀라스	4.0
한 달 후, 일 년 후	3.5
호모 루덴스	3.5
세상의 중심에서 사랑을 외치다	3.5
태양의 노래 : 태양이 지면 만나러 갈게	3.0
리버 보이	3.5
사랑하기 때문에	3.0
당신, 거기 있어 줄래요?	3.5
베로니카, 죽기로 결심하다	3.5
순례자	3.5
승자는 혼자다	3.0
달려라 정봉주	2.5
와주테이의 박쥐들	2.5
김정일과 카스트로가 경제위기를 만났을 때	3.5
임페리얼 크루즈	3.5
친구가 되어 주실래요?	4.0
나는 빠리의 택시운전사	3.5
테레즈 라캥	4.0
정의를 부탁해	3.5
팩트체크	3.5
하늘과 바람과 별과 詩	4.5
영화학교에서 배운 101가지	3.5
몽고반점	3.5
바람의 노래를 들어라	3.5
댄스 -	3.5
그들이 말하지 않는 23가지	4.0
사다리 걷어차기	4.0
나쁜 사마리아인들	4.0
모든 순간이 다 꽃으로 필 거예요	3.5
향기로 말을 거는 꽃처럼	3.5
민들레의 영토	4.0
매트릭스로 철학하기	3.5
나는 고발한다	4.5
멈추지 않는 도전 박지성	2.5
영원한 리베로	3.0
죽음의 수용소에서	4.0
우리의 선택	4.0
아이돌	3.0
모사드	4.0
성공하는 사람들의 7가지 습관	2.5
대통령의 시간 2008-2013	1.0
파이 이야기	4.5
설국열차	4.0
신, 인간 그리고 과학	4.5
ZOO	3.5
안드로이드는 전기양의 꿈을 꾸는가?	4.5
윤미네 집	4.5
지선아 사랑해	3.5
미국은 왜 신용불량 국가가 되었을까?	3.0
왜? 세계는 축구에 열광하고 미국은 야구에 열광하나	3.5
버니 샌더스의 정치 혁명	3.5
풀하우스	4.0
사람만이 희망이다	3.5
다른 길	4.0
그러니 그대 사라지지 말아라	4.0
이 시대의 사랑	4.0
어느 날 나는 흐린 酒店에 앉아 있을 거다	4.0
새들도 세상을 뜨는구나	4.0
국가의 사생활	3.5
멀리서 빈다	4.0
수학자의 아침	4.5
어떻게 전쟁을 끝낼 것인가	3.0
나는 왜 기독교인이 아닌가	3.5
런던통신 1931-1935	4.0
러셀 서양철학사	4.0
기형도 전집	4.5
에드워드 호퍼	3.5
416 세월호 민변의 기록	3.5
우리 모두가 세월호였다	3.5
내릴 수 없는 배	3.0
지상에서 가장 짧은 영원한 만남	5.0
나는 전설이다	4.0
세계대전 Z 외전	2.5
세계대전 Z	3.5
용의자 X의 헌신	3.5
방황하는 칼날	3.5
역사란 무엇인가	4.0
김혜리 기자의 영화야 미안해	4.0
처음 읽는 독일 현대철학	4.0
처음 읽는 영미 현대철학	3.5
처음 읽는 프랑스 현대철학	3.5
종교란 무엇인가	4.5
단테의 신곡 살인	2.0
신곡 - 연옥편	4.5
신곡 - 천국편	4.5
신곡 - 지옥편	4.5
팡세	4.0
파우스트	4.0
조봉암평전	3.5
교황과 나	3.5
슬픈 예수	3.0
낯익은 타인들의 도시	3.5
행동하는 예수	3.0
최인호의 눈물	3.5
살아 있는 것은 다 행복하라	3.5
무소유	4.5
최인호의 인생	3.5
다시 봄이 올 거예요	4.0
금요일엔 돌아오렴	4.0
분노하라	4.0
스테판 에셀의 참여하라	3.5
걷는 듯 천천히	3.5
술 취한 코끼리 길들이기	4.0
김대식의 인간 vs 기계	3.0
지적 대화를 위한 넓고 얕은 지식 : 현실 세계 편	3.5
이재명의 굽은 팔	3.0
인연	4.0
안철수의 생각	1.0
내 가슴을 다시 뛰게 할 잊혀진 질문	2.5
스토리 파우치북 - 전3권	3.0
유신	3.5
자유론	4.5
고백록	4.0
네 무덤에 침을 뱉으마	4.0
완벽하지 않은 것들에 대한 사랑	1.5
철도원	3.5
타인의 섹스를 비웃지 마라	2.5
만추	4.5
미장센	3.5
보통의 존재 	3.5
20세기 사상 지도	4.0
히틀러의 철학자들	4.0
히틀러 최후의 14일	3.5
히틀러는 왜 세계 정복에 실패했는가	3.5
폼페이	4.0
당신들의 조국	4.0
잘 있지 말아요	3.5
시네필 다이어리 2	3.5
시네필 다이어리	3.5
나만 알고 싶은 유럽 TOP10	3.0
세상물정의 사회학	3.5
통섭	4.0
지식의 대융합	3.5
우주이야기	4.0
무신론자에게 보내는 교황의 편지	3.5
박스오피스 경제학	3.5
변신.시골의사	4.5
생명의 정치	3.5
조제는 언제나 그 책을 읽었다	3.5
프로테스탄티즘의 윤리와 자본주의 정신	4.5
과학혁명의 구조	4.5
호모 데우스	4.5
거꾸로 보는 고대사	4.0
주식회사 대한민국	3.5
당신들의 대한민국 	3.5
자본론 공부	4.0
시크릿파일 국정원	3.5
여적	4.0
나를 보내지 마	4.0
남아 있는 나날	4.0
로드	4.0
카운슬러	3.5
노인을 위한 나라는 없다	4.0
엄청나게 시끄럽고 믿을 수 없게 가까운	4.0
시국 선언	3.5
그 쇳물 쓰지 마라	3.5
영원한 라이벌 김대중 VS 김영삼	3.5
담론	4.0
감옥으로부터의 사색	4.0
신경림의 시인을 찾아서	3.5
그 많던 싱아는 누가 다 먹었을까	3.5
삼국지	4.0
죽음이란 무엇인가	3.0
무궁화 꽃이 피었습니다	3.5
글자전쟁	3.0
황태자비 납치사건	3.5
1026	3.0
천년의 금서	3.5
한강	4.0
토지 	4.5
전쟁과 평화	4.0
안나 카레니나	4.0
버티는 삶에 관하여	3.5
김수영 전집	4.5
죽기 전에 꼭 봐야 할 영화 1001편	5.0
죽기 전에 꼭 읽어야 할 책 1001권	4.0
죽기 전에 꼭 봐야 할 명화 1001점	4.5
쿠엔틴 타란티노	3.5
잃어버린 시간을 찾아서	4.0
위대한 유산	4.5
립반윙클의 신부	4.0
온워드 Onward	2.5
픽사 이야기	3.5
무지개 원리	2.0
렘브란트의 유령	2.5
인페르노	3.5
천사와 악마	3.5
롱기누스의 창	2.5
십자군 이야기 	4.0
로마인 이야기 	4.0
여자다운 게 어딨어	3.5
맥베스	4.5
노르웨이의 숲	4.0
무정	4.0
어느 시골 신부의 일기	4.5
레미제라블	5.0
4월이구나, 수영아	3.5
바람 없는 천지에 꽃이 피겠나	3.5
노동의 종말	4.0
소유의 종말	4.5
육식의 종말	4.5
기후불황	4.5
종의 기원	5.0
무기의 그늘 -	4.0
밀양을 살다	3.5
상대적이며 절대적인 지식의 백과사전	3.5
죽음에 이르는 병	4.5
존재와 시간	4.5
그 사람 더 사랑해서 미안해	3.5
천국의 열쇠	4.5
침묵	4.5
오리엔탈리즘	4.5
다윈 지능	4.0
마음의 진화	3.5
에필로그	4.0
과학적 경험의 다양성	4.0
창백한 푸른 점	4.5
에덴의 용	3.5
라쇼몬	4.0
무기여 잘 있어라	4.0
노인과 바다	4.5
미래에서 기다릴게	3.5
눈사람 여관	3.5
바람이 분다 당신이 좋다	4.0
끌림 (리커버에디션)	3.5
폭풍의 언덕	4.0
우연과 필연	4.5
모든 사람을 위한 빅뱅 우주론 강의	4.0
초신성의 후예	4.0
호빗	4.5
황금나침반	4.0
권력이란 무엇인가	4.5
투명사회	4.0
심리정치	4.0
타자의 추방	4.0
시간의 향기	4.0
아름다움의 구원	4.0
에로스의 종말	4.5
페스트	4.5
미라클 모닝	3.0
구로사와 아키라 자서전 비슷한 것	4.0
신의 언어	4.5
반짝반짝 변주곡	3.5
생각이 나서	3.5
밤 열한 시	3.5
도플갱어	3.5
눈먼 자들의 도시	4.0
죽음을 넘어 시대의 어둠을 넘어	4.5
1995년 서울, 삼풍	4.0
엥겔스 평전	4.0
스티브 잡스	3.5
전태일 평전	4.0
다윈의 블랙박스	0.5
민주주의자 김근태 평전	3.5
체 게바라의 100가지 말	3.0
체 게바라의 모터사이클 다이어리	4.0
체 게바라 평전	4.0
다윈 진화론	3.0
다윈, 당신 실수한 거야!	2.5
다윈의 식탁	3.0
렛미인	4.0
캐롤	4.0
오만과 편견	4.5
신은 위대하지 않다	3.5
자비를 팔다	2.0
공감의 시대	4.0
사건으로 읽는 대한민국	3.5
함께 읽는 동아시아 근현대사	3.5
쟁점 한국사 : 현대편	3.5
베트남 전쟁	4.0
한국전쟁	4.5
박태균의 이슈 한국사	3.5
제3인류	3.5
인간	3.5
베르나르 베르베르의 상상력 사전	3.5
아버지들의 아버지	3.0
천사들의 제국	3.5
타나토노트	3.5
뇌	4.0
신을 위한 변론	4.5
축의 시대	5.0
뉴스의 시대	3.5
철학의 위안	3.5
무신론자를 위한 종교	2.5
불안	4.0
인간 본성에 대하여	4.5
생명의 편지	4.0
빨강머리 앤이 하는 말 (스페셜 에디션, 양장)	3.5
누비처네	5.0
의자놀이	4.0
무소의 뿔처럼 혼자서 가라	3.0
높고 푸른 사다리	3.5
즐거운 나의 집	3.0
공지영의 수도원 기행 	3.0
아침의 문	3.0
E=mc²	3.0
리어 왕	4.5
이동진의 부메랑 인터뷰 그 영화의 시간	3.0
골든 슬럼버	3.0
화장	3.5
죽음의 중지	4.0
대우주	3.0
옥수수와 나	3.0
몬순	3.5
핑거스미스	4.5
우주의 68가지 비밀	3.0
오두막	3.5
미분과 적분	3.0
현실, 그 가슴 뛰는 마법	3.0
위대한 설계	3.5
판결을 다시 생각한다	3.5
눈뜬 자들의 도시	4.0
종이달	3.5
이상 소설 전집	4.5
그 여자네 집	3.5
뿌리 이야기	3.5
왜냐하면 우리는 우리를 모르고	3.5
세월호, 그날의 기록	4.0
싸드 THAAD	3.5
서랍에 저녁을 넣어 두었다	4.0
판사유감	3.5
환상의 빛	3.5
아가씨 각본	3.0
바리데기	3.5
우리들의 행복한 시간	3.5
공허한 십자가	3.5
나쁜 페미니스트	3.5
문재인의 운명	3.0
파리대왕	4.0
공터에서	4.0
흑산	4.0
칼의 노래	4.5
안희정의 함께, 혁명	3.5
산다는 것은 끊임없는 시작입니다	3.5
운명이다	3.5
대한민국 개조론	3.5
그가 그립다	3.0
거꾸로 읽는 세계사	4.0
후불제 민주주의	3.5
노무현 김정일의 246분	3.0
국가란 무엇인가	4.0
유시민의 논술 특강	3.0
유시민의 글쓰기 특강	3.0
딸아, 외로울 때는 시를 읽으렴	3.0
지상 최대의 쇼	4.0
에덴의 강	3.0
이기적 유전자	4.5
시간과 공간	3.0
부의 미래	3.5
암흑 물질과 암흑 에너지	3.0
신의 생각	3.0
우리는 모두 별이 남긴 먼지입니다	3.5
나의 한국현대사	3.5
완득이	3.0
인터스텔라의 과학	3.5
등대지기	3.5
김대식의 빅퀘스천	3.5
슈뢰딩거의 고양이	3.5
리처드 도킨스 자서전	3.0
신은 주사위 놀이를 하지 않는다	4.0
개밥바라기별	4.0
코스모스	5.0
주문을 깨다	3.5
살인자들의 섬	4.0
프랑스 혁명에서 파리 코뮌까지, 1789~1871	4.0
딸아, 외로울 때는 시를 읽으렴 2 : 사랑 편	3.0
우리들의 일그러진 영웅	3.5
냉정과 열정사이 Rosso	3.5
운수 좋은 날 「현진건」	3.5
소나기	3.5
로스트 심벌	3.0
냉정과 열정사이 Blu	3.5
왜 종교는 과학이 되려 하는가	3.5
남쪽으로 튀어!	3.0
달콤한 나의 도시	2.5
해변의 카프카	4.5
그릿 GRIT	3.5
은교	4.0
내가 사랑한 유럽 TOP10	3.0
난장이가 쏘아올린 작은 공	3.5
봉순이 언니	3.5
공중그네	3.0
박사가 사랑한 수식	3.5
두근두근 내 인생	3.5
1cm+ 일 센티 플러스	2.5
멈추면, 비로소 보이는 것들	2.5
거의 모든 것의 역사	4.5
탈무드	4.0
외눈박이 물고기의 사랑	3.5
반지의 제왕	5.0
그리고 아무도 없었다	3.5
연금술사	3.5
국화꽃 향기	3.5
차라투스트라는 이렇게 말했다	3.5
태백산맥	4.5
어떻게 살 것인가	3.5
1Q84	4.5
소년이 온다	4.0
오두막 (100쇄 기념 특별판 리커버)	3.5
피로사회	4.0
참을 수 없는 존재의 가벼움	4.0
책은 도끼다	3.5
이방인	4.0
미움받을 용기 2	2.0
강신주의 감정수업	4.0
파피용	4.0
데미안	4.5
더 리더 - 책 읽어주는 남자	4.0
대한민국이 묻는다	3.0
정의란 무엇인가	4.0
그리스인 조르바	4.0
색채가 없는 다자키 쓰쿠루와 그가 순례를 떠난 해	3.5
지적 대화를 위한 넓고 얕은 지식 : 현실 너머 편	3.5
정글만리	4.0
신	4.0
엄마를 부탁해	3.5
개미	4.5
닥치고 정치	3.0
하악하악	3.0
총 균 쇠	4.5
야생초 편지	3.5
미움받을 용기	2.0
사랑하라 한번도 상처받지 않은 것처럼	3.5
채식주의자	4.0
리처드 도킨스의 진화론 강의	3.0
설국	4.5
동물농장	4.5
아프니까 청춘이다	3.0
사피엔스	5.0
확장된 표현형	3.0
악마의 사도	3.0
호밀밭의 파수꾼	4.0
오베라는 남자	3.5
위대한 개츠비	4.5
나무	4.0
인간 실격	4.0
만들어진 신	3.0
눈먼 시계공	3.5
부분과 전체	4.0
도가니	3.5
다 빈치 코드	3.0
