﻿매스커레이드 나이트	3.5
콘크리트 블론드	3.5
블랙 아이스	3.0
블러드맨	3.5
나는 언제나 옳다	3.0
초격차	5.0
브레이크 다운	4.5
마인드 리더	2.5
죽음을 선택한 남자	5.0
초크맨	4.0
살해하는 운명 카드	3.0
13.67	3.5
시인의 계곡	4.0
H2	5.0
타짜 1부	4.0
터치	4.5
크루얼티	1.5
돌연변이	4.0
블러드 워크	3.5
해리 포터와 혼혈왕자	3.5
드래곤 퀘스트 Dragon Quest 타이의 대모험	4.5
벌집을 발로 찬 소녀	3.0
우리가 묻어버린 것들	4.0
바라카몬	4.5
맏물 이야기	3.0
아들	4.0
미스터 초밥왕 전국대회편	5.0
기획의 정석 실전편	3.0
1만 시간의 재발견	3.0
습관의 재발견	3.5
금색기계	4.5
야시	4.5
마당이 있는 집	3.5
클레이모어 Claymore 13	3.5
앨리스 죽이기	2.5
폭스 밸리	2.0
사장을 죽이고 싶나	1.0
살인 카드 게임	2.5
소년탐정 김전일	3.0
드롭	4.0
시티 헌터 City Hunter 1	4.0
드래곤볼 풀컬러판 소년 편	5.0
이니미니	3.0
쥬라기 공원	4.0
불을 가지고 노는 소녀	3.0
돌이킬 수 없는 약속	2.0
백설 공주 살인 사건	2.0
원피스 옐로우	4.0
수신연무	4.5
도쿄 구울	3.0
사도 Sado	3.0
기억술사	3.0
블루 자이언트	5.0
엔더의 게임	3.5
역전! 야매요리 2	3.0
그레이브 디거	3.5
피아노의 숲	4.0
몸을 긋는 소녀	3.0
바람의 검심 완전판 1	3.5
이니셜 D	4.0
마스터 키튼	5.0
여자를 증오한 남자들	3.0
저스티스 JUSTICE	3.0
원피스 레드 Grand Character	4.0
용비불패 1	4.0
제트맨 Zetman	4.0
기생수	5.0
원펀맨 One Punch Man	3.0
가상화폐 투자 마법 공식	4.0
베르세르크	4.0
3*3 아이즈	4.0
천사와 악마	3.5
강철의 연금술사	5.0
신더	3.0
마지막 패리시 부인	3.5
검은 수련	2.0
산산이 부서진 남자	4.0
아기와 나	4.5
H2 17	5.0
제노사이드	5.0
출동! 119구조대 완전판	4.0
벡 Beck 1	3.0
다섯 번째 증인	5.0
의뢰인	4.0
마음의 소리	4.0
HQ 해리 쿼버트 사건의 진실	3.0
의룡	3.0
박쥐	3.5
하이큐!!	4.0
킹덤 Kingdom 1 3 9 10 17 18	5.0
링	4.0
미스터 초밥왕	5.0
가면병동	3.0
드라이	2.5
인페르노	3.0
용은 잠들다	3.5
신과 함께 : 신화편	4.0
책은 도끼다	4.0
어린 왕자	3.0
얼음나무 숲	3.0
원피스 ONE PIECE	4.0
미생	5.0
폴라리스 랩소디	5.0
아르슬란 전기	4.0
엔젤전설 애장판	4.0
XO	2.0
대통령의 글쓰기	3.0
옥스타 칼니스의 아이들	5.0
메모 습관의 힘	4.0
메모의 기술	1.0
20세기 소년	5.0
데스 노트 Death Note	5.0
헬싱	4.5
몬스터	5.0
신경 끄기의 기술	3.0
괴물이라 불린 남자	5.0
H2 오리지널	5.0
슬램덩크 오리지널 박스판 세트 - 전5권	5.0
아키라 AKIRA	3.5
너에게 닿기를	4.5
노다메 칸타빌레	5.0
피를 마시는 새	5.0
너의 췌장을 먹고 싶어	4.5
골든 슬럼버	3.0
여자를 증오한 남자들	3.5
드래곤 볼	5.0
13계단	4.0
눈물을 마시는 새	5.0
헌터x헌터 HunterXHunter	3.5
더 파이팅 The Fighting	3.5
여덟 단어	4.5
신과 함께 : 이승편	5.0
가면 산장 살인 사건	3.5
다 빈치 코드	3.5
Let's Go!! 이나중 탁구부	5.0
은수저 Silver Spoon	4.5
샤먼킹	4.0
신과 함께 : 저승편	5.0
러프 소장판	4.0
H2 1	5.0
완벽한 공부법	3.5
독서 천재가 된 홍 팀장	3.0
1년만 닥치고 영어	3.0
무엇이 성과를 이끄는가	4.0
혁신의 설계자	3.0
보스의 탄생	4.0
658, 우연히	4.0
나만이 없는 거리	5.0
울버린 : 올드 맨 로건	3.0
데드맨	2.5
드래곤플라이	3.0
슬램덩크	5.0
기억술사	4.0
미스터 하이든	2.0
걸 온 더 트레인	4.0
케미스트	2.0
기꺼이 죽이다	4.0
과학적이고 예술적인 로또당첨조작 살인사건	3.0
모든 것을 기억하는 남자	4.0
가시고기	2.5
지적 대화를 위한 넓고 얕은 지식 : 현실 너머 편	4.0
미움받을 용기	3.0
불로의 인형	4.0
습관의 힘	3.0
파이 이야기	4.0
타나토노트	4.0
빅 픽처	4.5
개미	4.0
양을 쫓는 모험 (하)	4.0
양을 쫓는 모험 (상)	4.0
세계의 끝과 하드보일드 원더랜드	5.0
태엽 감는 새	4.0
방황하는 칼날	4.0
노르웨이의 숲	4.0
나미야 잡화점의 기적	4.5
시크릿	2.0
