﻿드래곤 볼	4.5
생쥐와 친구가 된 고양이	4.5
엘리트 마인드 (ELITE MINDS)	4.0
한 시간만 그 방에	3.5
죽은 왕녀를 위한 파반느	4.0
독서는 절대 나를 배신하지 않는다	2.5
죽여 마땅한 사람들	3.5
탄환의 심판	4.0
도련님	4.5
데미안	3.0
우리는 사랑일까	3.0
개구리	4.0
맹자와 진심	4.0
역경잡설	3.5
나미야 잡화점의 기적	4.0
차일드 44 -	4.0
개념의료	3.5
눈먼 시계공	3.5
비트겐슈타인 평전	3.5
피안도	3.0
살아 있는 동안 꼭 해야 할 49가지	2.5
해황기	4.5
런던 대로	3.5
탈선	4.0
라이징 임팩트	3.5
골프천재 탄도	3.5
크게 휘두르며 4	2.5
파인 1	3.5
워스트 Worst 1	3.5
크로우즈 완전판 외전	4.0
크로우즈	4.0
파라다이스	4.0
바텐더 Bartender 1	3.0
드래곤 보이스	3.5
휘슬!	4.0
타짜 1부	4.5
천랑열전	3.0
클레이모어 Claymore 13	3.5
도시로 올시다! 세트	3.5
출동! 119구조대 완전판	3.5
최유기 1 - 신장판	3.5
용비불패 1	4.0
나나 NANA 6 15 16 17 18 3 21 7	3.5
최유기 리로드 1	3.5
테니스의 왕자 1	3.0
스바루	3.5
신 암행어사 1	3.0
이끼	3.5
외모지상주의 1	2.5
패션왕	2.5
고스트 바둑왕	4.0
겟 백커스 2 39	4.0
문은 아직 닫혀 있는데	4.0
보루토	3.5
철콘 근크리트	3.5
핑퐁	3.5
엔젤전설	3.5
H2 1	4.5
크로스 게임 소장판	3.5
크레용 신짱	4.0
꽃보다 남자	3.5
엔젤전설 애장판	3.5
유리가면	3.5
Spider-Man: Homecoming: The Art of the Movie	1.0
킹덤 Kingdom 1 3 9 10 17 18	4.0
반항하지마 3 13 17 24	3.5
신 학원 라이벌전	3.5
설국열차	4.0
충사	3.0
얼라이브 최종진화적 소년 18 (18권 + 소책자)	3.5
철냄비 짱!	4.0
암스 Arms 완전판	3.5
신의 물방울 1	3.0
간츠 Gantz	4.0
샤먼킹	3.0
모방범	4.5
클래식 음악에 관한 101가지 질문	4.5
천의 얼굴을 가진 영웅	4.0
트렁크 뮤직	4.0
소설 꽃보다 남자	3.5
소년탐정 김전일 애장판 4	4.0
블랙 잭 Black Jack	3.5
스콧 필그림	3.5
벡 Beck 1	4.5
빈란드 사가 Vinland Saga 1	3.5
사무라이 디퍼 쿄우 7 13 36 38	3.5
클레이모어 Claymore 12 3 15 18 19	3.5
노다메 칸타빌레	4.0
리얼 Real	4.0
카츠 Katsu!	3.5
나우 Now	3.0
묘진전	2.5
이토준지 자선 걸작집	3.5
노블레스 Noblesse season	3.0
미스터 초밥왕 전국대회편	4.0
호문쿨루스	3.5
갓 오브 하이스쿨	2.5
홀리랜드	4.0
바람의 검심 완전판 1	4.5
사도 Sado	2.5
최유기 1	3.5
라이어 게임	3.5
그대를 사랑합니다	3.0
아이실드21	3.5
바람의 검심	4.5
라스트 코요테	3.5
블랙 아이스	3.5
꼭두각시 서커스	3.5
공포특급	2.0
이누야샤	3.5
도로헤도로 	3.5
북두의 권	3.0
닥터 슬럼프 완전판	4.5
드래곤 퀘스트 Dragon Quest 타이의 대모험	3.5
완전판 란마 1/2	3.5
우디 앨런	2.5
소설 초한지	4.0
송곳	3.5
오 자히르	3.5
승자는 혼자다	3.5
피에트라 강가에서 나는 울었네	3.0
그 남자 그 여자 1, 2권	2.5
죽을 때 후회하는 스물다섯 가지	2.0
권태	3.0
당신 인생의 이야기	4.0
레볼루셔너리 로드	4.0
속죄	3.0
토니와 수잔 (영화 포스터 표지)	4.0
핏빛 자오선	3.5
중일전쟁	4.5
아버지	3.5
69	2.5
목걸이	3.5
나는 나를 파괴할 권리가 있다	3.5
지아장커 중국 영화의 미래	2.5
파라다이스 키스 Paradise Kiss 디럭스 에디션	4.0
코스모스	3.5
본 아이덴티티	4.0
나나	3.5
유골의 도시	3.5
실종	3.5
에코 파크	3.5
모털 엔진	3.5
벽으로 드나드는 남자	4.0
동주	4.0
비열한 거리	4.0
로트레크 저택 살인 사건	4.0
모멸감	4.5
고백	4.0
유령여단	4.5
한비야의 중국견문록	2.5
아기와 나	2.5
은과 금	3.5
지뢰진	3.5
나만이 없는 거리	4.0
빌리 배트	3.5
카드캡터 사쿠라 애장판	4.5
총몽	4.0
이니셜 D	3.5
내 이야기!!	3.5
유유백서	3.5
타이밍	3.0
이웃 사람	2.5
오디션	2.5
소년탐정 김전일	4.5
목욕의 신	4.0
도박묵시록 카이지	4.5
마스터 키튼	3.5
베르세르크	4.5
아파트	2.5
나는 오늘부터 피아노를 치기로 했다	3.5
자기 앞의 생	4.5
시인	4.5
코언 형제	3.5
류승완의 본색	2.5
김지운의 숏컷	3.5
영화제작 매스터북	3.0
시인의 계곡	3.5
러셀 서양철학사	3.0
굿나잇 미스터 무비	3.5
기타노 다케시의 생각노트	3.5
영화를 좋아하는 사람이라면 꼭 알아야 할 70가지	1.5
팅커, 테일러, 솔저, 스파이	4.0
위대한 영화	4.0
언플러그드 보이	2.5
예술감상 초보자가 가장 알고 싶은 67가지	3.5
바람 없는 천지에 꽃이 피겠나	3.5
섀도우 월드	3.5
아르센 벵거	4.0
운명이다	4.0
기생충 제국	4.5
아리랑	5.0
반지의 제왕	5.0
사카모토입니다만?	4.0
모브 사이코 100	3.5
도쿄 구울	3.5
테라포마스	3.5
두더지	3.5
Let's Go!! 이나중 탁구부	3.5
짱	3.0
시마과장	3.5
격투맨 바키	4.0
한마 바키	2.5
키드갱	4.0
멋지다!! 마사루	3.5
도박마	3.0
제트맨 Zetman	3.5
봉신연의	3.5
나이트런 파더스데이 -	3.0
데빌맨	3.0
은밀하게 위대하게	2.5
미스터 초밥왕	4.0
더 파이팅 The Fighting	4.0
The Killing Joke	4.5
보노보노	3.0
오디션	3.5
아키라 AKIRA	4.5
도쿄 구울:re	3.0
신과 함께 : 신화편	3.0
공룡둘리에 대한 슬픈 오마주	3.5
2013 마음의 소리 Ver.1	4.0
덴마 Denma	4.0
300	2.5
청의 엑소시스트	2.5
목소리의 형태	3.5
드래곤볼 슈퍼	2.0
도라에몽 플러스	3.5
나의 히어로 아카데미아 	3.0
나루토 Naruto	4.0
블리치	3.5
소년탐정 김전일 2부 	4.0
일곱 개의 대죄	4.0
식객	3.0
아이앰 어 히어로	3.0
진격의 거인	3.5
아인	3.5
암살교실	3.0
순정만화	2.5
소울이터 Soul Eater	2.5
배트맨 킬링 조크 BATMAN The Killing Joke : 디럭스 에디션 The Deluxe Edition (양장)	4.5
씬시티	4.0
아즈망가 대왕	3.5
신세기 에반게리온	4.0
공각기동대	4.0
몬스터	4.5
20세기 소년	4.5
플루토 Pluto	5.0
GTO 애장판	4.0
아이즈	3.5
의룡	4.5
자살토끼	3.0
맹자와 공손추	5.0
독야	3.5
열혈강호	4.0
김대중 자서전 - 전2권	4.0
시골의사의 아름다운 동행 1	3.5
은하수를 여행하는 히치하이커를 위한 안내서 - 합본	4.5
파우스트	4.0
고래	4.0
오리엔트 특급살인	3.5
완득이	2.5
운수 좋은 날 「현진건」	3.5
초판본 백범일지	3.5
가즈 나이트	3.0
눈물을 마시는 새	4.0
이드	2.5
퇴마록 : 세계편	3.5
퇴마록 : 국내편	3.5
퇴마록 : 혼세편	4.0
퇴마록 : 말세편	4.0
왜란 종결자	3.0
미생	4.5
삼미 슈퍼스타즈의 마지막 팬클럽	4.0
종이 위의 기적 쓰면 이루어진다	3.5
화성남자 금성여자의 결혼 지키기	2.0
메모 습관의 힘	1.5
영원한 리베로	3.0
멈추지 않는 도전 박지성	3.0
사카모토 료마 평전	3.5
20대에 하지 않으면 안될 50가지	3.0
지못미, 경제!	0.5
아름다운 이 세상 소풍 끝내는 날	4.0
천상병 - 귀천	4.0
모리와 함께한 화요일	2.5
배가본드	4.5
오만과 편견	3.5
목걸이 & 비곗덩어리 & 테리에집 외	4.0
비계 덩어리	3.5
양을 둘러싼 모험	4.0
세계의 끝과 하드보일드 원더랜드	4.0
소나기	4.0
GO	3.5
서양철학사	3.5
강철의 연금술사	4.0
러프 소장판	4.5
H2 오리지널	4.5
나를 찾아줘	4.0
명탐정 코난	3.5
핑거스미스	4.0
흑집사	3.5
데스 노트 Death Note	4.0
늑대의 유혹	3.5
그놈은 멋있었다	2.5
나니아 연대기	4.0
헝거 게임	3.5
시간을 달리는 소녀	4.0
흐르는 강물처럼	3.5
장미의 이름	4.0
설국열차	4.0
마션	4.0
폰더 씨의 위대한 하루	4.0
눈먼 자들의 도시	4.0
바쿠만 BAKUMAN	3.5
원피스 ONE PIECE	4.5
단테의 빛의 살인	2.5
단테의 신곡 살인	2.5
비뢰도	3.0
천마군림	4.0
조커	4.0
All You Need Is Kill	3.5
악의 교전	3.5
신과 함께 : 이승편	4.0
신과 함께 : 저승편	4.5
설득의 심리학	3.5
ABC 살인사건	4.0
집오리와 들오리의 코인로커	3.5
은혼	4.0
원펀맨 One Punch Man	4.0
어린 왕자	4.0
기생수	5.0
찰리와 초콜릿 공장 	4.0
신조협려	4.0
사조영웅전	4.0
의천도룡기	4.0
금사 벽혈검	3.5
쿠엔틴 타란티노	4.0
위대한 영화감독들 A To Z	3.5
헬퍼 Hellper	4.5
무경계	4.0
클래식 튠	3.5
내 문장이 그렇게 이상한가요?	4.0
어느날 인도	4.5
서양미술사	3.5
폼페이	2.5
스티브 잡스	3.5
살육에 이르는 병	4.0
끔찍하게 헌신적인 덱스터	4.0
음흉하게 꿈꾸는 덱스터	4.5
언노운	3.0
모텔 라이프	3.5
46번째 밀실	3.0
생각 버리기 연습	2.0
돈키호테	4.0
보이지 않는	4.0
카운슬러	3.5
노인을 위한 나라는 없다	4.0
환상의 여인	4.0
Y의 비극	3.5
그린마일	3.5
게이샤의 추억	4.0
진주 귀고리 소녀	3.5
탈무드	3.5
그리고 아무도 없었다	4.5
젊은 베르테르의 슬픔	3.5
향수	3.5
사랑 후에 오는 것들	3.5
태엽 감는 새	3.5
냉정과 열정사이 Rosso	3.5
가방 들어주는 아이	3.5
모랫말 아이들	3.0
엘리베이터에 낀 그 남자는 어떻게 되었나	4.5
옥수수와 나	4.0
황태자비 납치사건	2.5
아내가 결혼했다	3.0
언젠가 세상은 영화가 될 것이다	4.0
씨네샹떼	4.0
도쿄 타워	3.0
언젠가 기억에서 사라진다 해도	3.5
냉정과 열정사이 Blu	3.5
눈물은 왜 짠가	4.5
눈물을 자르는 눈꺼풀처럼	4.5
모든 경계에는 꽃이 핀다	4.5
말랑말랑한 힘	5.0
심야식당	3.0
세인트 영멘	4.0
올리버 트위스트	3.5
소용돌이 합본판	4.0
허삼관 매혈기	3.5
천사들의 제국	3.5
플라이, 대디, 플라이	3.0
조제와 호랑이와 물고기들	3.5
테메레르	4.0
오페라의 유령	4.0
독일인의 사랑 - 전2권 (한글판 + 영문판)	4.0
꼬마 니콜라	4.0
색채가 없는 다자키 쓰쿠루와 그가 순례를 떠난 해	3.5
소크라테스의 변명	4.0
무소유	3.0
브람스를 좋아하세요...	4.0
드래곤 라자	3.5
키친	4.0
해리 포터와 불사조 기사단	3.5
하늘과 바람과 별과 詩	4.0
오체 불만족	3.5
지도 밖으로 행군하라	2.5
괭이부리말 아이들	3.5
등대지기	3.0
베니스의 상인	3.5
박사가 사랑한 수식	3.5
연탄길	3.0
마시멜로 이야기	3.0
베로니카, 죽기로 결심하다	3.0
로드	4.0
시골의사 박경철의 자기혁명	4.0
군주론	4.0
톨스토이 단편선	3.5
11분	3.5
공중그네	3.5
해변의 카프카	4.5
창문 넘어 도망친 100세 노인	2.5
화성에서 온 남자 금성에서 온 여자	2.5
호밀밭의 파수꾼	3.5
위대한 개츠비	3.5
나의 라임 오렌지나무	3.0
노인과 바다	4.0
모모	3.5
우리들의 행복한 시간	3.0
시크릿	3.5
하악하악	2.5
지금, 만나러 갑니다	4.0
노르웨이의 숲	4.0
연을 쫓는 아이	3.0
사랑하라 한번도 상처받지 않은 것처럼	4.0
칭찬은 고래도 춤추게 한다	2.5
누가 내 치즈를 옮겼을까?	3.5
박찬욱의 몽타주	3.5
박찬욱의 오마주	3.5
영화의 이해	4.5
서양미술사	3.5
블랙 에코	4.0
블러드 워크	3.5
링컨 차를 타는 변호사	4.0
자칼의 날	5.0
하얀 이빨	3.5
스타메이커	3.0
채식주의자	3.5
노끈	4.0
마지막 행성	3.5
작은 친구들의 행성	3.5
노인의 전쟁	5.0
까마귀의 향연	4.0
성검의 폭풍	4.5
왕들의 전쟁	4.5
왕좌의 게임	4.0
해리 포터와 비밀의 방	4.0
해리 포터와 마법사의 돌	3.5
해리 포터와 불의 잔	3.0
해리 포터와 아즈카반의 죄수	4.0
하얀 늑대들	4.0
묵향	4.0
천사와 악마	4.0
체 게바라 평전	3.5
간디 자서전	1.0
유림 (1부 1권) 2권) (2부 3권)	4.0
성의 역사	4.0
미셸 푸코의 휴머니즘	3.5
광기의 역사	4.5
10만 분의 1의 우연	4.0
점과 선	4.0
슬램덩크	5.0
은교	3.5
음의 방정식	3.5
화차	4.0
호숫가 살인사건	3.0
용의자 X의 헌신	4.5
방황하는 칼날	3.0
명탐정의 규칙	3.5
회랑정 살인사건	2.5
다 빈치 코드	4.0
삼국지	4.0
개밥바라기별	3.0
바리데기	3.5
삼국지	4.5
삼한지	4.0
칼의 노래	4.0
남한산성	4.0
살수	3.5
무궁화 꽃이 피었습니다	4.0
허수아비춤	4.0
한강	5.0
정글만리	4.0
태백산맥	4.5
제비 일기	3.5
살인자의 건강법	4.0
적의 화장법	3.5
동물농장	4.0
1984	3.5
시작은 키스	4.0
선셋 파크	3.5
브루클린 풍자극	4.0
빵굽는 타자기	3.5
공중 곡예사	3.0
어둠 속의 남자	3.5
뉴욕 3부작	3.5
달의 궁전	4.5
폴 오스터 대표작품집 (전3권)	4.0
상대적이며 절대적인 지식의 백과사전 1	3.5
타나토노트	3.0
신	4.0
뇌	4.0
개미	4.5
무슨 일이 일어났는지는 아무도	3.0
설민석의 조선왕조실록	1.5
자존감 수업	2.5
봉순이 언니	2.5
인생 수업	2.5
연금술사	4.5
살인자의 기억법	3.0
달과 6펜스	4.5
가시고기	2.5
청소부 밥	2.5
세상의 중심에서 사랑을 외치다	3.0
1Q84	4.0
데미안	2.5
강신주의 감정수업	3.0
오직 두 사람	3.5
나무	3.0
