﻿위대한 개츠비	5.0
82년생 김지영	4.0
감정 조절	5.0
언더그라운드 레일로드	4.0
공터에서	3.5
눈먼 자들의 도시	4.5
개인주의자 선언	4.5
흰	4.5
도구와 기계의 원리 Now	4.5
뇌	4.0
엔트로피	3.0
파인만 씨, 농담도 잘하시네!	4.0
그 많던 싱아는 누가 다 먹었을까	4.5
모모	4.0
정재승의 과학 콘서트	4.0
마시멜로 이야기	3.0
뇌과학자는 영화에서 인간을 본다	4.0
도가니	4.0
상대적이며 절대적인 지식의 백과사전	4.0
언어의 온도	3.0
대량살상수학무기	4.0
어린 왕자	4.5
왜 세계의 절반은 굶주리는가? (한정판)	4.5
