﻿읽어보시집	4.0
안네의 일기	5.0
원피스 ONE PIECE	5.0
신과 함께 : 저승편	5.0
이방인	0.5
도쿄 구울	5.0
베르세르크	5.0
방과 후 전쟁활동	5.0
헬퍼 Hellper	5.0
1리터의 눈물	5.0
남과 여 1	5.0
사랑하기 때문에	5.0
3단합체 김창남	5.0
진격의 거인	5.0
후레자식	5.0
나루토 Naruto	5.0
은밀하게 위대하게	5.0
리버 보이	3.5
파페포포 안단테	4.0
수학귀신	5.0
스물아홉 생일, 1년 후 죽기로 결심했다	5.0
강철의 연금술사	5.0
1cm+ 일 센티 플러스	4.0
치즈 인 더 트랩	5.0
선천적 얼간이들	4.5
안나라수마나라	5.0
신과 함께 : 이승편	5.0
죽음에 관하여	5.0
슬램덩크	5.0
살인자의 기억법	4.5
죽을 때 후회하는 스물다섯 가지	5.0
아몬드	5.0
1026	4.0
데스 노트 Death Note	5.0
가시고기	5.0
Ho! 1	5.0
