﻿오 자히르	5.0
논어 (보급판)	4.5
싸울 기회	4.5
백범일지	5.0
12가지 인생의 법칙	4.0
단테의 신곡	4.0
섬	4.0
온 여름을 이 하루에	4.5
그로칼랭	4.0
세 가지 이야기	4.0
사진의 이해	4.0
이 경계를 지나면 당신의 승차권은 유효하지 않다	4.5
빌헬름 마이스터의 수업시대	4.5
서양미술사	5.0
곰브리치 세계사	5.0
세상의 바보들에게 웃으면서 화내는 방법	4.5
철학 VS 철학	4.0
인간적인 너무나 인간적인	4.5
제2의 성	5.0
시지프 신화	5.0
인생의 일요일들	3.0
개인주의자 선언	4.5
죽음에 이르는 병	4.5
나르치스와 골드문트	5.0
정의의 사람들	4.0
광장/구운몽	4.0
시대의 우울	3.5
반 고흐, 영혼의 편지 	4.5
인생이 왜 짧은가	3.5
모리와 함께한 화요일	4.0
벽	4.0
닫힌 방.악마와 선한 신	4.5
말	4.5
구토	4.5
공포와 전율	4.5
달의 궁전	5.0
나는 고양이로소이다	4.5
마음	4.5
땅의 양식 새로운 양식	4.0
젊은 시인에게 보내는 편지	4.5
모든 사람은 혼자다	4.0
니코마코스 윤리학	4.5
넛지	4.0
제로 투 원	4.0
인구와 투자의 미래	4.0
세계는 평평하다	4.0
괴짜 경제학 (개정증보판)	4.0
위대한 기업에 투자하라	4.5
슈독 : 나이키 창업자 필 나이트 자서전	4.0
블랙 스완	5.0
신호와 소음	4.5
소음과 투자	4.5
안티프래질	4.5
혁신기업의 딜레마	4.5
조병화 시집	3.5
화두	4.0
농담	4.5
우리는 어디에서 어디로 가는가	4.5
순수이성비판	4.0
실존주의는 휴머니즘이다	5.0
페스트	4.0
순례자	3.5
권력, 정의, 판사	3.5
대법원, 이의 있습니다	4.0
사법부	3.5
슬프지만 안녕	3.5
판사유감	4.5
조금 더 편해지고 싶어서 : 거리를 두는 중입니다	3.5
피에트라 강가에서 나는 울었네	3.5
죽고 싶지만 떡볶이는 먹고 싶어	4.0
고독을 잃어버린 시간	4.0
에곤 실레	4.0
미술관 옆 인문학	4.0
장자	4.0
군주론	4.5
생각이 나서	3.5
타인의 얼굴	4.0
다시 피는 꽃	4.0
바깥은 여름	4.5
나한테 미안해서 비행기를 탔다	3.0
라틴어 수업	4.0
커튼	4.5
새들은 페루에 가서 죽다	4.5
그래, 나는 연필이다	4.0
바다	4.0
젊은 베르터의 고통	3.5
산책자	4.0
개를 데리고 다니는 부인	4.0
세 가지 질문	4.0
에곤 실레	4.0
그늘에 대하여	4.0
천천히, 스미는	4.5
네가 길을 잃어버리지 않게	4.0
관찰의 인문학	4.5
너는 어떻게 나에게 왔니	4.5
우울할 땐 뇌과학	4.0
하늘 호수로 떠난 여행	4.5
아우스터리츠	4.5
속담 인류학	4.0
프라하의 소녀시대	4.5
베네치아의 종소리	4.5
코르시아 서점의 친구들	4.5
밀라노, 안개의 풍경	4.0
혀끝에서 맴도는 이름	3.5
세상의 모든 아침	4.0
음악 없는 말	4.0
저도 과학은 어렵습니다만	3.5
존재의 세 가지 거짓말	4.5
온 더 무브	4.0
아내를 모자로 착각한 남자	4.5
이것이 인간인가	4.5
설국	4.0
꼬리 치는 당신	4.0
여름엔 북극에 갑니다	4.5
음악 혐오	4.5
A가 X에게	4.5
생의 한가운데	5.0
그대 거침없는 사랑	4.5
사랑이라니, 선영아	4.0
당신과 나 사이	4.5
일상적인 삶	3.5
상처 없는 밤은 없다	3.0
키다리 아저씨	4.0
언스크립티드 부의 추월차선 완결판	4.0
빛과 물질에 관한 이론	4.5
불안이 주는 지혜	4.0
낮의 목욕탕과 술	3.5
독일인의 사랑	4.0
빈센트 반 고흐 Vincent van Gogh (아몬드꽃 표지)	5.0
댈러웨이 부인	4.5
지식인을 위한 변명	4.0
문학이란 무엇인가	4.0
내 영혼이 따뜻했던 날들	4.0
초역 니체의 말	4.0
숨결이 바람 될 때	4.5
무례한 사람에게 웃으며 대처하는 법	4.0
시장의 마법사들	4.5
금리는 경제의 미래를 알고 있다	4.0
의미가 없다면 스윙은 없다	3.5
그대 언제 이 숲에 오시렵니까	3.5
찌질의 역사	3.0
인도 야상곡	4.0
사랑의 생애	4.0
보이지 않는 도시들	4.0
술 취한 코끼리 길들이기	4.0
바다는 잘 있습니다	5.0
그래, 이 맛에 사는 거지	4.0
제5도살장	4.0
갈라파고스	3.5
미소는, 어디로 가시려는가	3.5
꽈배기의 맛	4.0
꽈배기의 멋	4.0
어떻게든 이별	3.0
리처드 3세	3.5
베를린 일기	4.0
서랍에 저녁을 넣어 두었다	3.5
우리는 분위기를 사랑해	3.5
유에서 유	4.0
소송	4.0
꿈	4.0
카프카의 일기	4.5
변신	4.5
그때 카파의 손은 떨리고 있었다	4.5
무도회가 끝난 뒤	4.0
행복의 형이상학	4.5
예브게니 오네긴	4.0
침대 밑에 사는 여자	4.0
미성년	4.0
악령	4.5
나의 참회/인생의 길	4.0
전쟁과 평화	3.5
가난한 사람들	4.5
백치	5.0
지하로부터의 수기	4.5
체호프 단편선	4.0
카라마조프 가의 형제들	4.5
태양은 다시 떠오른다	4.0
악의 번영	4.5
인간의 대지	5.0
세상에서 가장 아름다운 이별	4.0
지금 사랑하지 않는 자, 모두 유죄	5.0
정의를 부탁해	4.0
사는 게 뭐라고	3.5
뜻밖의 바닐라	4.0
여덟 단어	4.5
그리움은 모두 북유럽에서 왔다	5.0
월든	4.5
사피엔스	4.5
호모 데우스	4.0