﻿붉은 낙엽	3.5
십팔사략	4.5
검사내전	4.0
아몬드	4.0
표백	4.0
순정만화	4.0
그대를 사랑합니다	4.0
그릿 GRIT	3.0
타이밍	4.0
나루토 Naruto	3.5
20세기 소년	4.0
두근두근 내 인생	4.0
강철의 연금술사	4.5
왜 나는 너를 사랑하는가	4.0
모모	4.0
신과 함께 : 이승편	4.0
슬램덩크	5.0
작가를 짓다	3.5
파과	4.0
내게 무해한 사람	4.5
알제리의 유령들	4.0
영초언니	3.5
문장강화	4.0
처음처럼	4.5
무진기행	4.0
조선에서 백수로 살기	4.0
트렌드 코리아 2018	3.5
그랜드 부다페스트 호텔로 간 클림트	3.0
팀 하포드의 경제학 팟캐스트	3.5
비통한 자들을 위한 정치학	3.5
비 오는 날	3.5
고양이 요람	4.0
복수의 심리학	3.0
시크릿 하우스	3.5
나는 간호사, 사람입니다	4.0
냉면의 품격	3.5
클림트	3.5
아무도 의심하지 않는 일곱 가지 교육 미신	4.0
경애의 마음	4.0
Art and Fear : 예술가여, 무엇이 두려운가!	4.0
사랑과 연애의 달인, 호모 에로스	3.5
철학적 시 읽기의 괴로움	3.5
철학 콘서트 2	3.5
잠의 사생활	3.5
몰입 Flow	3.0
질문하는 책들	3.5
강신주의 다상담 3	4.0
개념어 사전	3.0
강신주의 다상담 2	4.0
철학 VS 철학	3.5
어디서 살 것인가	4.0
철학 콘서트 1	3.5
크로스 : 정재승 + 진중권	3.5
다시, 책은 도끼다	4.0
지식 e - 시즌 1	3.5
지적 대화를 위한 넓고 얕은 지식 : 현실 세계 편	4.0
뇌	3.5
괭이부리말 아이들	3.0
경제학 콘서트	4.0
정유정, 이야기를 이야기하다	3.5
황현산의 사소한 부탁	4.0
문경수의 제주 과학 탐험	3.5
유사과학	4.0
아! 팔레스타인 1	3.5
난생 처음 한번 공부하는 미술 이야기 	4.0
투명인간	4.0
선의 법칙	4.5
김상욱의 과학공부	4.0
Paint it Rock 3	3.0
그대가 곁에 있어도 나는 그대가 그립다	3.5
씨네샹떼	3.5
피에로들의 집	4.0
원피스 ONE PIECE	4.5
불평등의 이유	4.0
존재의 세 가지 거짓말	4.0
역사의 역사	4.0
계속해보겠습니다 (큰글자도서)	4.5
표현의 기술	3.5
타자의 추방	4.0
읽다	4.0
생각하는 힘, 노자 인문학	4.0
탁월한 사유의 시선	4.0
홀	3.5
천국의 문	4.0
슬픔을 공부하는 슬픔	4.5
마션	4.0
유시민의 논술 특강	3.5
눈길 「이청준」	4.5
어린 왕자	4.5
지금 여기가 맨 앞	4.5
몬스터	4.5
찌라시 한국사	4.0
광염 소나타 외	4.0
플래너리 오코너	4.5
좌우는 있어도 위아래는 없다	3.5
4천원 인생	4.0
소녀들의 심리학	3.5
밤이 선생이다	4.0
느낌의 공동체	4.5
몰락의 에티카	4.5
정확한 사랑의 실험	5.0
타인의 고통	4.0
우리는 차별에 찬성합니다	4.0
노동의 배신	4.0
삼성을 생각한다	4.0
욕망해도 괜찮아	3.5
긍정의 배신	4.0
춘추전국 이야기 1	3.5
전복과 반전의 순간 Vol.2	3.5
전복과 반전의 순간 Vol.1	3.5
명리 : 운명을 조율하다	3.5
명리 : 운명을 읽다	3.5
도시의 발견	4.0
선을 넘어 생각한다	4.0
세대 게임	4.0
포크를 생각하다	4.0
제5도살장	4.5
지적자본론	4.0
알아두면 마음편한 인생선택	3.5
쾌도난마 한국경제	4.0
시베리아 시간여행	3.5
슈퍼맨은 왜 미국으로 갔을까	4.0
자본의 본성에 관하여 외	4.0
유엔을 말하다	3.5
전 세계적 자본주의인가 지역적 계획경제인가 외	4.0
더 나은 세상	4.0
혐오사회	4.0
김상욱의 양자 공부	4.5
언어의 온도	3.0
반딧불이	3.5
기사단장 죽이기	4.0
종이달	4.0
달콤한 노래	4.0
스토너	4.5
대성당	4.0
낭만적 연애와 그 후의 일상	4.0
무진기행 「김승옥」	4.0
수난이대 「하근찬」	3.5
보복대행전문주식회사	4.0
비행운	4.0
은교	4.0
빈처	3.5
열외인종 잔혹사	3.5
쇼코의 미소	5.0
선택	2.5
종의 기원	4.0
파이로 매니악	3.0
우리들의 일그러진 영웅	3.5
운수 좋은 날 「현진건」	4.0
사다리 걷어차기	4.0
한강	3.5
광수생각	2.5
신경림의 시인을 찾아서	4.0
어린 왕자	4.5
야생초 편지	3.5
지상에 숟가락 하나	3.5
혼자만 잘 살믄 무슨 재민겨	3.5
먼나라 이웃나라	4.0
엄마의 말뚝	3.5
월리를 찾아라! 	3.0
논리야 놀자	3.5
서울은 깊다	4.0
군인	4.0
닥터 노먼 베쑨	4.5
문명과 바다	4.0
대항해 시대	4.0
강남의 탄생	4.0
100℃	4.5
무량수전 배흘림기둥에 기대서서	3.5
조선왕조실톡	4.5
어린 왕자	4.5
열정은 어떻게 노동이 되는가	4.0
교사도 학교가 두렵다	4.0
B급 좌파	3.5
익숙한 절망 불편한 희망	4.0
이상한 정상가족	4.5
말이 칼이 될 때	4.5
신문 읽기의 혁명	4.0
정의를 부탁해	5.0
단속사회	4.0
냉정한 이타주의자	4.0
원숭이도 이해하는 자본론	4.0
쎄느강은 좌우를 나누고 한강은 남북을 가른다	4.0
의자놀이	4.0
디케의 눈	3.5
분노하라	4.0
촘스키, 누가 무엇으로 세상을 지배하는가	4.0
주기자 : 주진우의 정통시사활극	4.0
당신들의 대한민국 	4.0
불편해도 괜찮아	4.5
주진우의 이명박 추격기	4.5
88만원 세대	3.5
전태일 평전	4.5
왜 세계의 절반은 굶주리는가?	4.0
매달린 절벽에서 손을 뗄 수 있는가?	3.5
강신주의 맨얼굴의 철학 당당한 인문학	4.0
철학적 시 읽기의 즐거움	4.0
이것은 왜 청춘이 아니란 말인가	4.0
상처받지 않을 권리	3.5
투명사회	4.0
강의	4.5
담론	4.0
인문학으로 광고하다	4.0
감시와 처벌	4.0
공산당선언	4.0
철학이 필요한 시간	4.0
나는 가해자의 엄마입니다	4.5
대통령의 글쓰기	4.0
정의란 무엇인가	4.0
지적 대화를 위한 넓고 얕은 지식 : 현실 너머 편	4.0
도시는 무엇으로 사는가	4.0
보다	3.5
핑퐁	3.0
돈으로 살 수 없는 것들	4.0
EBS 다큐프라임 자본주의	4.0
2016 제7회 젊은작가상 수상작품집	4.0
감옥으로부터의 사색	4.0
옥수수와 나	4.5
한 권으로 읽는 조선왕조실록	3.0
나의 친애하는 적	3.0
다섯째 아이	4.5
두근두근 내 인생 (큰글자도서)	4.5
69	1.5
아무도 아닌	4.0
원더보이	4.0
호모 데우스	4.0
태도에 관하여	4.0
존재의 세 가지 거짓말	4.5
계속해보겠습니다	4.5
라틴어 수업	4.5
ABC 살인사건	3.0
디지털 포트리스	3.0
오빠가 돌아왔다	3.0
희랍어 시간	4.5
당신들의 천국	4.0
체 게바라 평전	3.5
인페르노	3.5
무라카미 하루키 잡문집	3.0
침이 고인다	4.0
검은 꽃	4.0
감자	3.0
퀴즈쇼	4.0
살인자의 건강법	3.5
로스트 심벌	3.0
백의 그림자	4.0
파도가 바다의 일이라면	4.0
2017 제8회 젊은작가상 수상작품집	4.0
버티는 삶에 관하여	3.5
말의 품격	3.0
송곳	5.0
퇴마록 : 국내편	4.0
거꾸로 읽는 세계사	4.0
아버지들의 아버지	4.0
개밥바라기별	4.0
너무 한낮의 연애	3.5
로마인 이야기 	3.0
엘리베이터에 낀 그 남자는 어떻게 되었나	4.0
나의 라임 오렌지 나무	4.0
어린왕자	4.0
서울, 1964년 겨울	4.0
리딩으로 리드하라	2.0
소년탐정 김전일	4.0
오발탄	3.0
등대지기	3.5
흰	4.0
달려라, 아비	4.0
당신 인생의 이야기	3.5
날개	4.0
남한산성	4.5
제3인류	4.0
내가 사랑한 유럽 TOP10	2.5
나의 문화유산답사기 	3.5
개인주의자 선언	4.0
유시민의 글쓰기 특강	4.0
로드	4.5
서울 시	3.0
카스테라	3.0
삼미 슈퍼스타즈의 마지막 팬클럽	4.5
블리치	4.5
소설가 구보씨의 일일	2.5
꺼삐딴 리	3.0
무궁화 꽃이 피었습니다	3.0
당신의 이름을 지어다가 며칠은 먹었다	3.5
천사들의 제국	3.5
식객	3.5
11분	3.0
여덟 단어	3.0
나는 나를 파괴할 권리가 있다	4.0
광장/구운몽	4.0
죽은 왕녀를 위한 파반느	4.5
책은 도끼다	4.5
메밀꽃 필 무렵	3.0
운수좋은 날	3.5
입 속의 검은 잎	4.0
바깥은 여름	4.5
무소유	4.0
칼의 노래	4.5
완득이	4.0
오직 두 사람	4.5
무진기행	4.5
우아한 거짓말	4.0
봄.봄 「김유정」	3.5
사랑손님과 어머니	3.5
드래곤 볼	3.0
세상의 중심에서 사랑을 외치다	3.0
타나토노트	4.0
창가의 토토	3.0
갈매기의 꿈	3.0
국화꽃 향기	3.5
모리와 함께한 화요일	4.0
소나기	4.0
미생	4.0
소년이 온다	4.5
천사와 악마	4.5
원미동 사람들	4.0
냉정과 열정사이 Rosso	3.5
신과 함께 : 신화편	4.5
오체 불만족	3.0
노인과 바다	4.5
시크릿	2.0
꿈꾸는 다락방	2.5
화성에서 온 남자 금성에서 온 여자	4.0
구해줘	3.0
당신, 거기 있어 줄래요?	3.0
완득이	4.0
눈먼 자들의 도시	4.5
7년의 밤	4.5
1Q84	4.0
신과 함께 : 저승편	4.5
용의자 X의 헌신	3.5
노르웨이의 숲	4.0
난장이가 쏘아올린 작은 공	5.0
82년생 김지영	4.5
동물농장	4.0
다 빈치 코드	4.0
내일, 새로운 세상이 온다	5.0
김수영을 위하여	4.0
강신주의 다상담 1	4.0
대한민국사 2	3.0
대한민국사	3.0
옵션 B	3.0
아픔이 길이 되려면	5.0
여기가 아니면 어디라도	3.0
일요일의 역사가	4.0
모멸감	4.0
경제, 알아야 바꾼다	4.5
당선, 합격, 계급	4.5
화폐전쟁	4.0
닥치는 대로 끌리는 대로 오직 재미있게 이동진 독서법	4.0
대한민국사 - 전3권	3.0
한계비용 제로 사회	5.0
貧도 괴리도 업시	3.5
그해, 역사가 바뀌다	4.0
당신은 아무 일 없던 사람보다 강합니다	4.0
대통령의 말하기	3.5
세상에서 가장 짧은 세계사	4.5
채식주의자	4.5
이방인	3.5
네가 어떤 삶을 살든 나는 너를 응원할 것이다	3.0
살인자의 기억법	4.5
자존감 수업	3.0
아홉살 인생	3.0
봉순이 언니	3.5
미움받을 용기	4.0
설국	3.5
닥치고 정치	4.5
바리데기	4.0
어쩌면 별들이 너의 슬픔을 가져갈지도 몰라	4.0
설민석의 조선왕조실록	4.0
연금술사	4.0
우리들의 행복한 시간	4.5
도가니	4.0
가시고기	3.0
남한산성	4.0
아프니까 청춘이다	2.0
노자와 21세기	4.0
색채가 없는 다자키 쓰쿠루와 그가 순례를 떠난 해	4.0
무엇이든 쓰게 된다	4.0
2018 제9회 젊은작가상 수상작품집	4.0
강신주의 감정수업	5.0
피로사회	4.0
파피용	3.5
과학인문학으로의 초대	4.0
28	4.5
여자 없는 남자들	3.5
엄마를 부탁해	4.5
나는 고양이로소이다	3.5
객지	3.5
세상물정의 물리학	4.5
더 브레인	4.5
위대한 개츠비	4.0
개미	4.5
채식의 배신	4.0
어디선가 나를 찾는 전화벨이 울리고	4.5
현대건축의 흐름	4.0
태백산맥	4.0
사피엔스	4.5
아내를 모자로 착각한 남자	4.5
나무	3.5
신	3.5
마시멜로 이야기	2.0
칼의 노래	4.5
창문 넘어 도망친 100세 노인	4.5
상대적이며 절대적인 지식의 백과사전	2.0
정재승의 과학 콘서트	3.5
