﻿12가지 인생의 법칙	3.5
권력의 법칙	4.0
싯다르타	4.5
언스크립티드 부의 추월차선 완결판	4.0
열한 계단	3.5
그릿 GRIT	3.5
어떻게 살 것인가	3.0
레버리지	3.0
철학이 필요한 시간	4.0
정의란 무엇인가	5.0
게으름도 습관이다	2.0
넛지	4.0
부자의 경제학 빈민의 경제학	4.0
욕망의 진화	4.5
화성에서 온 남자 금성에서 온 여자	3.0
할 수 있다! 퀀트 투자	5.0
부의 추월차선	4.0
카네기 인간관계론	5.0
나는 세상으로 출근한다	3.0
도박묵시록 카이지	5.0
20세기 소년	4.5
슬램덩크	5.0
몬스터	5.0
창천항로	5.0
마시멜로 이야기	3.0
세상에서 가장 짧은 세계사	3.0
현명한 초보 투자자	4.5
지적 대화를 위한 넓고 얕은 지식 : 현실 세계 편	4.0
인생 수업	3.5
자본에 관한 불편한 진실	3.0
전략적 가치투자	4.5
주식투자 무작정 따라하기	3.0
돈 좀 굴려봅시다	4.0
CEO 안철수, 지금 우리에게 필요한 것은	4.0
꿈이 있는 거북이는 지치지 않습니다	2.5
에디톨로지	3.0
미움받을 용기	4.5
아프니까 청춘이다	1.5
멈추면, 비로소 보이는 것들	3.5
습관의 힘	4.0
시골의사의 부자경제학	3.5
전설로 떠나는 월가의 영웅	4.0
재무제표 분석법	4.0
부자 아빠 가난한 아빠 	4.5
사피엔스	5.0
오리지널스	4.0
대화의 신	2.5
왜 똑똑한 사람들은 행복하지 않을까?	3.5
