﻿내 딸을 백원에 팝니다	4.0
노빈손의 아마존 어드벤처	4.0
남과 여 1	5.0
마음의 소리	5.0
운빨 로맨스	4.0
궁宮 1	3.0
만화로 보는 그리스 로마 신화	4.0
목욕의 신	4.5
안나라수마나라	5.0
관계	4.0
뻬쩨르부르그 이야기	4.0
치즈 인 더 트랩	3.5
디비디 DVD	5.0
도라에몽	5.0
금요일	4.0
호문쿨루스	5.0
곰돌이 푸, 행복한 일은 매일 있어	0.5
낢이 사는 이야기 시즌2	3.5
헬퍼 Hellper	5.0
에고라는 적	2.0
사랑의 파괴	3.0
인간 실격	5.0
연놈	4.0
3단합체 김창남	4.5
소용돌이 합본판	4.0
유미의 세포들	4.5
안나 카레니나	4.0
사원시마	4.0
배틀로얄	5.0
이방인	4.0
크르노 크루세이드	4.5
블랙 패러독스	3.5
이토 준지의 고양이일기 욘&무	3.0
바쿠만 BAKUMAN	5.0
드래곤 볼	4.5
배가본드	4.0
기생수	5.0
이키가미	4.5
간츠 Gantz	5.0
벡 Beck 1	5.0
크레용 신짱	3.0
데스 노트 Death Note	4.5
프랑켄 프랑	4.0
이누야샤	5.0
오만과 편견	5.0
죽음에 관하여	5.0
Ho! 1	5.0
신세기 에반게리온	5.0
신 암행어사 1	3.5
장난을 잘치는 타카기양	5.0
데일 카네기 자기관리론	3.0
한 글자	5.0
원피스 ONE PIECE	5.0
선천적 얼간이들	5.0
모리와 함께한 화요일	5.0
완득이	3.0
오체 불만족	1.5
파페포포 안단테	5.0
파페포포 투게더	5.0
후레자식	5.0
찰리와 초콜릿 공장 	5.0
파페포포 메모리즈	5.0
안네의 일기	4.0
물은 답을 알고 있다	1.0
엄마를 부탁해	0.5
1cm+ 일 센티 플러스	3.5
공감하는 능력	3.0
자존감 수업	4.0
사랑할 때와 죽을 때	5.0
1984	4.0
위대한 개츠비	4.5
달과 6펜스	5.0
변신.시골의사	4.0
동물농장	3.0
파리대왕	2.0
