﻿2018 제9회 젊은작가상 수상작품집	3.5
밤이 지나간다	3.5
그해, 여름 손님	3.0
뤼미에르 피플	3.0
단편소설 쓰기의 모든 것	3.5
태도에 관하여	3.5
벤자민 버튼의 시간은 거꾸로 간다	3.5
우리의 소원은 전쟁	4.0
싸울 때마다 투명해진다	3.0
한정희와 나	4.0
내게 무해한 사람	4.0
죽은 자로 하여금	3.0
느낌의 공동체	4.0
파인 다이닝	3.5
변신.시골의사	3.5
서랍에 저녁을 넣어 두었다	3.5
환대받을 권리, 환대할 용기	3.0
서른의 연애	3.5
저녁 무렵에 면도하기	3.0
채소의 기분, 바다표범의 키스	3.5
언젠가 너에게 듣고 싶은 말	3.5
국경의 도서관	3.5
샐러드를 좋아하는 사자	4.0
좋은 이별	4.5
대한민국헌법	3.0
책 잘 읽는 방법	3.5
페미니즘의 도전	4.0
너의 세계를 스칠 때	3.5
센서티브	3.5
너무 시끄러운 고독	3.5
곰돌이 푸, 행복한 일은 매일 있어	3.0
그럼에도 불구하고	2.5
그 남자는 왜 이상해졌을까?	3.5
그래도, 사랑	3.5
듀이 : 세계를 감동시킨 도서관 고양이	3.0
피프티 피플	4.0
모두를 위한 페미니즘	3.5
달의 조각	3.0
어른아이로 산다는 것	3.0
지독한 하루	3.5
사랑은 시처럼 온다	3.0
연애가 끝났다	4.0
마음의 파수꾼	4.0
사람 소리 하나	2.0
백의 그림자	3.0
서른의 반격	3.5
한 스푼의 시간	3.5
About Coffee 어바웃 커피	3.5
나의 한국현대사	3.5
아무도 아닌	3.5
내 인생의 첫 책쓰기	3.5
82년생 김지영	4.0
뱀과 물	3.0
댓글부대	4.0
마음스파	2.5
무엇이든 쓰게 된다	3.5
그날의 온도 그날의 빛 그날의 분위기	3.5
우리가 녹는 온도	4.5
아내의 빈 방	3.5
그믐, 또는 당신이 세계를 기억하는 방식	3.5
웃는 남자	4.0
첫사랑	3.5
나는 책쓰기로 인생을 바꿨다	2.5
열광금지, 에바로드	3.5
개똥벌레	4.0
운다고 달라지는 일은 아무것도 없겠지만	3.5
현남 오빠에게	3.5
예루살렘의 아이히만	3.5
쇼코의 미소	4.5
상냥한 폭력의 시대	4.0
딸에 대하여	4.0
한 달의 길이	4.0
표백	4.5
5년 만에 신혼여행	3.5
한국이 싫어서	4.0
소설 재미있게 읽는 법	3.5
소년이 온다	4.0
젊은 베르테르의 슬픔	4.5
달과 6펜스	4.0
흰	3.5
지지 않는다는 말	3.5
카타리나 블룸의 잃어버린 명예	4.0
위대한 개츠비	4.5
1973년의 핀볼	3.0
바람의 노래를 들어라	3.5
남아 있는 나날	4.0
자살에 관한 모든 것	3.0
싱글로 산다	4.0
자기 앞의 생	4.5
너의 그림자를 읽다	3.5
생각의 지도	3.0
지금 알고 있는 걸 그때도 알았더라면	3.0
고래	4.0
서울, 1964년 겨울	4.0
무진기행	3.5
색채가 없는 다자키 쓰쿠루와 그가 순례를 떠난 해	4.0
핑거스미스	4.0
서서히 서서히 그러나 반드시	3.0
농담	4.0
남한산성	3.5
하루라도 공부만 할 수 있다면	2.5
목걸이	3.5
이방인	4.0
인연	4.0
멋진 신세계	4.5
두근두근 내 인생	3.0
어린 왕자	4.0
그곳이 멀지 않다	4.0
숨결이 바람 될 때	3.5
바깥은 여름	4.0
살인자의 기억법	3.5
채식주의자	4.0
4월의 어느 맑은 아침에 100퍼센트의 여자를 만나는 것에 대하여	4.0
비곗덩어리	4.0
기사단장 죽이기	4.0
선의 법칙	3.5
선한 이웃	3.5
모멸감	3.5
새벽 세시, 바람이 부나요?	4.0
연어	3.5
비행운	4.5
등대지기	4.0
닥치는 대로 끌리는 대로 오직 재미있게 이동진 독서법	3.5
괭이부리말 아이들	3.5
파페포포 안단테	3.0
마지막 수업	3.5
사랑의 학교	3.5
비밀의 화원	4.0
시튼 동물기	3.5
하늘을 나는 교실	3.5
오멘	4.0
파브르 곤충기	3.5
드라큘라	3.5
긍정적인 말의 힘	3.0
어항 속 푸른 물고기	3.0
논어강설	3.5
십시일反	3.0
작은 아씨들	4.0
여자의 일생	3.5
진짜, 무인도에 떨어졌다	3.0
홍당무	3.5
검은 고양이	3.5
스웨덴, 삐삐와 닐스의 나라를 걷다	3.0
80일간의 세계일주	4.0
트로이의 목마를 불태워라	3.5
대지	3.5
주홍글씨	4.0
노트르담의 꼽추	4.0
집 없는 시대의 자화상	3.0
해저 2만리	4.0
프랑켄슈타인	4.0
하이디	3.5
신문 읽기의 혁명	4.0
뜨거운 침묵	2.5
최고의 삶을 살아라	3.0
이코노믹 갱스터	3.5
트렌드 인 비즈니스	3.5
자기대화력	3.0
당신도 베스트셀러 작가가 될 수 있다	3.5
황정민의 P.S. 아이러브유	2.5
꿈의 왕국을 세워라	3.0
시지프 신화	3.5
죽음의 중지	4.0
무조건 행복할 것	3.0
100배의 축복	3.0
외눈박이 원숭이	3.5
철학의 에스프레소	3.5
패션의 탄생	4.0
사랑에 대한 모든 것	3.5
하루 약속	3.0
왜 일하는가	3.5
민들레영토 희망 스토리	3.0
수중혜 手中慧	2.5
무지개	3.5
심리학 콘서트	3.0
몰입	2.5
투자와 비이성적 마인드	3.0
오리진이 되라	3.5
클린 코드 Clean Code	3.5
개그맨	3.5
나이를 속이는 나이	3.0
내 인생에서 가장 멋진 거래	3.0
대통령 오바마, 백악관으로 가는 길	3.5
이기는 습관	3.0
청춘 스펙 열전	3.0
피부미남 프로젝트	3.0
피자는 어떻게 세계를 정복했는가	3.5
김정은의 북한, 어디로 가나	3.0
결정적인 말 한 마디	3.0
사탕 목걸이	3.0
빌딩부자들	3.0
무지개 원리	2.5
공부하는 독종이 살아남는다	3.0
마해영의 야구본색	3.0
오바마 이야기	3.0
불타는 구두를 신어라	2.5
김연아의 7분 드라마	3.0
아이폰 성공의 비밀	3.0
아뿔싸, 난 성공하고 말았다	2.5
맨즈 잇 스타일	3.0
김제동이 만나러 갑니다	3.0
바보 Zone	3.5
못 가본 길이 더 아름답다	3.5
나를 키워준 한마디	3.0
당당하고 귀신같은 부하가 살아남는다	3.0
블러드차일드	4.0
킨	5.0
내 단 하루라도 산이 될 수 있다면	3.0
가난하다고 꿈조차 가난할 수는 없다	3.0
그동안 당신만 몰랐던 스마트한 실수들	3.0
4 빼기 3	3.5
체의 마지막 일기	3.5
그 후에	3.5
선물	3.5
살아서 꼭 가봐야 할 서해안여행 146선	3.0
CEO 안철수, 지금 우리에게 필요한 것은	3.5
경제 상식사전 (별책 : 알짜! 경제용어 300선)	3.0
경제학 콘서트	3.5
두 친구	3.5
잘린 머리에게 물어봐	3.0
김석류의 아이 러브 베이스볼	3.0
심리학이 연애를 말하다	2.5
그 남자 그 여자 2	3.0
파울로 코엘료의 연금술사의 비밀	3.0
끌림 (리커버에디션)	3.5
나를 위한 하루 선물	3.0
고품격 유머 스트레칭	3.0
개 같은 신념	3.5
폼페이	3.0
성공하는 사람들의 7가지 습관	2.5
영원한 리베로	3.0
나쁜 사마리아인들	4.0
우동 한 그릇	3.5
꺼삐딴 리	3.5
아하, 그렇구나!	3.0
노는 만큼 성공한다	2.5
꿈이 있는 거북이는 지치지 않습니다	3.5
행복을 부르는 자기대화법	3.0
내 안의 또 다른 나	3.0
1250℃ 최고의 나를 만나라	2.5
아프리카의 눈물	3.0
왜 세계의 절반은 굶주리는가?	4.0
콜드리딩	3.5
멈추지 마, 다시 꿈부터 써봐 +	3.0
뛰어라! 지금이 마지막인 것처럼	3.0
연애 교과서	2.5
페이스 쇼퍼	3.0
화를 다스리면 인생이 달라진다	3.0
위키리크스	3.5
1년만 미쳐라	3.0
똑똑한 놈은 웃으면서 군대간다	2.5
매일 아침 1분	3.0
토크의 뒷기술	2.5
톰 아저씨의 오두막	3.5
투명인간	4.0
전쟁과 평화	4.0
월든	4.0
삼총사	3.5
부활	4.0
마지막 잎새	4.0
돈키호테	4.0
논어로 논어를 풀다	3.5
걸리버 여행기	3.5
80일간의 세계 일주	3.5
오프라 윈프리, 위대한 인생	3.0
조용한 열정, 반기문	3.0
워렌 버핏의 두 개의 지갑	3.0
MBA, AICPA를 위한 재무제표 읽는 법	2.5
로마인 이야기 	3.5
오발탄	3.5
소크라테스의 변명	3.5
이드	3.0
해리 포터와 아즈카반의 죄수	3.5
몬테크리스토 백작	4.0
디자인 씽킹	3.5
모비 딕	4.0
시골의사의 부자경제학	3.5
나는 아직, 어른이 되려면 멀었다	2.5
그리고 아무도 없었다	3.5
참을 수 없는 존재의 가벼움	3.5
여자의 모든 인생은 20대에 결정된다	2.5
습관의 힘	3.5
딸아, 외로울 때는 시를 읽으렴	3.5
버킷리스트	3.5
두 개의 혼	2.5
티핑 포인트	3.5
블링크	3.0
그 개는 무엇을 보았나	3.5
마켓3.0 시대의 스마트 비즈니스 전략	3.0
GO	3.0
허생전	3.5
빨강머리 앤	3.5
지킬 박사와 하이드	3.5
오셀로	4.0
청춘의 문장들+	3.0
청춘의 문장들	3.5
행복의 특권	3.0
후후후의 숲	3.5
enjoy cafe! 카페 서울 두번째 이야기	3.5
enjoy cafe! 카페 서울	3.5
커피, 만인을 위한 철학	3.5
문학과 예술의 사회사	3.5
내뱉고 후회하는 말버릇 바꾸기	3.0
부자가 되는 정리의 힘	2.5
거의 모든 것의 정리법	3.0
그는 나에게로 와서 꽃이 되었다	3.5
나도 안아주면 좋겠다	3.0
나는 오늘부터 말을 하지 않기로 했다	3.0
소심해서 그렇습니다	2.5
서로 사랑하면 언제라도 봄	4.0
7번 읽기 공부법	2.5
타임 푸어	3.0
나는 고작, 서른이다	3.0
생각 버리기 연습	3.0
퓨처 워커	3.5
눈물을 마시는 새	3.5
젊은 날의 초상	4.0
합격과 불합격은 1% 공부법에 달려 있다	2.5
인생아, 고맙다	3.0
자투리 시간이 인생을 바꾼다	2.5
기계, 인간의 척도가 되다	3.5
질문하는 독종이 살아남는다	2.5
신의 자판기	3.0
일본전산 이야기	3.5
아내	4.0
인생사용설명서	3.5
청춘불패	2.5
살인자의 건강법	3.5
적의 화장법	3.5
완전한 죽음	3.5
천하무적 불량야구단	2.5
경제학이 숨겨온 6가지 거짓말	3.0
충동의 경제학	3.0
가격차별의 경제학	3.0
달을 먹다	3.5
시간 여행자의 아내	3.5
리더는 사람을 버리지 않는다	3.5
김성근이다	3.5
나는 왜 루이비통을 불태웠는가?	3.0
지식 e inside (지식e DVD 포함)	3.5
삼미 슈퍼스타즈의 마지막 팬클럽	3.5
우리는 왜 묵자인가	3.5
어둠의 저편	3.0
야구천재 이치로와 99%의 노력	3.0
동굴	3.5
환상의 여인	3.5
도플갱어	3.5
우리는 사소한 것에 목숨을 건다	3.5
키리고에 저택 살인사건	3.0
한 권으로 읽는 셜록 홈즈 추리 걸작선	3.0
도쿄 타워	3.0
11분	3.5
안철수의 생각	3.0
CEO 안철수 영혼이 있는 승부	3.0
오늘의 사건사고	2.5
스티브 잡스 이야기	3.0
화성에서 온 남자 금성에서 온 여자	3.0
그래도 희망에 기대고 싶다	3.0
나는 날마다 발칙한 상상을 한다	2.5
초일류 브랜드 100	3.0
CEO 책에서 길을 찾다	3.0
양치기 리더십	3.0
사라진 책들의 도서관	3.5
바람의 딸 걸어서 지구 세 바퀴 반	2.5
그건, 사랑이었네	3.5
호밀밭의 파수꾼	4.0
갈매기의 꿈	3.5
키다리 아저씨	4.0
제인 에어 	4.0
마시멜로 이야기	3.0
소나기	3.5
로빈슨 크루소	3.5
연어	3.5
햄릿	4.0
오체 불만족	2.5
도가니	3.5
지적 대화를 위한 넓고 얕은 지식 : 현실 너머 편	3.0
리어 왕	3.5
체 게바라 평전	3.5
밤 열한 시	3.5
폭풍의 언덕	4.0
노인과 바다	4.5
레미제라블	4.5
맥베스	4.0
온워드 Onward	3.5
삼국지	4.0
1984	4.0
정의란 무엇인가	3.5
난장이가 쏘아올린 작은 공	4.0
아름다움의 구원	3.5
죽음의 수용소에서	4.5
꿈의 도시	4.0
공중그네	3.5
데일 카네기 자기관리론	3.0
모모	3.0
톰 소여의 모험	3.5
지금 사랑하지 않는 자, 모두 유죄	3.5
아Q정전	4.0
나는 까칠하게 살기로 했다	3.5
나를 버리다	3.0
바보 빅터	3.0
시크릿	3.0
혼.창.통	3.5
공항에서 일주일을	4.0
광수생각 : 오늘, 나에게 감사해	3.0
1리터의 눈물	3.0
전쟁은 여자의 얼굴을 하지 않았다	4.0
브리다	3.5
내 문장이 그렇게 이상한가요?	3.5
룬의 아이들 - 데모닉	3.0
폴라리스 랩소디	3.0
그 남자 그 여자	3.0
마당을 나온 암탉	3.0
내일	3.0
꿈꾸는 다락방	3.0
18시간 몰입의 법칙	3.0
20대, 자기계발에 미쳐라	2.0
여자라면 힐러리처럼	3.0
스무 살, 절대 지지 않기를	3.0
독서 천재가 된 홍대리	3.0
7막 7장 그리고 그 후	3.5
천 번을 흔들려야 어른이 된다	2.0
죽음이란 무엇인가	4.0
당신 없는 나는?	3.5
디지털 포트리스	3.0
플랜더스의 개	3.5
좀머 씨 이야기	3.5
서양미술사	4.5
유배지에서 보낸 편지	3.5
묵향	3.0
달빛 조각사	3.5
사랑을 찾아 돌아오다	3.0
베르나르 베르베르의 상상력 사전	2.5
ABC 살인사건	3.5
죄와 벌	4.0
바보 이반	3.5
7년 후	3.0
천사의 부름	3.0
리딩으로 리드하라	3.0
로스트 심벌	2.5
여행의 기술	3.0
캣칭 파이어	3.5
한여름 밤의 꿈	3.5
룬의 아이들 - 윈터러	3.0
모킹제이	3.5
눈먼 자들의 도시	4.0
길	3.5
가시고기	3.5
드래곤 라자	4.0
FBI 행동의 심리학	3.0
원미동 사람들	3.5
주홍 글자	4.0
네가 어떤 삶을 살든 나는 너를 응원할 것이다	3.5
가면 산장 살인 사건	3.0
사랑하기 때문에	2.5
백설공주에게 죽음을	3.5
헝거 게임	4.0
스물아홉 생일, 1년 후 죽기로 결심했다	3.5
안네의 일기	4.0
소설가 구보씨의 일일	3.5
책은 도끼다	4.0
마당을 나온 암탉 (반양장)	3.0
종이 여자	3.0
세상의 중심에서 사랑을 외치다	3.5
베니스의 상인	3.5
닥치고 정치	3.0
창가의 토토	3.5
구운몽	3.5
파페포포 다이어리	3.0
파이 이야기	3.5
28	3.5
마시멜로 두 번째 이야기	3.0
모리와 함께한 화요일	4.0
왜 나는 너를 사랑하는가	4.0
내 영혼이 따뜻했던 날들	3.5
지적 대화를 위한 넓고 얕은 지식 : 현실 세계 편	2.5
탈무드	3.0
지도 밖으로 행군하라	2.5
당신, 거기 있어 줄래요?	3.5
해리 포터와 죽음의 성물	3.0
톨스토이 단편선	3.5
해리 포터와 불의 잔	3.0
연탄길	3.0
운수 좋은 날 「현진건」	3.5
향수	4.5
우리들의 일그러진 영웅	4.0
7년의 밤	3.5
해리 포터와 불사조 기사단	3.5
용의자 X의 헌신	3.0
어린 왕자	4.0
엄마를 부탁해	3.5
나무	4.0
나의 라임 오렌지나무	3.5
해리 포터와 혼혈왕자	3.5
천사와 악마	3.0
연금술사	4.0
아프니까 청춘이다	2.5
해리 포터와 비밀의 방	3.5
해리 포터와 마법사의 돌	3.5
동물농장	4.5
데미안	4.0
아홉살 인생	4.0
누가 내 치즈를 옮겼을까?	3.5
나는 단순하게 살기로 했다	3.5
파리대왕	4.0
하악하악	2.5
아침형 인간	3.5
그 많던 싱아는 누가 다 먹었을까	3.5
어른인 척	3.0
총 균 쇠	4.0
오만과 편견	4.0
부자 아빠 가난한 아빠 	3.5
왓칭 Watching	3.5
편안하고 사랑스럽고 그래 2	3.0
국화꽃 향기	4.0
다 빈치 코드	3.5
파피용	4.0
몰입 - 인생을 바꾸는 자기 혁명	3.5
나미야 잡화점의 기적	4.0
칭찬은 고래도 춤추게 한다	3.5
죽을 때 후회하는 스물다섯 가지	2.5
하버드 새벽 4시 반	3.0
화차	3.5
모방범	3.5
국경의 남쪽, 태양의 서쪽	3.5
댄스 -	3.5
1Q84	4.0
언더그라운드	3.5
직업으로서의 소설가	3.5
영혼을 위한 닭고기 수프 1	3.5
사랑하라 한번도 상처받지 않은 것처럼	4.0
술 취한 코끼리 길들이기	3.5
나의 상처는 돌 너의 상처는 꽃	3.5
그대가 곁에 있어도 나는 그대가 그립다	3.5
눈치보는 나, 착각하는 너	3.0
나는 악당이 되기로 했다	3.5
언제 들어도 좋은 말	4.0
보통의 존재 	4.0
하늘과 바람과 별과 詩	4.0
개코원숭이의 사막 건너기	3.5
기적을 일으키는 셀프코칭 하우 HOW!	3.5
연애하지 않을 자유	3.5
성공하는 남자의 디테일	2.5
술자리도 능력이다	3.5
자신감을 주는 완벽한 대화기술	3.0
나는 한 번 읽은 책은 절대 잊어버리지 않는다	3.0
타인의 고통	4.5
깊이에의 강요	4.0
생각해봤어?	3.5
여자 없는 남자들	3.5
신과 나눈 이야기	3.5
버티는 삶에 관하여	2.5
시 읽는 밤 : 시 밤	2.5
소셜 애니멀	3.5
모든 요일의 여행	4.0
모든 요일의 기록	3.5
좀비	4.0
종의 기원	3.5
따로와 끼리	3.5
21세기 자본	4.0
최진기와 함께 읽는 21세기 자본	3.5
오베라는 남자	4.0
너무 한낮의 연애	3.5
나는 정말 너를 사랑하는 걸까?	3.5
눈뜨면 없어라	4.0
쓸 만한 인간	3.5
시민의 불복종	4.0
지금이 아니면 안 될 것 같아서	4.0
혼자일 것 행복할 것	4.0
스위트 리메디	3.5
상처 없는 밤은 없다	3.0
우리는 사랑일까	3.0
세상에서 고양이가 사라진다면	3.5
냉정과 열정사이 Blu	3.5
시간을 파는 남자	3.5
실내인간	4.0
편안하고 사랑스럽고 그래	2.5
설국	4.0
인간 실격	4.0
죽여 마땅한 사람들	3.5
내가 찍고 싶은 사진	4.0
사진학 강의	3.0
시의 문장들	4.0
개인주의자 선언	3.5
절망의 나라의 행복한 젊은이들	3.5
마르크스는 처음입니다만	3.5
넛지	4.0
노르웨이의 숲	5.0
이것이 남자의 세상이다	3.5
아웃라이어	4.0
우리는 차별에 찬성합니다	3.0
더 리더 - 책 읽어주는 남자	4.0
홀	4.0
프로파간다	3.5
