﻿백년 동안의 고독	5.0
토지 	5.0
혼자서 공부해봤니?	5.0
표현해야 사랑이다	5.0
20대라면 떠나라	5.0
윗몸일으키기 딱 100개	5.0
집짓기 바이블	5.0
101 Blue Economy House	5.0
건축구조학	5.0
팔굽혀펴기 딱 100개	5.0
헬스의 정석	5.0
두 남자의 집짓기	5.0
마시멜로 이야기	4.5
브레이킹 던	5.0
호스트	5.0
김수근 건축론	5.0
브루클린의 소녀	5.0
그 후에	5.0
구해줘	5.0
메이즈 러너	5.0
뉴문	5.0
정의란 무엇인가	5.0
코스모스	5.0
ENJOY 홋카이도 (2017 최신정보)	5.0
나나의 네버엔딩 스토리	4.5
갈매기의 꿈	4.5
나무	5.0
마당을 나온 암탉	4.5
아홉살 인생	4.5
바람을 뿌리는 자	5.0
위험한 과학책	5.0
백설공주에게 죽음을	5.0
버킷리스트	5.0
모킹제이	5.0
50가지 그림자 : 심연	5.0
그레이의 50가지 그림자	5.0
1Q84	5.0
옛날에 내가 죽은 집	5.0
동급생	5.0
나만 알고 싶은 유럽 TOP10	5.0
이클립스	5.0
트와일라잇	5.0
파피용	5.0
캣칭 파이어	5.0
해변의 카프카	5.0
헝거 게임	5.0
슬픔보다 더 슬픈 이야기	5.0
향수	5.0
완득이	5.0
잘못은 우리 별에 있어	5.0
스코치 트라이얼	5.0
더 잡	5.0
가면 산장 살인 사건	5.0
나미야 잡화점의 기적	5.0
서양건축사 (윤정근 외)	5.0
디자인 유랑 in Europe	5.0
미움받을 용기	5.0
내가 사랑한 유럽 TOP10	5.0
네이비씰의 나를 이기는 연습	5.0
아프니까 청춘이다	5.0
안철수와 박경철, 깊이 읽기	5.0
유학의 정석	5.0
미 비포 유	5.0
위대한 개츠비	5.0
센트럴파크	5.0
사랑을 찾아 돌아오다	5.0
당신 없는 나는?	5.0
천사의 부름	5.0
7년 후	5.0
사랑하기 때문에	5.0
내일	5.0
종이 여자	5.0
당신, 거기 있어 줄래요?	5.0
지금 이 순간	5.0
노르웨이의 숲	5.0
