﻿우리집 테라스에 펭귄이 산다	4.0
하루키를 읽다가 술집으로	4.0
시간을 멈추는 법	4.0
곰탕	3.5
도둑비서들	4.0
당신과 나 사이	4.0
필경사 바틀비	4.0
한밤중에 개에게 일어난 의문의 사건	4.0
웬만해선 아무렇지 않다	3.0
주부의 휴가	4.0
꾸뻬 씨의 핑크색 안경	4.0
과학 같은 소리 하네	3.5
작가의 얼굴	3.5
나쓰미의 반딧불이	4.0
서커스 나이트	3.5
열쇠공, 뉴욕을 엿보다	3.5
첫 문장 못 쓰는 남자	3.5
한 시간만 그 방에	4.0
매치메이커스	3.5
그녀 이름은	4.0
힘 빼기의 기술	3.5
하루의 취향	4.0
예민함 내려놓기	3.0
나쁜 소식	4.0
바다의 뚜껑	4.0
라이카, 영감의 도구	3.5
폭염 사회	3.0
심미주의 선언	3.5
너의 시간이 다하더라도	3.5
교열기자의 오답노트	3.5
아주 사적인 시간	4.0
색채의 연상	3.5
홍크	3.5
고독한 밤의 코코아	3.5
뉴욕은 교열 중	3.5
괜찮아	4.0
심심할수록 똑똑해진다	3.5
나는 죽을 때까지 재미있게 살고 싶다	4.0
고양이처럼 나는 혼자였다	3.5
오리진	2.5
인간의 조건	3.0
빵 고르듯 살고 싶다	3.5
13일의 김남우	3.0
거의 모든 것의 역사	4.0
서툰 엄마	3.5
항상 나를 가로막는 나에게	3.0
군중심리학	4.0
힐빌리의 노래	4.0
빌 브라이슨의 대단한 호주 여행기	4.0
읽어보시집	3.0
그래도 괜찮아	3.5
문장 수집 생활	4.5
정말 미안하지만, 나는 아무렇지도 않았다	4.0
무취미의 권유	3.0
광수생각 : 오늘, 나에게 감사해	3.0
빌 브라이슨의 유쾌한 영어 수다	3.5
엄마가 몰라서 미안해	2.5
모든 관계는 말투에서 시작된다	3.5
모스크바의 신사	4.0
던바	3.5
심플 플랜	3.5
도둑의 도시 가이드	3.5
밤의 동물원	4.0
Man for Himself : An Inquiry into the Psychology of Ethics	3.5
선 긋기의 기술	3.5
신의 카르테 1	3.5
웅크린 말들	4.0
빌 브라이슨 발칙한 유럽산책	4.0
역사의 역사	4.0
열두 발자국	4.5
생활 예절	3.5
내게 무해한 사람	4.0
욕조가 놓인 방	4.0
세상은 내가 이상하다고 한다	2.5
서른의 반격	4.0
참 괜찮은 죽음	3.5
무뎌진다는 것	3.5
그런 책은 없는데요…	3.5
어머니 고맙습니다	3.0
게임의 이름은 유괴	4.0
컬러의 말 : 모든 색에는 이름이 있다	4.5
편의점 인간	3.5
지금은 중국을 읽을 시간	3.0
밤은 부드러워라	4.5
범인 없는 살인의 밤	3.0
고양이	3.5
취향을 설계하는 곳, 츠타야	3.5
리디머	4.0
나는 진보인데 왜 보수의 말에 끌리는가?	3.5
회랑정 살인사건	3.0
어디서 살 것인가	4.5
언론 글쓰기, 이렇게 한다	3.5
혼자가 좋다	3.5
무엇이든 쓰게 된다	4.0
호모 데우스	4.0
말의 정의	2.5
무라카미 하루키를 읽는 오후	4.0
아무튼, 외국어	4.0
역사의 키워드 왕을 말하다	4.0
진중권의 서양미술사 : 인상주의 편	4.5
병원의 사생활	4.0
단상, 혹은 연상	2.5
아무것도 하기 싫은 날	2.5
사무치게 낯선 곳에서 너를 만났다	3.5
나는 행복한 불량품입니다	3.5
나는 아주 오래 살 것이다	3.5
행복의 기원	4.5
태연한 온도로 산다는 것	3.5
오래된 일기	4.0
아무것도 하지 않아도 괜찮은	3.5
골목길 역사산책 : 서울편	4.0
의식의 강	4.0
아름다운 흉기	4.0
영화음악	3.0
색의 힘	3.5
안녕, 뜨겁게	3.5
질문 있습니다	3.5
북유럽 신화	4.0
타인의 얼굴	3.0
낭만이 여행자의 일이라면	3.5
예술가들은 이렇게 말했다	2.5
그때 그곳에서	3.0
가면 산장 살인 사건	3.0
대담한 작전	2.5
11문자 살인사건	2.5
그리고 당신이 죽는다면	3.5
아몬드	3.5
브루투스의 심장	4.0
한 명	3.5
오늘을 산다는 것	3.5
단델라이언	3.5
그 의견에는 동의합니다	3.5
너는 너로 살고 있니	3.5
불안의 서	3.5
운다고 달라지는 일은 아무것도 없겠지만	3.5
신경 쓰지 않는 연습	2.5
쇼코의 미소	4.5
뱀과 물	2.0
왜 그들은 우리를 파괴하는가	3.5
머리를 써야 할 때 감정을 쓰지 마라	3.5
어떻게 원하는 것을 얻는가	3.5
슬픈 인간	2.5
인생의 밀도	4.0
하나도 괜찮지 않습니다	3.5
한 길 사람 속	4.0
혼자 하는 공부의 정석	3.0
수상한 사람들	2.5
지금은 없는 이야기	3.0
문장의 온도	4.0
외과의사 엉덩이 노출사건	4.0
지지 않는다는 말	4.5
종료되었습니다	3.5
닥치는 대로 끌리는 대로 오직 재미있게 이동진 독서법	3.5
고슴도치의 소원	2.0
이동진의 부메랑 인터뷰 그 영화의 시간	4.0
우리가 녹는 온도	4.0
할머니가 미안하다고 전해달랬어요	3.5
당신의 마음을 정리해 드립니다	4.0
가면을 가리키며 걷기	4.0
매혹의 근대, 일상의 모험	3.0
마쿠라노소시	3.0
공부는 이쯤에서 마치는 거로 한다	4.0
머리 위를 조심해	2.5
우리가 고아였을 때	3.5
소설가의 일	4.5
웃음과 망각의 책	3.5
옛날에 내가 죽은 집	3.5
스토너	5.0
별난 법학자의 그림 이야기	3.5
퇴사준비생의 도쿄	3.5
35살까지 꼭 알아야 하는 회계력	3.0
원더보이	4.0
아트인문학 : 보이지 않는 것을 보는 법	4.5
악의	4.0
나의 눈부신 친구	3.5
첫아이 초등학교 보내기	3.0
설민석의 무도 한국사 특강	4.0
더 클래식 셋	4.0
더 클래식 하나	4.0
더 클래식 둘	4.0
서로의 마음을 산책 중	3.5
설레는 일, 그런 거 없습니다	3.5
인생 따위 엿이나 먹어라	2.5
마이 시스터즈 키퍼 - 쌍둥이별	3.5
용포 속의 비밀, 미치도록 가렵도다	4.0
게으른 사람들의 심리학	4.0
세계 호러 단편 100선	3.0
보건교사 안은영	4.5
세계의 끝 여자친구	4.0
실패를 모르는 멋진 문장들	4.0
맥락을 팔아라	4.0
블랙코미디	4.0
지성만이 무기다	3.0
어쩌다 디자인	3.5
뉴스가 위로가 되는 이상한 시대입니다	4.0
비밀의 숲	4.0
집으로 가는 먼 길	3.5
철학카페에서 작가를 만나다 1	3.5
플로베르의 앵무새	3.5
서툰 감정	3.5
천천히, 스미는	3.0
센스메이킹	4.0
면역에 관하여	3.5
침묵의 봄	3.5
부테스	2.5
남아 있는 나날	4.0
삼체	3.5
나르치스와 골드문트	3.5
라틴어 수업	4.0
원 플러스 원	4.0
외투	4.5
마티네의 끝에서	4.0
매혹당한 사람들	3.5
고양이는 내게 행복하라고 말했다	3.0
세계 호러 걸작선	3.0
넛지	4.0
그리움이 나를 밀고 간다	3.5
심플러 Simpler	4.0
헤르만 헤세, 여름	3.0
4차산업혁명 시대 투자의 미래	2.5
정원에서 보내는 시간	4.0
헤세가 사랑한 순간들	3.5
순수의 시대	3.5
젊은 예술가의 초상	3.0
법 앞에서	3.5
중국의 붉은 별	4.0
페터 카멘친트	4.5
반도덕주의자	3.5
매일 심리학 공부	3.0
죽음의 중지	4.0
이기적 유전자	3.5
유화 바이블	3.5
아빠, 천체관측 떠나요!	3.5
그림에, 마음을 놓다	3.5
개와 웃다	3.5
외투	4.5
샤를로트의 우울	4.0
수필생각	3.0
그해, 여름 손님	4.0
오리지널스	3.0
압록강은 흐른다	4.0
월요일도 괜찮아	3.5
미스 함무라비	3.5
정신분석학의 7가지 개념	3.0
합리적 의심	3.5
플립	5.0
심리 조작의 비밀	3.0
컬러 앤 라이트 Color and Light	3.5
트라우마 치유, 아직 만나지 못한 나를 만나다	2.0
모략	4.0
윤동주	4.5
진달래꽃 : 김소월 양장본 시집	4.0
젊은 베르테르의 슬픔	4.0
크눌프	4.0
회색노트	3.5
슬픔이여 안녕	4.5
모던보이	2.5
그는 걸어서 온다	3.5
누구나 혼자이지 않은 사람은 없다	3.0
오감도	4.0
예수전	4.0
노무현 죽이기	3.0
노무현은 왜 조선일보와 싸우는가	3.5
인간 사색	3.5
고종석의 문장 2	3.0
고종석의 문장	4.0
시골의사의 아름다운 동행 1	3.5
시골의사의 부자경제학	3.5
시골의사 박경철의 자기혁명	3.0
사라져 가는 것들에 대하여	3.5
김수영 전집	4.5
생각해 봤어?	3.5
일상생활의 정신 병리학	4.0
유시민의 경제학 카페	4.0
유시민의 글쓰기 특강	4.0
장하준의 경제학 강의 (반양장)	4.0
제갈량의 경영지략	3.5
제갈량의 경영 전략	3.5
슬픈 열대	3.5
그들이 말하지 않는 23가지	4.0
잔인한 국가 외면하는 대중	4.0
비즈니스 글쓰기의 기술	3.5
당신을 위한 국가는 없다	3.5
니코마코스 윤리학	4.0
광기의 역사	3.5
다른 의견을 가질 권리	3.5
긍정의 힘	3.5
토니오 크뢰거	3.5
흐르는 강물처럼	3.5
어른의 맛	3.0
죽여 마땅한 사람들	3.5
헤르만 헤세의 행복	3.5
폰더 씨의 위대한 하루	3.5
빙점	4.0
가면의 고백	4.0
셰익스피어 4대 비극	4.0
뒤마 클럽	3.5
행복한 죽음	3.5
페스트	3.5
티티새	3.5
시지프 신화	4.0
새들은 페루에 가서 죽다	4.0
생각 버리기 연습 2	2.5
생각 버리기 연습	3.5
물소리 바람소리	4.0
화내지 않는 연습	3.5
천 개의 공감	3.5
체 게바라 평전	4.0
뜻으로 본 한국역사	3.0
본 투 런 Born to Run	3.5
역사저널 그날 1	3.5
여행자를 위한 나의 문화유산답사기 2	4.0
여행자를 위한 나의 문화유산답사기 3	4.0
여행자를 위한 나의 문화유산답사기 1	4.0
사람이 알아야 할 모든 것 : 교양	4.0
대통령의 글쓰기	4.0
예루살렘의 아이히만	4.0
내 문장이 그렇게 이상한가요?	3.5
코끼리는 생각하지 마	4.0
연어	4.0
넛지마케팅	3.5
조조에게 배우는 경영의 기술	3.5
조조는 어떻게 영웅이 되었나	3.5
베로니카, 죽기로 결심하다	4.0
제인 에어 	4.0
국제매너와 에티켓	3.5
논리 트레이닝	3.5
시크릿 하우스	3.5
4주간의 국어여행	3.0
스펀지	3.0
문장표현론	3.0
구해줘	3.0
눈먼 자들의 도시	4.0
양철북	3.5
심리학 콘서트	3.0
도쿄 타워	3.0
문명의 우울	3.5
달	4.0
일식	4.0
반갑다, 논리야	3.5
회계지식, 이보다 쉬울 수 없다	3.5
조화로운 삶	3.0
지금 알고 있는 걸 그때도 알았더라면	3.0
마음을 열어주는 101가지 이야기 1	3.5
하늘 호수로 떠난 여행	3.5
그대가 곁에 있어도 나는 그대가 그립다	3.5
회계 실무자라면 꼭 알아야 할 것들	3.0
직장인이여 회계하라	3.5
지금 당장 회계공부 시작하라	3.0
회계학 콘서트 1 : 왜 팔아도 남는 게 없을까?	2.5
윔피 키드	3.0
문명의 배꼽	3.0
중세의 미와 예술	4.0
기호학 이론	3.5
논리와 추리의 기호학	3.5
장미의 이름	3.5
세상의 바보들에게 웃으면서 화내는 방법	4.0
도시는 무엇으로 사는가	4.0
왜 산에 사느냐고 묻거든	3.0
잔잔한 가슴에 파문이 일때	4.0
고독한 당신을 위하여	3.5
내가 아닌 사람과 사는 지혜	3.5
잔잔한 가슴에 파문이 일 때	4.0
진주 귀고리 소녀	3.5
서양미술사 100장면	4.0
소유냐 삶이냐	4.0
열린사회와 그 적들	3.5
바깥은 여름	4.0
데일 카네기 인생의 기술	3.0
데일 카네기 성공 대화론	3.5
데일 카네기 자기관리론	3.5
코마	4.0
브레인	3.5
열	3.5
바이탈 사인	4.0
돌연변이	4.0
바이러스	4.0
블라인드 사이트	3.5
치명적 치료	3.5
감염체	3.5
암센터	3.5
벡터	3.0
세뇌	3.0
전문가와 함께 준비하는 스마트 라이프 디자인	2.5
초신성과 블랙홀	4.0
유혹하는 글쓰기	4.0
하버드 새벽 4시 반	3.5
심플하게 산다	3.5
마시멜로 두 번째 이야기	3.0
필립과 다른 사람들	3.5
라깡의 인간학	3.5
라캉의 정신분석	3.0
빼앗긴 대지의 꿈	4.0
오바마 뛰어넘는 상상력 스피치	3.0
오바마 이야기	3.0
버락 오바마의 담대한 희망	4.0
한국의 신문칼럼	3.0
신문칼럼 속지 않고 읽는 법	3.5
언론이 말하지 않는 경제 위기의 진실	3.5
탐욕의 시대	3.5
엔터테인먼트 경제학	2.5
엔터테인먼트 콘텐츠 마케팅	3.5
아이돌	3.0
대중문화 심리로 본 한국사회	3.5
대중문화 심리읽기	3.5
컬처 파워	3.5
컬처 매니지먼트	3.5
부모로 산다는 것	3.5
피렌체의 빛나는 순간	3.5
피렌체 예술 산책	3.5
피렌체, 욕망의 성벽에 기대서서	3.5
신화, 인간을 말하다	3.5
내 마음에 아이가 산다	3.5
당신의 아이가 어른이 되기 전에	3.5
실컷 논 아이가 행복한 어른이 된다	3.5
구글의 미래	3.5
생각 조종자들	3.5
두 얼굴의 네이버	3.5
구글은 어떻게 일하는가	3.5
구글처럼 생각하라	3.5
그리스 로마 서사시	3.5
우연한 풍경은 없다	3.5
이현수 교수의 도시색채 이야기	3.5
왜 공공미술인가	3.5
천안문	3.5
박철범의 하루공부법	2.5
매일매일 노트필기 공부법	2.5
발레와 현대무용	3.0
발레 이야기	3.0
예술과 환영	3.5
니진스키 영혼의 절규	3.0
인간관계 심리학	3.0
마틴 셀리그만의 긍정심리학	3.5
이병률 여행 컬렉션 - 전3권	3.5
끌림 (리커버에디션)	4.0
엄마라는 아이	3.5
혼자 상처받지 않는 법	4.0
괴짜 예술가들의 별난 마케팅	3.0
아름다운 영혼의 고백	4.0
당신과 꼭 결혼하고 싶습니다	4.0
만약 고교야구 여자 매니저가 피터 드러커를 읽는다면	2.5
영화 비평 : 이론과 실제	3.5
그림 읽는 변호사	3.5
달팽이 식당	3.5
미술관에서 만난 심리학	3.0
메피스토	3.5
현대미술 글쓰기	3.5
성찰하는 진보	4.0
기획의 신	3.5
감정 청소	3.5
그나저나 나는 지금 과도기인 것 같아요	3.5
거짓말 규칙	3.0
우아한 관찰주의자	3.5
자유의 적들	2.5
이반 데니소비치의 하루	4.0
농담	4.0
생각에 관한 생각	4.0
리스본행 야간열차 (윈터 리미티드 에디션)	4.0
감정 독재	3.0
무심한 고양이와 소심한 심리학자	3.5
판결을 다시 생각한다	4.0
존재의 기술	4.0
사랑의 기술	3.5
나는 왜 무기력을 되풀이하는가	3.5
CEO 히틀러와 처칠, 리더십의 비밀	3.5
힘 있는 글쓰기	3.0
심플	3.5
정의를 부탁해	3.5
죽고 싶은 의사, 거짓말쟁이 할머니	3.5
마음의 탄생	3.0
태도에 관하여	3.0
어디까지나 개인적인	3.5
사는 게 뭐라고	3.5
아이의 자존감	3.5
경제학자의 생각법	3.5
뉴욕 미스터리	3.5
나는 생각이 너무 많아	3.5
달의 궁전	3.5
디어 존, 디어 폴	3.5
신탁의 밤	3.5
겨울 일기	3.5
로버트 라이시의 1대 99를 넘어	3.5
양 목에 방울달기	3.5
기회의 99%는 컨셉으로 만든다	3.5
그리고 신은 얘기나 좀 하자고 말했다	3.5
악마도 때론 인간일 뿐이다	3.5
리츄얼	3.5
꾿빠이, 이상	3.0
나를, 의심한다	3.5
청춘의 문장들	3.5
공간의 재발견	3.5
박종훈의 대담한 경제	3.5
공허한 십자가	4.0
작가란 무엇인가 1	4.0
크리스마스 캐럴	4.5
두 도시 이야기	3.5
오래된 골동품 상점	3.5
새벽에 홀로 깨어	4.0
내가 정말 좋아하는 농담	3.5
익숙한 새벽 세시	4.0
일상적인 삶	3.5
섬	4.0
어린왕자	4.5
야간비행	4.0
채털리 부인의 사랑	3.5
브람스를 좋아하세요...	4.0
사기꾼의 심장은 천천히 뛴다	4.0
안네의 일기	4.0
죽음의 수용소에서	4.0
김성근이다	3.5
정글북	4.0
허클베리 핀의 모험	5.0
톰 소여의 모험	5.0
15소년 표류기	5.0
작은 아씨들	5.0
타인보다 더 민감한 사람	4.0
웃는 동안	3.5
관계에서 밀리지 않는 힘, 삼국지 권력술	3.5
모든 요일의 기록	4.0
딸에게 보내는 굿나잇 키스	3.5
무기여 잘 있어라	4.5
노인과 바다	4.0
곁에 두고 읽는 니체	3.0
행복을 부르는 자존감의 힘	3.5
레미제라블	4.0
나는 하나의 레몬에서 시작되었다	4.5
괜찮아, 그곳에선 시간도 길을 잃어	3.5
모두에게 해피엔딩	4.0
밤 열한 시	3.5
슬프지만 안녕	3.5
담론	3.5
더불어숲	3.5
안철수의 생각	3.0
오디세이아	4.0
N.P	3.5
인생은 채색된 그림 위에 있다	4.0
독고준	3.5
철학과의 만남	3.5
재즈	3.5
개인적인 체험	4.0
좁은문	4.0
소송	4.0
성	3.5
변신	4.0
심판	3.5
사서함 110호의 우편물	4.0
도시의 발견	4.0
낮의 목욕탕과 술	3.0
순례자	3.0
피에트라 강가에서 나는 울었네	3.5
11분	3.5
지금 다시, 헌법	3.5
천사는 여기 머문다	3.5
태양은 다시 떠오른다	4.0
하버드의 생각수업	3.5
사회계약론	4.0
인간의 굴레	4.0
운명	3.5
홍당무	4.0
카사노바의 스페인 기행	3.0
누구를 위하여 종은 울리나	4.5
말테의 수기	4.0
픽션들	4.0
퍼레이드	3.5
열대어	4.0
초한지	3.5
맹자	4.0
소학	4.0
대학.중용	4.0
살아 있는 것은 다 행복하라	4.0
맑고 향기롭게	3.5
오두막 편지	3.5
산에는 꽃이 피네	4.0
아름다운 마무리	4.0
소피의 세계	3.5
많은 별들이 한곳으로 흘러갔다	3.0
제비를 기르다	3.5
마음	4.0
카인	4.0
오에 겐자부로	4.0
파리의 우울	3.5
보통의 존재 	4.0
언제 들어도 좋은 말	3.5
사랑의 단상	3.0
감시와 처벌	4.0
체 게바라	4.0
그 많던 싱아는 누가 다 먹었을까	3.5
올리브 키터리지	3.0
사랑의 기술	3.5
탐정이 아닌 두 남자의 밤	4.0
네가 어떤 삶을 살든 나는 너를 응원할 것이다	3.0
마의 산	4.0
삶의 격	4.5
우울한 오후의 화려한 예감	4.5
무라카미 하루키 수필집	4.5
그러나 즐겁게 살고 싶다	5.0
A TO Z	3.5
또하나의 재즈 에세이	4.0
무라카미 라디오	4.5
우천염천	4.0
먼 북소리	4.0
하루키, 하야오를 만나러 가다	3.5
The Scrap	3.5
의미가 없다면 스윙은 없다	4.0
양을 쫓는 모험 (하)	5.0
양을 쫓는 모험 (상)	5.0
4월의 어느 맑은 아침에 100퍼센트의 여자를 만나는 것에 대하여	5.0
작지만 확실한 행복	5.0
약속된 장소에서	4.5
언더그라운드	4.5
무라카미 하루키 잡문집	4.0
쿨하고 와일드한 백일몽	4.5
해 뜨는 나라의 공장	4.5
세일러복을 입은 연필	4.5
밸런타인데이의 무말랭이	5.0
코끼리 공장의 해피엔드	4.5
하루키의 여행법 - 사진편	4.0
저녁 무렵에 면도하기	4.0
샐러드를 좋아하는 사자	4.0
더 스크랩	4.0
TV 피플	4.0
회전목마의 데드히트	4.0
오자와 세이지 씨와 음악을 이야기하다	3.5
나는 여행기를 이렇게 쓴다	4.0
비 내리는 그리스에서 불볕천지 터키까지	4.0
채소의 기분, 바다표범의 키스	4.0
달리기를 말할 때 내가 하고 싶은 이야기	4.5
라오스에 대체 뭐가 있는데요?	4.0
시드니!	4.5
직업으로서의 소설가	4.5
새벽 세시, 바람이 부나요?	3.5
파이 이야기	4.0
예감은 틀리지 않는다	3.0
자기 앞의 생	4.0
트렌드 코리아 2015	3.5
백년 동안의 고독	4.0
용의자 X의 헌신	4.0
매스커레이드 호텔	4.0
아침놀	3.5
파빌리온, 도시에 감정을 채우다	3.5
나이 듦과 죽음에 대하여	3.5
미술관 옆 인문학	3.5
몬테크리스토 백작	4.0
하늘과 바람과 별과 詩	4.0
이상	3.5
인연	4.0
감성계와 지성계의 형식과 원리들	3.0
사람은 무엇으로 사는가	4.0
전쟁과 평화	4.5
안나 카레니나	4.0
문학과 예술의 사회사	4.0
상냥한 폭력의 시대	3.0
달콤한 나의 도시	3.5
사랑의 기초 : 연인들	3.0
노성두 이주헌의 명화읽기	3.0
명화 속 풍경을 찾아서	3.5
색깔이 속삭이는 그림	3.5
그림과 눈물	3.5
야구란 무엇인가	3.5
정약용, 조선의 정의를 말하다	3.0
유럽 테마여행	3.0
지금, 만나러 갑니다	3.0
세계사를 움직이는 다섯 가지 힘	3.0
히스테리 연구	4.0
욕망 이론	3.5
심리학 콘서트 #스페셜 3 : 아들러의 심리학 해설	3.5
소설 동의보감 - 전3권	4.5
상도 	3.5
노자	4.0
카리스마 리더 조조	3.0
제갈공명처럼 생각하고 행동하라	3.5
대망 	4.0
삼국지	3.5
그냥 좋은 장면은 없다	4.0
B급 좌파	4.0
우리는 사랑일까	4.0
행복의 건축	3.0
여행의 기술	3.5
일의 기쁨과 슬픔	3.5
철학의 위안	3.0
사랑의 기초 : 한 남자	3.5
뉴스의 시대	3.0
낭만적 연애와 그 후의 일상	3.5
건축이 바꾼다	3.5
별세계 사건부	3.5
일곱 번째 내가 죽던 날	3.0
안녕하세요. 저는 소설가의 개이고 여기까지 타이핑하는 데 세 시간 걸렸습니다	4.5
지율스님의 산막일지	3.5
가슴에 바로 전달되는 아들러식 대화법	3.5
한국의 촬영 감독들	3.5
13계단	4.5
피터 드러커의 회계수업	3.5
피터 드러커의 매니지먼트	3.0
만약 고교야구 여자 매니저가 피터 드러커를 읽는다면 : 이노베이션과 기업가정신 편	2.5
자유의 무늬	3.5
도시의 기억	3.5
말들의 풍경	3.5
서양미술사	4.5
LOOK! 미술사 입문	3.5
도련님	3.5
유리문 안에서	3.5
남쪽으로 튀어!	4.0
무코다 이발소	4.0
우리 집 문제	3.5
블랙홀 화이트홀	4.0
파놉티콘 : 제러미 벤담	4.0
파우스트	4.0
젊은 베르터의 슬픔	4.0
이탈리아 여행	4.0
인간적인 너무나 인간적인	4.0
초역 니체의 말	3.5
젊은날의 초상	4.0
향수	3.5
성석제의 농담하는 카메라	3.5
소울푸드	3.5
책의 유혹	3.0
유쾌한 심리학	3.5
불안의 심리학	3.5
반 고흐, 우정의 대화	3.5
빈센트 반 고흐, 내 영혼의 자서전	4.0
반 고흐, 영혼의 편지 	4.0
아들러에게 인간관계를 묻다	3.5
아들러 심리학 입문	3.5
아들러의 인간이해	3.5
아들러 심리학을 읽는 밤	3.5
라캉과 정신의학	4.0
프로이트와 정신분석	4.0
프로이트 심리학 입문	4.0
프로이트 꿈의 심리학	4.0
염소를 모는 여자	3.5
검은 설탕이 녹는 동안	3.5
언젠가 내가 돌아오면	3.0
나비	3.0
열정의 습관	4.0
열정	3.0
몰입의 즐거움	3.5
강의	3.0
감옥으로부터의 사색	3.5
로드	4.0
핏빛 자오선	3.5
국경을 넘어	3.5
노인을 위한 나라는 없다	4.0
장소의 재발견	3.0
월든	3.5
파피용	3.0
소년이 온다	3.5
레드브레스트	3.5
박쥐	4.0
네메시스	4.0
데빌스 스타	4.0
아들	3.5
바퀴벌레	3.5
스노우맨	4.0
나는 나로 살기로 했다	4.0
보노보노처럼 살다니 다행이야	4.0
싯다르타	3.5
수레바퀴 아래서	5.0
삶을 견디는 기쁨	3.5
이바나	4.0
동물원 킨트	3.5
붉은 손 클럽	3.0
에세이스트의 책상	3.5
삼미 슈퍼스타즈의 마지막 팬클럽	4.0
읽다	4.0
말하다	3.5
오직 두 사람	3.0
보다	3.5
시칠리아의 암소	4.0
미학 오디세이	4.0
놀이와 예술 그리고 상상력	4.0
진중권의 테크노 인문학의 구상	3.0
진중권의 생각의 지도	3.0
표현의 기술	4.0
국가란 무엇인가	3.5
A2Z	4.0
공주님	4.0
나는 공부를 못해	4.0
120% Coool	4.5
반짝반짝 빛나는	4.0
호텔 선인장	4.0
낙하하는 저녁	4.0
울 준비는 되어 있다	3.5
당신의 주말은 몇 개입니까	3.0
도쿄 타워	3.0
홀리 가든	3.5
소란한 보통날	3.5
냉정과 열정사이 Rosso	4.5
좌안 1 2 우안	3.0
냉정과 열정사이 Blu	4.0
딸에게 주는 레시피	3.0
빗방울처럼 나는 혼자였다	3.5
고등어	3.5
사랑 후에 오는 것들	3.0
목마른 계절	4.0
이 모든 괴로움을 또 다시	4.5
생의 한가운데	4.5
서른 살이 심리학에게 묻다	3.5
만들어진 신	3.5
국화꽃 향기	3.5
무궁화 꽃이 피었습니다	4.0
불안	4.0
원미동 사람들	3.5
아주 오래된 농담	3.5
광수생각	3.5
영혼을 위한 닭고기 수프 1	3.5
무소유	4.0
왜 나는 너를 사랑하는가	4.5
아버지	3.5
어린 왕자	4.5
무소의 뿔처럼 혼자서 가라	3.5
정의란 무엇인가	3.5
나의 문화유산답사기 	4.5
경제학 콘서트	3.5
도마뱀	3.5
하치의 마지막 연인	3.5
하드보일드 하드 럭	3.5
암리타	3.5
몸은 모든 것을 알고 있다	3.0
난장이가 쏘아올린 작은 공	4.0
키친	4.0
모리와 함께한 화요일	3.5
마당깊은 집	4.0
파브르 곤충기	3.5
연탄길	3.5
나의 라임 오렌지나무	4.0
파인만 씨, 농담도 잘하시네!	3.5
절망이라는 여자와의 섹스	3.0
살아남는다는 것에 대하여	3.5
그래, 연애가 마지막 희망이다	3.5
오 분 후의 세계	4.0
엑소더스	4.0
러브 & 팝	3.0
래플스 호텔	3.5
리허설	3.5
라인	3.5
달콤한 악마가 내 안으로 들어왔다	3.5
인 더 미소 수프	3.5
지상에서의 마지막 가족	3.5
교코	3.5
토파즈	4.0
코인로커 베이비스	4.0
69	4.5
타나토스	4.0
한없이 투명에 가까운 블루	4.0
님의 침묵	4.0
인간의 증명	4.0
진중권의 미학 오디세이 1 (20주년 기념판)	4.0
내 이름은 빨강	4.0
의지와 표상으로서의 세계	3.5
발로 차 주고 싶은 등짝	4.0
연금술사	3.5
우리들의 행복한 시간	3.5
동물농장	4.5
자존감 수업	4.0
탈무드	3.5
오페라의 유령	3.5
호밀밭의 파수꾼	5.0
이방인	4.0
넌 가끔가다 내 생각을 하지 난 가끔가다 딴 생각을 해	3.0
야생초 편지	3.5
기차는 7시에 떠나네	4.0
외딴방	4.0
딸기밭	3.5
바이올렛	3.5
J 이야기	3.5
깊은 슬픔	3.5
어디선가 나를 찾는 전화벨이 울리고	3.5
코스모스	3.5
내 젊은 날의 숲	3.5
소설가로 산다는 것	3.5
빗살무늬토기의 추억	3.5
너는 어느 쪽이냐고 묻는 말들에 대하여	4.0
바다의 기별	3.5
밥벌이의 지겨움	4.0
개	3.5
자전거 여행	4.0
흑산	4.0
라면을 끓이며	4.0
현의 노래	4.0
남한산성	4.0
화장	3.5
칼의 노래	5.0
삼국지	5.0
일상에서 놓친 소중한 것들	3.0
언어의 온도	4.0
재레드 다이아몬드의 나와 세계	3.5
잡초와 우상	2.5
여름, 어디선가 시체가	4.0
반 고흐의 태양, 해바라기	4.0
유시민의 공감필법	4.0
데드맨	4.0
삼국지 경영학	3.5
나의 친애하는 적	4.0
양과 강철의 숲	3.5
엑시덴탈 유니버스	2.0
벚꽃, 다시 벚꽃	3.5
고래	4.0
1일 1컷 낭만 그림 : 여행	3.5
에고라는 적	3.5
그리스 로마 신화	3.5
변신 이야기	4.0
후와후와	4.0
상대적이며 절대적인 지식의 백과사전	3.5
아홉살 인생	4.0
1984	4.5
인간 실격	4.0
나는 고양이로소이다	4.0
FBI 행동의 심리학	3.5
운명과 분노	4.0
멈추면, 비로소 보이는 것들	4.0
그릿 GRIT	3.5
기사단장 죽이기	4.5
애프터 다크	4.0
빵가게 재습격	4.0
중국행 슬로보트	3.5
도쿄 기담집	3.5
빵가게를 습격하다	4.0
소울 메이트	3.5
잠	3.5
신의 아이들은 모두 춤춘다	4.0
스푸트니크의 연인	4.5
댄스 -	5.0
밤의 거미원숭이	4.0
1973년의 핀볼	4.5
해변의 카프카	4.5
국경의 남쪽, 태양의 서쪽	4.5
바람의 노래를 들어라	4.5
렉싱턴의 유령	4.5
무라카미 하루키 최고 단편선 - TV 피플	4.5
태엽 감는 새	4.5
지금은 없는 공주를 위하여 외 24편	4.5
무라카미 하루키 단편걸작선	5.0
오후의 마지막 잔디밭	4.0
양을 둘러싼 모험	5.0
세계의 끝과 하드보일드 원더랜드	5.0
노르웨이의 숲	5.0
밤의 원숭이	4.0
고독한 자유	4.0
꿈에서 만나요	4.0
색채가 없는 다자키 쓰쿠루와 그가 순례를 떠난 해	4.0
오두막 (100쇄 기념 특별판 리커버)	3.0
하악하악	3.5
논리야 놀자	4.5
참을 수 없는 존재의 가벼움	4.0
채식주의자	2.5
위대한 개츠비	4.5
오만과 편견	4.0
작가란 무엇인가	3.5
앵무새 죽이기	4.5
지적 대화를 위한 넓고 얕은 지식 : 현실 너머 편	3.5
설국	4.0
세상의 중심에서 사랑을 외치다	3.5
나는 단순하게 살기로 했다	3.5
엄마를 부탁해	3.5
1Q84	4.5
닥치고 정치	3.5
추리력 퍼즐	3.0
그리스인 조르바	5.0
오베라는 남자	3.5
멘사 사고력 퍼즐	3.0
어떻게 살 것인가	4.0
창문 넘어 도망친 100세 노인	3.5
세 살 버릇 여름까지 간다	4.0
공터에서	4.0
강신주의 감정수업	4.0
데미안	5.0
여자 없는 남자들	3.5
나미야 잡화점의 기적	4.0
피로사회	3.5
완벽하지 않은 것들에 대한 사랑	3.5
가시고기	3.5
멘사 시각 퍼즐	3.5
사피엔스	4.0
누가 내 치즈를 옮겼을까?	3.5
달과 6펜스	4.0
살인자의 기억법	4.0
빛과 물질에 관한 이론	3.0
말의 품격	2.5
더 리더 - 책 읽어주는 남자	3.5
나무	3.0
태백산맥	4.5
차라투스트라는 이렇게 말했다	3.5
아내를 모자로 착각한 남자	3.5
마시멜로 이야기	3.0
톨스토이 단편선	3.0
