﻿하이데거의 존재와 시간 강독	5.0
러셀 자서전 -	4.0
나는 왜 기독교인이 아닌가	4.0
천국과 지옥의 이혼	5.0
네가지 사랑	4.5
인간 폐지	4.0
피고석의 하나님	3.5
어떻게 살 것인가	4.0
유시민의 글쓰기 특강	3.5
습관의 힘	3.0
탈무드	4.0
나르치스와 골드문트	5.0
월드 오브 워크래프트 연대기 1	4.0
성찰	4.5
부의 미래	3.0
핀란드 디자인 산책	3.0
정의란 무엇인가	3.5
흐르는 강물처럼	3.0
그림으로 보는 십자군 이야기	4.0
십자군 이야기 	4.0
천로역정	3.5
아프니까 청춘이다	2.5
원피스 ONE PIECE	3.0
20세기 소년	3.5
몬스터	5.0
헤겔 레스토랑	4.0
라캉 카페	4.0
해저 2만리	4.0
향연	4.5
루시퍼 이펙트	3.5
플라톤의 대화편	4.0
강철의 연금술사	4.5
생각하지 않는 사람들	4.5
시골의사 박경철의 자기혁명	3.5
예수와 함께한 저녁식사	3.0
예수와 함께한 저녁식사	3.0
무소유	3.5
달의 궁전	4.0
파우스트	5.0
죄와 벌	5.0
셜록 홈즈 전집 1	3.0
싯다르타	5.0
황야의 이리	5.0
유리알 유희	5.0
수레바퀴 아래서	5.0
순전한 기독교 	5.0
예기치 못한 기쁨	4.0
헤아려 본 슬픔	3.0
시편사색	3.0
스크루테이프의 편지 	5.0
고통의 문제 (보급판 문고본)	5.0
우리가 얼굴을 찾을 때까지	5.0
개인기도	3.5
영광의 무게	4.5
루이스가 메리에게	3.5
나니아 연대기	4.0
젊은 베르테르의 슬픔	3.5
눈먼 자들의 도시	3.0
좀머 씨 이야기	4.0
깊이에의 강요	4.5
향수	4.0
어린 왕자	5.0
데미안	5.0
해리 포터와 마법사의 돌	1.0
호밀밭의 파수꾼	4.5
몰입 - 인생을 바꾸는 자기 혁명	3.5
가시고기	4.0
코스모스	5.0
파인만 씨, 농담도 잘하시네!	3.5
인간 실격	4.5