﻿H2 1	5.0
마음	5.0
훈민정음 암살사건	3.0
나만 알고 싶은 유럽 TOP10	0.5
포켓몬스터 스페셜 	4.0
소년탐정 김전일	5.0
모멘트	3.0
헌터x헌터 HunterXHunter	3.0
GTO 애장판	5.0
5년 후 나에게 - Q&A a day	1.0
베르세르크	4.0
잘못은 우리 별에 있어	3.0
꾸러기 만화일기	3.0
룬의 아이들 - 데모닉	3.0
사막에서 살아남기	3.0
아마존에서 살아남기	3.0
칼의 노래	5.0
템테이션	3.0
배가본드	4.0
무인도에서 살아남기	5.0
개밥바라기별	4.0
3단합체 김창남	4.0
룬의 아이들 - 윈터러	5.0
블리치	3.0
베르나르 베르베르의 상상력 사전	2.0
불안	2.0
완득이	4.0
삼봉이발소	4.5
은밀하게 위대하게	3.0
나루토 Naruto	4.5
목욕의 신	3.5
드래곤 볼	5.0
삼국지	3.0
셜록 홈즈 전집 1	3.0
백설공주에게 죽음을	2.0
신과 함께 : 이승편	3.0
신과 함께 : 저승편	3.0
운수 좋은 날 「현진건」	5.0
미생	5.0
헬퍼 Hellper	5.0
체 게바라 평전	3.0
몬스터	5.0
소나기	5.0
내가 알고 있는 걸 당신도 알게 된다면	2.5
마법의 순간	3.0
더 파이팅 The Fighting	4.0
소년탐정 김전일 2부 	3.0
나의 히어로 아카데미아 	3.0
헬싱	3.5
선천적 얼간이들	3.0
유배지에서 보낸 편지	3.0
H2 오리지널	5.0
신세기 에반게리온	3.0
PING 핑	5.0
덴마 Denma	3.5
하이큐!!	4.0
은혼	4.0
원펀맨 One Punch Man	5.0
명탐정 코난	2.0
하늘과 바람과 별과 詩	3.0
내가 사랑한 유럽 TOP10	2.0
아웃라이어	3.0
원피스 ONE PIECE	5.0
지상의 양식	3.0
도쿄 타워	2.5
천 개의 찬란한 태양	5.0
세일즈맨의 죽음	5.0
모모	4.5
사람은 무엇으로 사는가	4.0
욕망이라는 이름의 전차	3.0
강철의 연금술사	4.5
잠	2.5
체호프 단편선	4.0
운수좋은 날	5.0
제3인류	1.0
노인과 바다	4.0
돈키호테	4.0
어린 왕자	5.0
터치	4.0
상대적이며 절대적인 지식의 백과사전	2.0
파피용	3.0
