﻿던전밥	5.0
타짜 4부	5.0
타짜 3부	5.0
타짜 2부	5.0
마징가-Z	5.0
데빌맨 묵시록 아몬	5.0
데빌맨	5.0
고구려	2.5
해피! HAPPY!	3.0
피안도	2.0
리얼 Real	5.0
사도 Sado	5.0
쿠니미츠의 정치	5.0
야왕	5.0
삐리리~ 불어봐! 재규어	5.0
무장연금	1.0
네코마인 Nekomain	3.0
천상천하	3.0
무적코털 보보보	5.0
루키즈	5.0
터프	5.0
테니스의 왕자 1	1.5
나의 히어로 아카데미아 	3.0
미스터 초밥왕	5.0
양영순의 천일야화	4.0
고우영 三國志	5.0
초한지	5.0
마녀	5.0
해수의 아이	1.0
헬로우 블랙잭	5.0
블랙 캣 Black Cat	5.0
베리타스	3.0
체인지가이	5.0
전설의 캡짱 쇼우	3.0
암스 Arms	5.0
에이스 퀸 Ace Queen	5.0
무적투혼 커프스	5.0
상남	5.0
제트맨 Zetman	5.0
반항하지마 3 13 17 24	5.0
에어기어 Airgear 7 13 18	3.5
따끈 베이커리	3.5
지적 대화를 위한 넓고 얕은 지식 : 현실 너머 편	2.0
파브르 곤충기	5.0
변신	5.0
설국	5.0
모브 사이코 100	5.0
아르센 벵거	5.0
누가 내 머리에 똥 쌌어?	5.0
박지성 마이 스토리	5.0
바람계곡의 나우시카	5.0
올드보이 Oldboy	3.0
오만과 편견	5.0
토지	5.0
쿠로코의 농구	1.0
돌격! 남자훈련소	5.0
닥치고 정치	1.0
만화로 보는 태조 왕건	5.0
뚱딴지 조선시대	5.0
격투맨 바키 외전	5.0
라이어 게임	5.0
신 암행어사 1	5.0
크로우즈	5.0
워스트 Worst 1	5.0
고교철권전 터프	5.0
후지야마는 사춘기	5.0
기사단장 죽이기	5.0
노빈손의 으랏차차 중국 대장정	3.0
반딧불이	5.0
걸리버 여행기	5.0
구해줘	2.0
당신, 거기 있어 줄래요?	2.0
종이 여자	2.0
데미안	5.0
나나 NANA 1	5.0
이반 데니소비치, 수용소의 하루	5.0
멈추지 않는 도전 박지성	5.0
뚱딴지 만화일기	5.0
팔방이 만화일기	5.0
가난하다고 꿈조차 가난할 수는 없다	1.0
반지의 제왕	5.0
눈물을 마시는 새	5.0
장화홍련전	5.0
뚱딴지 만화 명심보감	5.0
영혼을 위한 닭고기 수프 1	5.0
정의란 무엇인가	5.0
브이 포 벤데타	5.0
당신의 이름을 지어다가 며칠은 먹었다	5.0
입 속의 검은 잎	5.0
오늘은 잘 모르겠어	5.0
디지털 포트리스	5.0
천사와 악마	5.0
태백산맥	5.0
정글만리	5.0
먼나라 이웃나라	0.5
람세스	5.0
스티브 잡스	5.0
비바 블루스 Viva! Blues	5.0
파피용	5.0
무서운 게 딱! 좋아!	5.0
웃음	5.0
나무	5.0
어린왕자	5.0
연금술사	5.0
미움받을 용기	2.5
신	5.0
보통의 존재 	5.0
바사라 BASARA	5.0
군계	5.0
바쿠만 BAKUMAN	5.0
은혼	5.0
힙합	5.0
죠죠의 기묘한 모험	5.0
조이라이드	0.5
삼국지	5.0
고우영 열국지	5.0
십팔사략	5.0