﻿꿀벌과 천둥	5.0
Brooklyn	4.5
꿈꾸는 책들의 도시 - 전2권 세트	5.0
이토 준지의 고양이일기 욘&무	3.0
죽음의 계산	2.5
After You	3.5
뽀짜툰	3.5
아이들의 권선생님	4.0
오무라이스 잼잼	4.5
조명가게	4.0
결혼해도 똑같네 1	3.0
다이어터 1 : 식이조절 편	3.5
묘진전	5.0
이런 영웅은 싫어 1	4.0
십이야	5.0
죽음에 관하여	4.0
여중생A	4.0
궁宮 10 14 15 16 17	3.0
해파리 공주	4.0
궁宮 1	4.0
원미동 사람들	4.0
치즈 인 더 트랩	4.5
신과 함께 : 이승편	5.0
신과 함께 : 저승편	5.0
창백한 말	4.0
냄새를 보는 소녀	5.0
운빨 로맨스	4.0
양말 도깨비	5.0
구운몽	2.0
천일야화	3.5
스킵 비트!	3.0
클레이모어 Claymore 12 3 15 18 19	3.0
기생수	3.5
내 이야기!!	4.0
세키네씨의 사랑	4.5
바라카몬	5.0
노다메 칸타빌레	5.0
꽃보다 남자	4.0
엠마	4.5
엠마	4.5
신부이야기	4.5
퍼니 퍼니 학원 앨리스 1	4.0
간츠 Gantz	2.5
탐정학원	4.0
세인트 영멘	4.0
도쿄 구울	2.5
탐정학원	4.0
강철의 연금술사	5.0
바쿠만 BAKUMAN	3.5
요츠바랑!	4.0
죽여도 가족	3.0
죽고 사라지다	3.0
죽는 게 나아	4.0
빨간 머리 앤	5.0
내 삶의 목적	4.0
아내를 모자로 착각한 남자	4.0
타이밍	4.0
무빙	4.0
구경꾼들	4.0
공부 9단 오기 10단	3.0
만화로 보는 그리스 로마 신화	4.0
원 플러스 원	3.0
Sense and Sensibility	3.5
The A Series of Unfortunate Events 	4.0
헬프	4.5
웜 바디스	3.0
오스틴랜드	4.0
우리는 시체들	3.5
굿바이 동물원	4.0
돌아올 수 없는 죽음	3.0
에드거 앨런 포 단편선	4.0
위키드 1	2.5
죽은 자 클럽	3.5
위대한 마법사 오즈	4.0
환상의 나라 오즈	4.0
오즈의 마법사	4.0
마션	4.0
댈러스의 살아 있는 시체들	3.0
아낌없이 주는 나무	3.0
연탄길	3.0
On the Road	3.5
발로 차 주고 싶은 등짝	3.0
꽃들에게 희망을	3.0
죽어 버린 기억	4.0
완전히 죽다	3.5
유진과 유진	3.5
엘리베이터에 낀 그 남자는 어떻게 되었나	3.5
너의 목소리가 들려	3.0
카스테라	2.5
핑퐁	3.0
브리다	2.5
바보 빅터	2.5
마시멜로 이야기	2.5
오리엔트 특급살인	4.5
그리고 아무도 없었다	4.0
그리스인 조르바	2.0
파리대왕	2.5
꽃으로도 때리지 말라	3.5
O.헨리 단편선	4.0
