﻿초역 니체의 말	0.5
i에게	3.0
우리가 함께 장마를 볼 수도 있겠습니다	3.5
유시민의 글쓰기 특강	5.0
바람이 분다	3.5
매스커레이드 호텔	4.0
날개(이상 시 소설 선집)	5.0
이상 시집	5.0
베로니카, 죽기로 결심하다	3.5
궁에는 개꽃이 산다 1	5.0
꽃으로도 때리지 말라	3.0
경청	4.5
달의 조각	5.0
눈물을 그치는 타이밍	4.0
자기 앞의 생	4.5
언어의 온도	1.0
당신의 이름을 지어다가 며칠은 먹었다	5.0
알레프	1.0
현남 오빠에게	5.0
국가	5.0
고구려	4.0
우리에겐 언어가 필요하다	5.0
해리 포터와 비밀의 방	4.0
징소리	4.0
김춘추, 대왕의 꿈	3.0
대한국民 현대사	4.0
비화	5.0
절망은 나를 단련시키고 희망은 나를 움직인다	0.5
나를 버리다	3.0
영원한 제국	5.0
빨간 고양이	5.0
권태	5.0
중고생이 꼭 읽어야 할 한국단편 33	5.0
감자	5.0
바리데기	4.0
대통령 박근혜 탄핵 사건 선고 결정문	5.0
천 번을 흔들려야 어른이 된다	0.5
무소의 뿔처럼 혼자서 가라	1.0
개를 훔치는 완벽한 방법	3.5
B사감과 러브레터	4.0
사람은 무엇으로 사는가	5.0
소설가 구보씨의 일일	4.0
안나라수마나라	4.5
덕혜옹주	4.5
어린 왕자	5.0
꾸뻬 씨의 행복 여행	2.5
칼의 노래	0.5
아낌없이 주는 나무	4.0
지적 대화를 위한 넓고 얕은 지식 : 현실 너머 편	4.5
신과 함께 : 이승편	5.0
신과 함께 : 저승편	5.0
어린 왕자	5.0
마지막 잎새	3.0
82년생 김지영	5.0
공산당 선언	5.0
공산당선언	5.0
완벽하지 않은 것들에 대한 사랑	0.5
리바이어던	5.0
공산당선언	5.0
여보, 나좀 도와줘	5.0
자본론	5.0
안철수의 생각	0.5
어린 왕자	5.0
핵 폭발 뒤 최후의 아이들	5.0
키다리 아저씨	0.5
피노키오	3.0
소가 된 게으름뱅이	4.0
왕자와 거지	4.0
개미와 베짱이	5.0
여우와 두루미	5.0
성냥팔이 소녀	4.0
콩쥐팥쥐	4.0
소나기	4.0
메밀꽃 필 무렵	4.5
어린왕자	5.0
작은 아씨들	4.0
어린왕자	5.0
채근담	5.0
고양이 낸시	5.0
내 어린고양이와 늙은개	5.0
너에게 닿기를	5.0
치즈 인 더 트랩	5.0
모랫말 아이들	4.0
노무현은 왜 조선일보와 싸우는가	5.0
연탄길	4.0
날개	5.0
등대지기	4.0
메밀꽃 필 무렵	4.5
열두 살에 부자가 된 키라	4.0
도레미파솔라시도	2.5
해를 품은 달	4.0
규장각 각신들의 나날	4.0
파페포포 메모리즈	3.0
신과 함께 : 신화편	5.0
사랑손님과 어머니	2.5
어린 왕자	5.0
햄릿	3.0
죽음에 관하여	5.0
원미동 사람들	3.5
안네의 일기	4.0
늑대의 유혹	3.5
젠더와 세계정치	5.0
운영전	5.0
알기 쉬운 윤리학	4.0
중동의 재조명 : 역사	5.0
오체 불만족	1.0
해리 포터와 마법사의 돌	4.0
이상 : 날개 Wings	4.0
싸드 THAAD	3.5
제3의 물결	4.0
파페포포 안단테	2.0
가방 들어주는 아이	3.5
괭이부리말 아이들	3.0
시골의사의 아름다운 동행 2	3.5
시골의사의 아름다운 동행 1	3.5
체르노빌의 아이들	4.0
아기참새 찌꾸	5.0
죽음이란 무엇인가	5.0
그 후에	3.0
디케의 눈	2.5
노란집	2.0
룸	3.5
데드맨	4.0
사람이 먼저다	5.0
문재인의 서재	5.0
운명이다	5.0
변신	5.0
소나기	3.5
종이 여자	4.5
왜 세계의 절반은 굶주리는가?	2.0
천사들의 제국	5.0
바보 이반	4.5
꺼삐딴 리	4.0
제인 에어 	3.0
문재인의 운명	5.0
파페포포 다이어리	3.0
덕혜옹주	4.5
거꾸로 읽는 세계사	4.0
시 읽는 밤 : 시 밤	0.5
지도 밖으로 행군하라	0.5
변신.시골의사	5.0
빅 픽처	4.5
즐거운 나의 집	1.0
젊은 베르테르의 슬픔	3.5
봄.봄 「김유정」	4.0
운수 좋은 날 「현진건」	4.5
군주론	4.5
구운몽	4.0
11분	1.5
우리들의 일그러진 영웅	4.0
먼나라 이웃나라	1.0
타나토노트	5.0
나의 라임 오렌지나무	3.5
지적 대화를 위한 넓고 얕은 지식 : 현실 세계 편	4.0
어린 왕자	5.0
노인과 바다	3.5
시크릿	0.5
은교	1.0
난장이가 쏘아올린 작은 공	4.0
성균관 유생들의 나날	4.5
미 비포 유	4.0
가시고기	3.5
봉순이 언니	2.5
사랑하라 한번도 상처받지 않은 것처럼	3.5
동물농장	4.5
이갈리아의 딸들	5.0
탈무드	3.5
1984	5.0
엄마를 부탁해	2.5
나무	5.0
이방인	1.5
톨스토이 단편선	5.0
멈추면, 비로소 보이는 것들	4.0
파피용	5.0
나미야 잡화점의 기적	5.0
아프니까 청춘이다	0.5
꿈꾸는 다락방	0.5
우리들의 행복한 시간	5.0
오만과 편견	4.5
네가 어떤 삶을 살든 나는 너를 응원할 것이다	0.5
도가니	3.5
닥치고 정치	3.0
