﻿사람은 무엇으로 사는가	4.5
카라마조프 가의 형제들	4.0
허삼관 매혈기	3.5
나무	2.5
시지프 신화	4.5
농담	4.5
안나 카레니나	5.0
이방인	5.0
섬	5.0
기타노 다케시의 생각노트	4.0
변신.시골의사	5.0
욕망이라는 이름의 전차	4.0
호밀밭의 파수꾼	4.0
아주 오래된 농담	4.0
자기 앞의 생	4.5
참을 수 없는 존재의 가벼움	5.0
롤리타	3.0
샐러드를 좋아하는 사자	5.0
우리들의 행복한 시간	3.5
가시고기	3.0
달과 6펜스	4.5
남한산성	4.0
아프니까 청춘이다	0.5
인간 실격	4.5
직업으로서의 소설가	4.5
엄마를 부탁해	3.0
반 고흐, 영혼의 편지 	3.5
이갈리아의 딸들	4.5
위대한 개츠비	4.5
어디선가 나를 찾는 전화벨이 울리고	3.5
82년생 김지영	4.0
참을 수 없는 존재의 가벼움	5.0
상대적이며 절대적인 지식의 백과사전	4.0
노르웨이의 숲	4.0
물은 답을 알고 있다	0.5
