﻿GTO 애장판	5.0
상남	3.0
파피용	3.5
26년	4.0
데스 노트 Death Note	3.5
Ho! 1	5.0
베로니카, 죽기로 결심하다	2.5
그대를 사랑합니다	5.0
가가탐정사무소	4.0
냉정과 열정사이 Rosso	4.0
1Q84	5.0
나미야 잡화점의 기적	3.5
20세기 소년	3.5
죽은 시인의 사회	5.0
위대한 개츠비	3.0
해리 포터와 불사조 기사단	4.0
책은 도끼다	5.0
슬램덩크	5.0
이기는 습관 1	3.0
난장이가 쏘아올린 작은 공	4.0
선물	2.5
아파트	2.5
휘슬!	4.0
정의란 무엇인가	4.0
우동 한 그릇	4.0
그 남자 그 여자 1, 2권	3.0
삼봉이발소	3.0
남과 여 1	4.0
해리 포터와 아즈카반의 죄수	3.0
못잡아 먹어 안달	3.0
해리 포터와 죽음의 성물	5.0
판결을 다시 생각한다	2.5
드래곤 볼	4.0
냉정과 열정사이 Blu	4.0
찌질의 역사	3.0
목욕의 신	4.0
3단합체 김창남	3.0
머니볼	5.0
여중생A	4.0
이웃 사람	3.0
해리 포터와 불의 잔	4.0
선천적 얼간이들	3.5
여탕보고서	3.0
이끼	3.5
무빙	3.0
경청	3.0
죽음에 관하여	5.0
문유	3.0
The Road	2.5
치즈 인 더 트랩	3.0
다 빈치 코드	4.0
멈추면, 비로소 보이는 것들	3.5
노르웨이의 숲	3.0
누가 내 치즈를 옮겼을까?	3.5
연탄길	4.0
봉순이 언니	3.0
해리 포터와 혼혈왕자	3.0
하악하악	2.5
해리 포터와 비밀의 방	3.5
도가니	3.0
우리들의 행복한 시간	4.0
아프니까 청춘이다	3.0
미움받을 용기	3.0
개미	4.0
신	2.5
이기는 습관	3.0
바깥은 여름	3.5
스물아홉 생일, 1년 후 죽기로 결심했다	4.0
