﻿시, 사랑에 빠지다	3.0
관계를 읽는 시간	4.0
오늘의 다은	2.5
마음가면	4.0
커피 상식사전	3.0
월급쟁이 재테크 상식사전	4.0
대박 옷가게 무작정 따라하기	3.0
무작정 따라하기 프라하	4.0
동네카페 무작정 따라하기	3.0
1인카페 무작정 따라하기	3.0
타인의 의미	5.0
말할 수 없는 애인	4.5
표류하는 흑발	4.5
울프 노트	5.0
i에게	3.0
보라의 바깥	3.0
내게 무해한 사람	4.0
결국 못 하고 끝난 일	4.0
온	3.5
괴괴한 날씨와 착한 사람들	2.5
카프카 대표 단편선	3.0
흰	4.0
동전 하나로도 행복했던 구멍가게의 날들	3.5
변신	3.0
피프티 피플	4.5
키스 KISS 애장판	3.5
골든	2.5
사각사각	2.5
여자 제갈량	3.5
환관제조일기 - 상	4.5
레이디	3.5
나의 소년	4.0
좋아하면 울리는 1	3.0
좋아하면 울리는	4.0
여자라는 문제	4.0
어른이 된다는 건	3.5
너의 아름다움이 온통 글이 될까봐	4.0
무슨 만화	4.0
존 버닝햄	3.0
베르사이유의 장미 -	2.0
좋아하면	3.0
해피 해피 스마일	2.5
Image Puzzle	1.0
더 나쁜 쪽으로	4.0
고독은 잴 수 없는 것	3.5
파란색은 따뜻하다	4.5
좋아하면	4.0
페러그린과 이상한 아이들의 집	3.5
버스데이 걸	3.0
똑같이 다르다	3.5
고도를 기다리며	5.0
진정한 우정	4.5
환상통	3.5
벚꽃지는 계절에 그대를 그리워하네	3.0
크로스	4.0
크로스 게임 소장판	4.0
당신이 계속 불편하면 좋겠습니다	3.5
어린 왕자	5.0
러프 소장판	4.0
H2	4.5
H2	4.5
H2	4.5
H2	4.5
H2	4.5
H2	4.5
H2	4.5
H2 17	4.5
H2 1	4.5
H2 오리지널	4.5
순간 울컥	4.0
너의 세계를 스칠 때	3.0
타샤 튜더, 나의 정원	4.0
얘들아, 너희가 나쁜 게 아니야	4.0
공효진의 공책	4.0
후와후와	4.5
유진과 유진	3.0
돼지책 (100쇄 기념판)	4.5
어느 날 내가 죽었습니다	3.0
비밀의 화원	4.0
행복한 청소부	3.5
소나기	4.0
무서운 게 딱! 좋아!	2.0
아씨방 일곱동무	3.5
괴물들이 사는 나라	3.5
고릴라	4.0
곰 사냥을 떠나자	4.0
종이 봉지 공주	5.0
열두 살에 부자가 된 키라	2.5
무지개 물고기	3.5
동물과 대화하는 아이 티피	5.0
월든	3.5
세계가 만일 100명의 마을이라면	4.0
밤 열한 시	3.0
The Blue Day Book 누구에게나 우울한 날은 있다	2.0
나는 빠리의 택시운전사	3.5
TV동화 행복한 세상 1	2.5
세상에 너를 소리쳐!	2.0
파페포포 다이어리	1.5
뚱딴지 만화 명심보감	3.5
그 남자! 그 여자! 	4.0
기술적 복제시대의 예술작품	4.0
검은 설탕이 녹는 동안	3.0
님의 침묵	3.5
오싱	3.5
달려라, 아비 (큰글자도서)	5.0
우리는 분위기를 사랑해	3.5
악의 꽃	5.0
나와 나타샤와 흰 당나귀	4.5
눈길 「이청준」	4.5
4월의 어느 맑은 아침에 100퍼센트의 여자를 만나는 것에 대하여	4.5
여섯 번째 사요코	3.0
병신과 머저리	3.5
낮에 뜨는 달	4.5
어디로 갔을까 나의 한쪽은	3.5
피스 Piece	3.0
구두코	4.0
신부 수첩	4.0
거짓말처럼 맨드라미가	4.5
기형도 전집	4.5
에코의 초상	4.5
훔쳐가는 노래	4.0
일곱 개의 단어로 된 사전	4.5
우리는 매일매일	4.5
에듀케이션	4.5
에로틱한 찰리	4.5
왜냐하면 우리는 우리를 모르고	4.5
황태자비 납치사건	3.0
안녕? 자두야!! 1 2 3 4 5 10 11 12 13 8 14 6	3.0
달의요정 세일러문	3.5
여학생	5.0
빨간 망토 차차	3.0
달빛천사	3.0
선녀강림	1.5
루나 파크 : 사춘기 직장인	3.0
역전! 야매요리 2	3.0
탐정학원	4.0
자살토끼의 귀환	4.5
Dear Mine	5.0
사랑은 혈투	3.0
드레스 코드 1 : 변신	2.5
궁宮 10 14 15 16 17	2.5
탐정학원	4.0
허쉬 Hush	3.0
세키네씨의 사랑	4.5
탐정학원 Q 14	4.0
즐거우리 우리네 인생	4.5
말할 수 없는 남매	2.5
포엠툰	3.0
소년탐정 김전일 애장판 4	3.5
하울의 움직이는 성	3.5
피아노의 숲	3.0
궁宮 1	3.0
신부이야기	3.0
아따맘마	3.5
어서오세요, 305호에!	3.5
호리미야	3.5
우에키의 법칙	4.0
디비디 DVD	4.5
닥터 슬럼프 완전판	3.0
신풍괴도 쟌느	3.0
남과 여 1	2.0
아기와 나	4.0
외모지상주의 1	1.0
이누야샤	3.0
블리치	2.5
파페포포 투게더	2.0
광수생각	1.0
데스 노트 Death Note	3.0
반항하지마 3 13 17 24	3.5
그 남자! 여자! 특별판	4.0
불면증	3.5
오디션	5.0
후르츠 바스켓 8	5.0
시니컬 오렌지	3.5
파르페틱	2.0
한낮의 유성 	2.5
KISS	4.0
후르츠 바스켓	5.0
아오하라이드	3.0
우리 아기는 외계인	5.0
오디션	5.0
백종원의 3대천왕	2.0
어린 왕자	5.0
우리 결코, 음악이 되자	5.0
지나간 미래, 사랑의 라멘트	5.0
와카코와 술	4.0
바깥은 여름	4.5
아는 사람 이야기 4	3.5
타임 인 조선 -	4.0
문유	4.5
2010 마음의 소리 Ver.2	4.5
2011 마음의 소리 Ver.1	4.5
베르사이유의 장미	5.0
유리가면	3.0
센타로의 일기	5.0
풀 하우스 Full House	5.0
완전판 란마 1/2	5.0
보노보노	5.0
천사소녀 네티	5.0
나의 지구를 지켜줘	5.0
카드캡터 사쿠라 애장판	3.5
꽃보다 남자	3.5
총몽	2.0
더 파이팅 The Fighting	4.0
열혈강호	3.5
코믹 메이플 스토리 오프라인 RPG	2.5
오란고교 호스트부	3.5
운수좋은 날	3.0
외눈박이 물고기의 사랑	2.5
B사감과 러브레터	3.5
삼대	3.0
성냥팔이 소녀	4.0
어린왕자	5.0
어린 왕자	5.0
자전거 도둑	3.5
당신의 이름을 지어다가 며칠은 먹었다	3.0
15소년 표류기	3.5
서울 시	2.0
한여름 밤의 꿈	4.0
이클립스	2.0
가방 들어주는 아이	3.0
고래	3.0
자존감 수업	3.5
어린 왕자	5.0
베니스의 상인	3.5
톨스토이 단편선	3.5
내 영혼이 따뜻했던 날들	5.0
메밀꽃 필무렵	3.0
좁은문	3.5
왕자와 거지	3.0
사카모토입니다만?	3.0
희지의 세계	3.0
그 여자네 집	3.5
서울쥐와 시골쥐	2.5
소년탐정 김전일	4.5
작은 아씨들	4.5
면장 선거	4.5
신기한 스쿨버스	5.0
눈먼 시계공	4.5
마지막 수업	4.0
짱뚱이의 나의 살던 고향은	4.0
강아지똥	4.0
80일간의 세계 일주	3.5
흥부와 놀부	3.5
서랍에 저녁을 넣어 두었다	3.5
돌아온 자살토끼	4.5
무라카미 하루키 잡문집	4.5
명탐정 코난	4.0
빙하에서 살아남기	4.0
아낌없이 주는 나무 (어린이용)	3.5
연어	3.5
아마존에서 살아남기	4.0
사막에서 살아남기	4.0
서울, 1964년 겨울	4.0
돈키호테	4.0
봄봄	3.5
잘못은 우리 별에 있어	4.0
무인도에서 살아남기	4.5
인 더 풀	4.5
그대를 사랑합니다	4.0
운빨 로맨스	4.0
마음의 소리	5.0
연애혁명	2.0
순정만화	3.5
와라! 편의점	2.5
타이밍	4.5
먹는 존재	4.0
연민의 굴레	5.0
혼자를 기르는 법	4.5
목욕의 신	2.0
밥 먹고 갈래요? 1	2.0
술꾼도시처녀들	4.5
실질객관동화	3.0
죽음에 관하여	3.5
식객	4.0
메밀꽃 필 무렵	3.5
무진기행 「김승옥」	5.0
꽃들에게 희망을	4.0
배려	4.5
치즈 인 더 트랩	3.5
삼미 슈퍼스타즈의 마지막 팬클럽	2.5
자살토끼	5.0
여중생A	5.0
붉은 손가락	3.5
비행운	4.5
입 속의 검은 잎	5.0
규장각 각신들의 나날	3.5
보통의 존재 	2.0
로미오와 줄리엣	3.5
안나라수마나라	3.0
광장/구운몽	4.0
마당을 나온 암탉 (반양장)	5.0
브레이킹 던	1.0
아낌없이 주는 나무	4.0
수학귀신	2.5
은교	1.0
무진기행	5.0
화성에서 온 남자 금성에서 온 여자	3.5
키다리 아저씨	4.5
바리데기	2.0
소나기	4.0
트와일라잇	1.0
먼나라 이웃나라	3.0
괭이부리말 아이들	3.0
공중그네	5.0
완득이	2.5
운수 좋은 날 「현진건」	3.5
모모	3.0
우리들의 일그러진 영웅	4.0
서른 살이 심리학에게 묻다	4.0
사랑하라 한번도 상처받지 않은 것처럼	2.5
파페포포 안단테	1.5
불안	5.0
우리들의 행복한 시간	3.0
원미동 사람들	4.0
신경림의 시인을 찾아서	4.0
왜 나는 너를 사랑하는가	3.0
가시고기	3.0
걸리버 여행기	3.5
제인 에어 	3.5
오세암	4.0
위대한 개츠비	3.5
지도 밖으로 행군하라	0.5
난장이가 쏘아올린 작은 공	4.0
월리를 찾아라! 	5.0
연탄길	3.0
오체 불만족	0.5
결혼하지 않아도 괜찮을까?	4.0
아무래도 싫은 사람	3.5
지금 이대로 괜찮은 걸까?	4.0
하기 힘든 말	3.5
오늘도 화를 내고 말았습니다	3.5
전진하는 날도 하지 않는 날도	3.5
수짱의 연애	3.0
곰곰묘묘 이야기	4.5
어서와	5.0
2012 마음의 소리 Ver.1	5.0
2013 마음의 소리 Ver.1	5.0
2010 마음의 소리 Ver.1	5.0
연어	3.5
마당을 나온 암탉	5.0
나무를 심은 사람	4.0
만화로 보는 그리스 로마 신화	4.5
빨간 머리 앤	4.5
보노보노처럼 살다니 다행이야	4.0
하늘과 바람과 별과 詩	4.0
몬테크리스토 백작	4.0
지금 알고 있는 걸 그때도 알았더라면	3.5
히스테리아	4.5
금도끼 은도끼	2.0
봄.봄 「김유정」	3.5
사람은 무엇으로 사는가	4.0
로빈슨 크루소	3.5
내 영혼이 따뜻했던 날들	5.0
이 시대의 사랑	4.5
굴 소년의 우울한 죽음	5.0
외로우니까 사람이다	4.0
서른, 잔치는 끝났다	5.0
아름다운 마무리	4.5
무소유	4.0
아가씨 각본	4.0
성균관 유생들의 나날	3.5
누가 내 치즈를 옮겼을까?	1.0
봉순이 언니	3.0
고래	3.5
오만과 편견	4.5
아프니까 청춘이다	1.0
아홉살 인생	3.5
포맷하시겠습니까?	5.0
달려라, 아비	5.0
김애란 : 성탄특선 Christmas Specials	4.0
전태일 평전	5.0
어린 왕자	5.0
멀리있는 산	5.0
Lost Thing (Paperback)	4.5
회랑정 살인사건	5.0
백야행	4.5
방과 후	3.5
백마산장 살인사건	3.5
나미야 잡화점의 기적	4.0
악의	4.5
나의 라임 오렌지나무	4.0
인생은 단순한 균형의 문제	5.0
거창한 꿈	4.5
어설픈 경쟁	5.0
아름다운 날들	5.0
인생은 단순한 균형의 문제 (대형판)	5.0
사치와 평온과 쾌락	5.0
돌풍과 소강	4.5
마주 보기	4.5
천변춘몽 -	4.5
속 깊은 이성 친구 (대형판)	5.0
속 깊은 이성 친구	5.0
