﻿팀 켈러의 일과 영성	5.0
벚꽃 동산	3.0
생산적인 삶을 위한 자기발전 노트 50	3.0
신데렐라 성공법칙	3.0
디자이너가 되는 방법	3.0
버려지는 디자인 통과되는 디자인	2.5
디자이너 상식백과	3.0
좋은 문서디자인 기본 원리 29	3.0
무뚝뚝해도 괜찮습니다	4.0
감정의 브레이크를 제거하는 법	4.5
버팔로 라이더	4.0
더 나은 선택	3.5
UPDATED, 포트폴리오 이렇게 만든다	2.5
스페인을 여행하는 세 가지 방법	3.5
회사에서	4.0
오늘의 일러스트 1	3.0
아티스트의 스케치북	3.0
디자인 문구 실무 : 제작 & 디자인	3.5
트와일라잇	3.0
나니야의 다이어리 꾸미기	3.0
그려 봐, 볼펜 스케치	4.0
그려 봐, 볼펜으로	4.0
낙서 마스터	4.5
쉬운 색연필 스케치북	4.0
스타일리시한 여자와 일하고 싶다	3.0
Lovvits	4.0
보는 방식을 바꿔라	4.5
메시지 구약 모세오경 영한대역	4.0
메시지 구약 역사서 영한대역	4.0
메시지 구약 시가서 영한대역	4.0
메시지 신약 영한대역	4.0
메시지 구약 예언서 영한대역	4.0
성경을 어떻게 읽을 것인가	3.0
결혼 건축가	3.5
여자의 가치를 높이는 숙녀 학교	3.0
이혜영의 뷰티 바이블 The Beauty Bible	3.5
작은 가게 디자인하기	2.5
김연아의 7분 드라마	3.5
노력 금지	4.0
고슴도치 끌어안기	3.5
게으름	3.0
내면 세계의 질서와 영적 성장	5.0
상한 감정의 치유	5.0
잠깐 멈춤	2.5
3시의 나	3.0
시크릿 두 번째 이야기	2.5
가슴이 시키는 일	3.0
남극으로 가는 트랙터	2.5
환몽의 서	3.0
그녀는 작전수행 중	3.0
그 여자와의 결혼생활	3.0
스타와 나	2.5
주인님, 우리주인님	3.0
사랑의 올바른 묘약의 사용 방법	3.5
파란만장 2중생활	4.0
사악소녀 교사일기	4.0
新 사악소녀	3.0
기다린 사랑	5.0
햇빛 한 바구니, 고양이 두 스푼	5.0
플라이 미 투 더 문	4.5
가스라기	5.0
꿈을 낚는 마법사	4.0
끝없는 이야기	4.5
목걸이	4.0
도레미파솔라시도	4.0
달빛 조각사	3.5
GO	3.0
오즈의 마법사	3.5
카스테라	2.5
이클립스	2.5
뉴문	2.5
논리야 놀자	3.5
1cm+ 일 센티 플러스	3.5
꿈꾸는 다락방	4.0
시크릿	2.5
당신, 거기 있어 줄래요?	4.5
오체 불만족	3.5
미움받을 용기	5.0
모모	5.0
해리 포터와 마법사의 돌	3.0
우리들의 행복한 시간	4.0
난장이가 쏘아올린 작은 공	3.0
어린 왕자	4.0