﻿보다	4.0
오빠가 돌아왔다	5.0
우리는 모두 페미니스트가 되어야 합니다	3.0
내가 정말 좋아하는 농담	4.0
행복의 기원	5.0
오직 두 사람	4.5
엘리베이터에 낀 그 남자는 어떻게 되었나	4.5
이웃 사람	3.0
월요일의 문장들	3.0
티티새	4.0
비밀기지 만들기	4.0
광해, 왕이 된 남자	4.0
제비꽃 설탕 절임	4.0
글쓰기 훈련소	3.5
읽고 쓰기의 달인	3.0
예고된 죽음의 연대기	4.0
가끔은 제정신	3.0
백야의 연인	3.5
심플	3.0
초역 니체의 말	3.0
풍장의 교실	4.0
기억 전달자	3.5
어쩌면 별들이 너의 슬픔을 가져갈지도 몰라	4.0
살인자의 기억법	4.0
인간	4.0
두근두근 두근거려	3.5
공허의 1/4	3.0
영화로 만나는 치유의 심리학	4.0
하치 이야기	3.0
선물	3.0
해피 버스데이	4.0
마지막 잎새	3.0
방과 후 전쟁활동	3.0
수업시간 그녀	4.0
후레자식	3.0
살인자ㅇ난감 -	4.0
