﻿무기 팔지 마세요!	4.0
당당하게 실망시키기	5.0
오만과 편견	4.0
시애틀 추장	4.5
궁宮 1	3.5
거울나라의 앨리스	4.5
나라의 앨리스	4.5
작은 아씨들	4.5
하케의 동물 이야기	4.0
샬롯의 거미줄	3.5
하이디	4.0
뒤죽 박죽 공원의 메리 포핀스	4.0
손도끼	4.0
고양이 학교	4.0
호비트	4.0
로테와 루이제	4.0
내 친구 꼬마 거인	4.5
멍청씨 부부 이야기	4.0
제임스와 슈퍼 복숭아	4.5
마녀를 잡아라	4.0
찰리와 거대한 유리 엘리베이터	4.0
마틸다 (반양장)	4.5
찰리와 초콜릿 공장 	4.0
나의 라임 오렌지나무	4.0
요츠바랑!	5.0
열아홉 스물하나	2.5
프랜시스	3.5
순수의 시대	3.5
i에게	3.5
도시의 개구쟁이	4.5
캄펑의 개구쟁이	4.5
백두산 이야기	4.0
트루블로프 : 발랄라이카를 연주하고 싶은 생쥐	3.5
민들레는 민들레	4.5
생명의 역사	5.0
빨간 머리 앤	4.0
손 큰 할머니의 만두 만들기	4.0
눈 내리는 저녁 숲가에 멈춰 서서	5.0
종이 봉지 공주	4.0
구관조 씻기기	4.0
나 안 괜찮아	3.0
지옥에서 보낸 한 철	4.0
셀프	3.0
내가 누군가를 죽여야 한다면	3.0
별일 없습니다 이따금 눈이 내리고요	4.5
어른스런 입맞춤	3.5
내게 무해한 사람	4.5
빛들의 피곤이 밤을 끌어당긴다	4.0
극에 달하다	4.0
세상에서 가장 큰 여자 아이 안젤리카	4.0
아기여우와 털장갑	4.5
라디오 데이즈	4.5
레벌루션 No.3	3.5
철수	4.0
Lo-fi	5.0
서랍에 저녁을 넣어 두었다	5.0
우유는 슬픔 기쁨은 조각보	4.0
슈퍼 시크릿	3.0
여우누이	4.0
대학일기	3.5
누가 내 머리에 똥 쌌어?	4.0
마법의 술	4.0
수학귀신	4.0
천둥치는 밤	4.5
바람이 멈출 때	4.5
미오, 나의 미오	4.5
사자왕 형제의 모험	4.5
삐삐는 어른이 되기 싫어	4.5
꼬마 백만장자 삐삐	4.0
내 이름은 삐삐 롱스타킹	4.0
난 뭐든지 할 수 있어	4.0
부루퉁한 스핑키	4.0
아빠랑 함께 피자 놀이를	4.0
수학의 저주	4.0
클로디아의 비밀	4.5
떠들썩한 마을의 아이들	5.0
내 친구 루이	4.0
냄비는 둥둥	3.5
공주는 잠 못 이루고	3.0
시타를 위하여	4.0
편안하고 사랑스럽고 그래 2	3.0
우리들이 있었다	2.5
한낮의 유성 	3.0
아오하라이드	3.0
울프 노트	4.5
오란고교 호스트부	3.5
소란	4.5
이 시대의 사랑	5.0
심야 이동도서관	5.0
바깥은 여름	3.5
풋내기들	3.5
흰	5.0
자면서도 다 듣는 애인아	5.0
스피릿 핑거스	3.5
오이디푸스 왕	4.5
자기 앞의 생	4.0
나를 보는 당신을 바라보았다	4.0
괴괴한 날씨와 착한 사람들	4.0
두근두근 내 인생	2.5
어른이 되기는 글렀어	4.0
키다리 아저씨	4.0
아무도 아닌	4.5
혼자 가는 먼 집	4.5
카드캡터 사쿠라 애장판	4.0
왜냐하면 우리는 우리를 모르고	5.0
유미의 세포들	2.5
재미난 집	4.0
트리혼의 세 가지 소원	4.0
줄어드는 아이 트리혼	4.5
도서관	4.0
나의 린드그렌 선생님	4.5
꽃들에게 희망을	3.5
국물 있사옵니다	3.5
입 속의 검은 잎	5.0
수학자의 아침	4.0
진눈깨비 소년	4.0
이토록 사소한 멜랑꼴리	0.5
달의 영휴	2.0
당신의 이름을 지어다가 며칠은 먹었다	4.0
네 개의 서명	3.5
남과 여 1	1.5
초대받은 아이들	4.0
우리가 키스하게 놔둬요	4.5
카스테라	4.0
레고로 만든 집	3.5
목걸이	4.0
쇼코의 미소	5.0
모래시계	4.0
당신이 계속 불편하면 좋겠습니다	4.0
버자이너 모놀로그	5.0
무지개 물고기	4.0
얼굴 빨개지는 아이	3.5
속 깊은 이성 친구	3.5
크리스마스 캐럴	4.0
가족이 있는 풍경	4.5
달구지를 끌고	5.0
신기료 장수 아이들의 멋진 크리스마스	4.5
미스 럼피우스	5.0
유리의 도시	4.0
사씨남정기	3.5
여자는 힘이 세다 : 세계편	4.0
나무를 심은 사람	4.0
여우책	3.5
은지와 푹신이	5.0
모모	5.0
우산 타고 날아온 메리 포핀스	4.0
바람이 노래한다	3.5
연놈	1.0
안네의 일기	4.0
창가의 토토	4.0
후르츠 바스켓	4.0
옛이야기 보따리	4.5
그 남자! 여자! 특별판	0.5
못잡아 먹어 안달	3.0
스튜디오 짭쪼롬 1	3.0
어서오세요, 305호에!	4.5
나는 누구의 아바타일까	3.0
헬렌 니어링의 소박한 밥상	4.0
투명한 동거 1	4.0
저녁 같이 드실래요? 1	3.0
나나 NANA 1	4.5
나나 NANA 6 15 16 17 18 3 21 7	4.5
물에 빠진 나이프	2.0
후르츠 바스켓 8	4.0
나니아 연대기	4.5
내가 살던 용산	4.0
최강희, 사소한 아이의 소소한 행복	3.5
어두운 계단에서 도깨비가	4.0
La Quinta Camera 라.퀸타.카메라	3.0
Not Simple	2.5
트로이아 전쟁과 목마	4.5
내 남자친구에게	1.0
On the Road	3.5
남과 여	1.0
The Blue Day Book 누구에게나 우울한 날은 있다	4.0
아이들은 즐겁다 	4.0
부모없이 살아야하는 101가지 이유	3.5
서울의 시간을 그리다	5.0
심청이는 왜 두번 인당수에 몸을 던졌는가	0.5
아는 사람 이야기 4	3.5
좋아하면 울리는 1	2.0
십이야	3.5
바보	3.0
물은 답을 알고 있다	0.5
미스터 초밥왕	3.5
이토준지 자선 걸작집	4.5
세상의 중심에서 사랑을 외치다	3.5
토미에 PART 소이치의 일기	4.0
짱들의 연애방식	0.5
늑대의 유혹	0.5
주인님 유혹하기	0.5
그놈은 멋있었다	0.5
아빠가 된 일진짱 1 2 일진짱! 2부	0.5
도레미파솔라시도	0.5
우리 집에는 쥐가 있다	3.5
타샤의 크리스마스	4.0
올 어바웃 러브	4.0
프래니와 주이	4.0
영혼의 시선	5.0
아가미	3.5
LOVE & FREE 러브 앤 프리 : 자, 떠나버릴까?	4.5
유럽 동화마을 여행	3.5
바다 위의 낭만 크루즈 여행	3.5
엽서의 그림 속을 여행하다	4.0
십시일反	4.0
100℃	4.0
맨발의 겐	4.5
다 빈치 코드	3.0
자기만의 방	4.5
천국에서	4.0
X형 남자친구	3.5
그 남자네 집	4.0
두려움과 떨림	4.0
길에서 만나다	4.0
아무래도 싫은 사람	4.0
15번 진짜 안 와	3.5
춘향전	3.5
햄릿	4.0
대학거부 그 후	4.5
나쁜 친구	4.5
진중권의 서양미술사 : 후기 모더니즘과 포스트모더니즘 편	4.0
The Art Book	4.5
배신	4.0
너무 놀라지 마라	3.5
청춘예찬	3.5
칠수와 만수	3.5
벚꽃 동산	4.0
갈매기	3.0
나는 세계의 배꼽이다	3.5
패션의 탄생	3.5
축복받은 집	4.0
7층	4.0
파페포포 기다려	3.5
굴 소년의 우울한 죽음	4.0
산적의 딸 로냐	5.0
검은 고양이	4.0
베르사이유의 장미	3.5
꽃들에게 희망을	4.0
안나라수마나라	3.5
순정만화	3.5
조선왕조실톡	4.0
치즈 인 더 트랩	3.5
수업시간 그녀	2.5
연민의 굴레	4.0
혼자를 기르는 법	5.0
창백한 말	4.5
오무라이스 잼잼	0.5
죽음에 관하여	3.0
밥 먹고 갈래요? 1	3.0
결혼해도 똑같네 1	3.0
여중생A	5.0
연애혁명	1.0
명탐정 코난	4.0
스누피의 글쓰기 완전정복	4.0
에우리피데스의 메데이아	3.5
무기와 인간	4.0
르네상스의 여인들	4.0
우리 글 바로 쓰기 1	5.0
담요	4.5
염소의 맛	2.5
젊은 시인에게 보내는 편지	5.0
악의 꽃	3.0
우리들의 일그러진 영웅	4.0
지킬 박사와 하이드	4.0
어느 하루 구름극장에서	4.5
장진 희곡집	4.0
어디 아픈데 없냐고 당신이 물었다	4.0
고백	3.5
완득이	2.5
자살토끼	4.5
돌아온 자살토끼	4.5
폴리나	4.0
백설공주에게 죽음을	3.0
풍장의 교실	3.0
구의 증명	3.5
츠바이크의 발자크 평전	4.0
올리버 트위스트	4.0
오레스테이아 3부작	3.5
이것은 왜 청춘이 아니란 말인가	3.5
스푸트니크의 연인	4.0
청춘표류	3.5
시간 있으면 나 좀 좋아해줘	2.5
냉정과 열정사이 Rosso	3.0
80일간의 세계일주	3.5
운명의 딸	4.0
부적	4.5
여자라면 힐러리처럼	1.0
폴 고갱	4.0
끝과 시작	5.0
산시로	3.5
침묵의 미래	4.5
괭이부리말 아이들	3.0
세상에 너를 소리쳐!	0.5
꼬마 니콜라	4.0
시크릿	2.0
위저드 베이커리	3.0
뇌	3.0
리진	3.5
소피의 세계	4.0
위험한 독서	3.0
환상소설첩	3.0
무도회가 끝난 뒤 - 러시아	4.0
로베르토 쥬코	3.0
빵굽는 타자기	4.5
어린 왕자	5.0
노르웨이의 숲	4.0
왜 세계의 절반은 굶주리는가?	4.0
분노하라	4.0
화성에서 온 남자 금성에서 온 여자	0.5
수레바퀴 아래서	4.5
빗방울처럼 나는 혼자였다	4.0
세계가 우리집이다	5.0
서울, 1964년 겨울	4.5
길 위에서	4.0
변신	4.5
셜록 홈즈 대표 단편선 2	4.5
부활	4.0
죄와 벌	4.0
인간 실격	4.0
적과 흑	3.5
하녀들	4.0
돐날	3.0
산불	2.5
인형의 집	4.0
거미여인의 키스	5.0
낙원의 이편	3.0
훔쳐가는 노래	4.0
로미오와 줄리엣	4.0
오셀로	4.5
얼음장수의 왕림	2.5
욕망이라는 이름의 전차	4.0
유리 동물원	4.0
고도를 기다리며	4.5
천사들의 제국	4.0
타나토노트	4.0
나무	3.0
죽기 전에 꼭 봐야 할 영화 1001편	4.0
눈먼 자들의 국가	5.0
더블 side	3.0
베로니카, 죽기로 결심하다	3.0
제인 에어 	3.5
진중권의 미학 오디세이 1 (20주년 기념판)	3.5
이방인	4.0
난장이가 쏘아올린 작은 공	4.5
낙하하는 저녁	3.5
반짝반짝 빛나는	3.5
여장남자 시코쿠	2.0
눈물이라는 뼈	4.0
나의 무한한 혁명에게	5.0
적의 화장법	3.5
마담 보바리	4.0
좀머 씨 이야기	4.5
백년 동안의 고독	4.5
미나	4.0
호밀밭의 파수꾼	4.5
위대한 개츠비	4.0
바리데기	3.0
달과 6펜스	3.5
데미안	3.5
파라다이스	3.0
피로사회	4.0
신	3.5
