﻿침묵의 봄	4.5
베르나르 베르베르의 상상력 사전	3.5
사흘 그리고 한 인생	3.5
연쇄 살인마 개구리 남자	4.5
제노사이드	5.0
기묘한 사람들	4.0
나미야 잡화점의 기적	4.5
三國志 같은 꿈을 꾸다	5.0
쿨하고 와일드한 백일몽	3.5
노빈손의 으랏차차 중국 대장정	4.0
노빈손의 시끌벅적 일본 원정기	3.5
노빈손의 남극 어드벤처	3.0
아르테미스	3.0
포켓몬스터 스페셜 	4.0
젊은베르테르의 슬픔	3.5
삼국지	4.5
퇴마록 : 국내편	4.5
80일간의 세계일주	4.0
삼국지	4.5
대지	4.5
룬의 아이들 - 윈터러	5.0
로스트 심벌	4.0
오체 불만족	2.5
문화정치학의 영토들	4.0
국제정세의 이해 (제4개정판)	4.5
파브르 곤충기	4.0
SPEED	4.0
GO	4.0
레벌루션 No.3	4.0
노빈손의 아마존 어드벤처	4.0
노빈손, 피라미드의 비밀을 풀어라	3.5
노빈손의 버뮤다 어드벤처	4.0
노빈손 아이스케키 공화국을 구하라	4.5
노빈손의 무인도 완전정복	4.5
노빈손 에버랜드에 가다!	4.0
영혼의 존재에 관한 62가지 미스터리	2.5
지식 e - 시즌 1	3.5
지식 e - 시즌 2	3.5
다윈의 식탁	4.0
열두 살에 부자가 된 키라	2.5
세기의 재판	3.5
80일간의 세계문화기행	3.0
한권으로 읽는 고려왕조실록	3.5
세상을 바꾼 법정	4.5
한비야의 중국견문록	3.0
베르베르 독자들이 쓴 나무 2	2.5
비밀결사의 세계사	3.0
성 수의 결사단	3.0
바이퍼케이션	3.0
조선 최대 갑부 역관	3.0
찰리와 초콜릿 공장 	4.5
조선유사	4.0
최초의 3분	3.5
마지막 1분	4.0
HD 역사스페셜	3.5
상식으로 꼭 알아야 할 세계의 천사와 악마	3.0
조선의 부자	3.5
제키의 지구여행	3.5
1리터의 눈물	4.0
플라이, 대디, 플라이	4.5
삼국지	4.0
수호지 - 포켓	4.0
셰익스피어 4대 비극 (소)	4.0
열국지 - 포켓	3.0
	3.5
마하 바라타	4.5
불량직업 잔혹사	4.0
별의 계승자	4.0
파운데이션	5.0
한국 행정학	2.0
연습책 거시경제학	4.0
연습책 미시경제학	4.0
젊은 베르테르의 슬픔	3.5
우리들의 일그러진 영웅	4.0
원미동 사람들	4.0
민주화 이후의 민주주의	5.0
셜록 홈즈 전집 1	4.5
연탄길	3.5
톨스토이 단편선	3.5
존 로크 시민정부	4.5
바리데기	3.5
바람의 딸, 우리 땅에 서다	2.5
꺼삐딴 리	4.0
나니아 연대기	4.0
그리고 아무도 없었다	4.0
전쟁과 평화	3.5
오세암	4.5
위저드 베이커리	4.0
죽음의 중지	3.0
눈먼 자들의 도시	3.5
어린 왕자	5.0
자유론	4.0
미국의 민주주의	4.5
군주론	4.5
구운몽	3.5
코스모스	5.0
탈무드	4.5
춘추전국 이야기 1	3.5
샤를 루이 드 스콩다 몽테스키외 법의 정신	4.0
변신	4.5
데미안	3.5
나의 라임 오렌지나무	4.0
바람의 딸 걸어서 지구 세 바퀴 반	2.5
칼의 노래	5.0
신문 읽기의 혁명	5.0
국제정세의 이해 (제4개정판)	4.0
레판토 해전	4.5
 은빛 피렌체 2 - 메디치가 살인사건 	3.5
로도스섬 공방전	4.5
해커스 신토익 보카	1.0
웃음	3.5
아버지들의 아버지	4.0
그림으로 보는 십자군 이야기	3.5
십자군 이야기 	4.0
인페르노	4.0
천사와 악마	4.0
해리 포터와 불의 잔	3.0
해리 포터와 죽음의 성물	4.5
해리 포터와 불사조 기사단	3.5
해리 포터와 아즈카반의 죄수	4.0
멋진 신세계	5.0
나무	4.5
뇌	4.5
모모	4.5
엔트로피	4.0
해리 포터와 저주받은 아이 (스페셜 리허설 에디션 대본)	3.0
국가	5.0
세계사 편력	4.5
로마인 이야기 	4.0
콘스탄티노플 함락	4.0
바다의 도시 이야기	4.0
사회계약론	4.5
한국 권력구조의 이해	5.0
죽은 경제학자의 살아있는 아이디어	4.0
현대 정치과정의 동학	4.5
다윈의 의문	4.0
난장이가 쏘아올린 작은 공	4.5
파피용	4.0
1984	5.0
파라다이스	3.5
개미	5.0
총 균 쇠	4.0
동물농장	5.0
누가 내 치즈를 옮겼을까?	3.5
마시멜로 이야기	3.5
해리 포터와 비밀의 방	4.5
채식주의자	4.0
신	4.0
반지의 제왕	5.0
해리 포터와 마법사의 돌	4.5
정글만리	3.0
연금술사	5.0
정의란 무엇인가	5.0
세상의 중심에서 사랑을 외치다	4.0
해리 포터와 혼혈왕자	4.0
파리대왕	4.5
지적 대화를 위한 넓고 얕은 지식 : 현실 너머 편	3.5
지적 대화를 위한 넓고 얕은 지식 : 현실 세계 편	3.5
북유럽 신화	3.5
호모 데우스	4.0
다 빈치 코드	4.5
아프니까 청춘이다	1.0
