﻿혼자 있고 싶은데 외로운 건 싫어	3.5
작은 친구들의 행성	4.0
넛지	4.5
개인주의자 선언	4.0
호모도미난스	3.5
열광금지, 에바로드	4.0
비행운	5.0
링월드	5.0
경제사개설	4.0
근대 사회경제사상의 탐구	4.0
슈뢰딩거의 고양희	4.5
혼.창.통	1.5
기형도 전집	5.0
제3 신분이란 무엇인가	3.5
책도둑	5.0
고도를 기다리며	5.0
여수의 사랑	4.5
날개	5.0
펄떡이는 물고기처럼	3.0
어린이를 위한 경청	3.0
블리치	4.0
원피스 ONE PIECE	4.5
이기는 심리의 기술 트릭	3.0
10미터만 더 뛰어봐!	2.5
위대한 CEO 엘리자베스 1세	3.0
2030년 그들의 전쟁	3.0
살아 있는 시체들의 연애	3.0
사기꾼	3.0
현대물리학, 시간과 우주의 비밀에 답하다	4.5
천만 명의 마음을 울린 세상에서 가장 아름다운 이야기	3.0
미술관에 가고 싶어지는 미술책	3.0
세계를 바꾼 연설과 선언	3.0
프리메이슨	3.0
재미있는 역사 이야기	3.0
재미있는 정치 이야기	3.0
재미있는 경제 이야기	3.0
지리 시간에 역사 공부하기	3.0
과학 시간에 사회 공부하기	3.0
국사 시간에 세계사 공부하기	3.0
노빈손 조선 최고의 무역왕이 되다	3.0
노빈손의 두근두근 미국 횡단기	3.0
노빈손 아이스케키 공화국을 구하라	3.0
세계와 인간을 탐구한 서사시 오뒷세이아	3.5
비잔티움 연대기	4.0
100년 후에도 읽고 싶은 한국명작동화	3.5
100년 후에도 읽고 싶은 세계명작단편	3.5
한국단편소설 65 (총30편)	4.0
돼지가 한 마리도 죽지 않던 날	3.5
아인슈타인과 거대 과학의 탄생	4.5
싱크홀	3.5
배리트로터와 뻔뻔한 패러디 1	3.5
할머니 의사 청진기를 놓다	3.5
헌법개정	4.0
게임뇌의 공포	0.5
빨강 머리 앤	3.0
안데르센 동화집	4.0
개미혁명	3.5
세상이 잠든 동안	4.0
고래기름/사소한 것들	3.5
모래톱 이야기	4.5
셜록 홈즈 전집 8 : 셜록 홈즈의 마지막 인사	4.0
셜록 홈즈 전집 7 : 셜록 홈즈의 귀환	4.5
셜록 홈즈 전집 1 : 공포의 계곡	3.5
셜록 홈즈 전집 6 : 셜록 홈즈의 회상	4.0
셜록 홈즈 전집 5 : 셜록 홈즈의 사건	4.0
셜록 홈즈 전집 4 : 셜록 홈즈의 모험	4.0
셜록 홈즈 전집 3 : 주홍색연구 네명의 기호	4.5
셜록 홈즈 전집 2 : 배스커빌의 개	4.5
책을 지키려는 고양이	3.5
양의 미래	4.0
은비령	4.5
침묵의 미래	4.5
추리력 퍼즐	1.5
이휘소 평전	2.5
직업으로서의 정치	4.5
노랑무늬영원	4.5
교육학개론	3.0
오이디푸스	4.0
파머 엘드리치의 세 개의 성흔	5.0
잠	3.5
서울 시	1.5
폭스 밸리	4.0
통세계사	4.0
생각의 힘을 키워주는 철학 초콜릿 1	4.5
함께 사는 지혜가 가득한 철학 초콜릿 2	4.0
등대지기	4.0
까칠한 재석이가 돌아왔다 (양장)	3.5
스프링벅	3.5
독도대전	2.0
19세	4.0
유진과 유진	3.5
베네딕트 비밀클럽	4.0
14세 소년, 극장에 가다	3.0
청소년을 위한 시크릿	0.5
사진과 그림으로 보는 한국사 편지	4.0
대한민국 10대, 세상의 중심에 서라	2.0
니가 수학을 못하는 진짜 이유	3.0
구멍에서 발견한 과학	3.5
판타스틱 행복백서	3.5
살아있는 한국사 교과서	3.5
똥으로 해결한 과학	3.0
라면으로 요리한 과학	3.5
82년생 김지영	3.5
아서 클라크 단편 전집 1937-1950	4.0
아서 클라크 단편 전집 1953-1960	4.0
죽기 전에 꼭 봐야 할 영화 1001	4.5
멘사 추리 퍼즐	0.5
멘사 창의력 퍼즐	1.0
멘사 논리 퍼즐	1.0
스펀지	3.0
감옥으로부터의 사색	4.5
TV동화 행복한 세상 1	3.0
화성에서 온 남자 금성에서 온 여자	3.0
야생초 편지	3.0
괭이부리말 아이들	3.0
21세기 자본	4.0
안철수의 생각	1.0
시골의사의 아름다운 동행 2	4.0
시골의사의 아름다운 동행 1	4.0
유엔미래보고서 2040	3.5
나무를 심은 사람	4.0
보물섬	3.0
80일간의 세계일주	3.0
15소년 표류기	4.0
노빈손의 세계도시탐험	3.0
우당탕탕 괴짜가족	3.0
가로세로 세계사	3.5
한국사 편지	4.5
Why? 화학	3.0
우주에서 살아남기	3.0
만화 스펀지	3.0
코믹 메이플 스토리 수학도둑	3.0
콩, 너는 죽었다	3.0
핵 폭발 뒤 최후의 아이들	4.5
황당한게 딱! 좋아!	3.0
네 손가락의 피아니스트 희아의 일기	4.0
쇼킹한 게 딱 좋아	3.0
소가 된 게으름뱅이	3.0
서울쥐와 시골쥐	3.0
개미와 베짱이	3.0
아이의 사생활	3.0
공부기술	2.0
과자, 내 아이를 해치는 달콤한 유혹	1.0
그림으로 읽는 生生 심리학	4.5
강신주의 다상담 1	3.5
오뒷세이아 	4.0
지식 e - 시즌 2	3.5
미움받을 용기 2	2.0
Why? 날씨	3.0
Why? 컴퓨터	3.0
Why? 별과 별자리	3.0
Why? 물리	3.0
Why? 외계인과 UFO	3.0
한 권으로 충분한 양자론	4.0
마법의 설탕 두 조각	3.0
터키에서 보물찾기	3.0
어린이를 위한 마시멜로 이야기	1.0
피노키오	3.0
남극에서 살아남기	3.0
책 먹는 여우	4.0
꼬르륵 뱃속여행	3.0
만년샤쓰	3.0
코믹 메이플 스토리 오프라인 RPG	3.0
소나기	4.5
Why? 사춘기와 성	3.0
Why? 공룡	3.0
과학자는 괴로워?	3.0
플랜더스의 개	3.0
돌아온 진돗개 백구	3.0
개구리 왕자	3.0
여우와 두루미	3.0
별주부전	3.0
금도끼 은도끼	3.0
맹꽁이 서당	3.0
아이, 로봇	5.0
저 반짝이는 별들로부터	4.0
안드로이드는 전기양의 꿈을 꾸는가?	5.0
좀비 서바이벌 가이드	4.0
세상의 모든 법칙	5.0
인문학으로 과학읽기	3.0
공부의 신	3.5
나를 보내지 마	5.0
SF 세계에서 안전하게 살아가는 방법	3.5
스웨터	3.0
산타클로스를 사랑한 내 동생	4.0
세계사의 비밀 220장면	4.0
지식 e - 시즌 7	3.5
지식 e - 시즌 3	3.5
지식 e - 시즌 1	3.5
아틀란티스 미스터리	3.0
우리는 디씨	4.5
디셉션 포인트	3.5
로스트 심벌	4.0
이야기 한국사	4.0
긍정의 심리학	4.0
유토피아	4.5
물리가 물렁물렁	3.0
전기가 찌릿찌릿	3.0
자전거 도둑	3.0
내 이름은 나답게	3.0
아주 특별한 우리 형	3.0
노빈손의 버뮤다 어드벤처	3.0
화학이 화끈화끈	4.0
왕자와 거지	3.5
떨어진 한쪽, 큰 동그라미를 만나	4.0
가방 들어주는 아이	3.0
홍당무	3.0
어린이를 위한 끈기	3.0
경청	3.0
배려	3.0
성냥팔이 소녀	3.0
벌거벗은 임금님	3.5
율리시스 무어	4.5
성균관 유생들의 나날	3.0
제임스와 슈퍼 복숭아	3.5
나니아 연대기	4.5
바보처럼 공부하고 천재처럼 꿈꿔라	2.0
아라비안 나이트	4.5
해저 2만리	4.0
동굴에서 살아남기	3.0
Why? 우주	3.0
돈키호테	4.5
이원복 교수의 세상만사 유럽만사	4.0
크리스마스 캐럴	4.5
윤리학의 배신	3.5
이것은 질문입니까?	4.5
수소 혁명	3.5
3차 산업혁명	4.5
노동의 종말	3.5
육식의 종말	3.5
엔트로피	4.0
초끈이론의 진실	4.0
무기 바이블	4.0
듀이 : 세계를 감동시킨 도서관 고양이	4.0
뤼팽 대 홈즈	3.5
813	4.0
무신론자를 위한 종교	5.0
표절	3.0
아인슈타인, 비밀의 공식	2.5
태극기 휘날리며	4.0
디테일의 힘	3.0
꿈의 도시	4.0
암호의 해석	3.5
대통령의 뱀파이어	3.5
블러드 오스	3.5
과학의 책	4.0
돈 까밀로 러시아 가다	4.0
돈 까밀로의 작은 세상	4.0
돈 까밀로의 양떼들	4.0
돈 까밀로, 힘내세요	4.0
돈 까밀로의 사계	4.0
돈 까밀로와 지옥의 천사들	4.0
돈 까밀로와 뽀 강 사람들	4.0
돈 까밀로와 뻬뽀네	4.0
신부님 우리들의 신부님	5.0
민들레 소녀	4.5
히페리온의 몰락	4.5
로봇의 별	4.0
일곱 도시 이야기	4.0
세계사 편력 3	4.0
세계사 편력 2	4.0
세계사 편력 1	4.0
도매가로 기억을 팝니다	5.0
U, Robot 유, 로봇	4.0
신의 궤도 1	4.5
디아블로 : 티리엘의 기록	4.5
디아블로 3 : 호라드림 결사단	3.5
디아블로 : 죄악의 전쟁	4.0
바이오쇼크 : 랩처	3.5
헤일로 : 리치 행성의 함락	3.5
곤충 세계에서 살아남기	3.0
산에서 살아남기	3.0
노빈손... 해적 선장의 보물을 찾아라	3.0
노빈손, 괴짜 동물들의 천국 갈라파고스에 가다	3.0
노빈손의 좌충우돌 로마 오디세이 (책)	3.0
노빈손 정조대왕의 암살을 막아라	3.0
노빈손의 으랏차차 중국 대장정	3.0
노빈손 아이스케키 공화국을 구하라	3.0
노빈손, 티라노의 알을 찾아라	3.0
노빈손 에버랜드에 가다!	3.0
노빈손의 시끌벅적 일본 원정기	3.0
노빈손, 피라미드의 비밀을 풀어라	3.0
이름 없는 자들의 도시	4.0
하늘과 바람과 별과 詩 필사책	4.0
골든 슬럼버	4.0
옥수수와 나	4.5
지진에서 살아남기	3.0
마법천자문	4.0
초원에서 살아남기	3.0
외눈박이 물고기의 사랑	4.0
사람은 무엇으로 사는가	4.0
눈뜬 자들의 도시	4.5
노빈손의 남극 어드벤처	3.0
화산에서 살아남기	3.0
디지털 포트리스	3.5
바다에서 살아남기	3.0
벤자민 버튼의 시간은 거꾸로 간다	3.0
바보 이반	4.0
와라! 편의점	3.0
빨강머리 앤	4.0
찰리와 거대한 유리 엘리베이터	4.0
신기한 스쿨버스	5.0
무한동력 1	3.0
로빈슨 크루소 따라잡기	4.5
노빈손의 무인도 완전정복	3.0
바보 빅터	3.5
실질객관동화	3.0
빙하에서 살아남기	3.0
거꾸로 읽는 세계사	4.0
죽음의 수용소에서	5.0
내 이름은 삐삐 롱스타킹	4.0
로빈슨 크루소	4.5
아Q정전	4.0
무서운 게 딱! 좋아!	2.0
아마존에서 살아남기	3.0
사막에서 살아남기	3.0
무인도에서 살아남기	3.0
안나 카레니나	5.0
플랜더스의 개	4.5
군주론	4.0
남쪽으로 튀어!	3.5
아즈망가 대왕	3.0
조선왕조실톡	3.0
쥐	5.0
어느 날 내가 죽었습니다	4.0
식객	4.0
소설가 구보씨의 일일	5.0
열두 살에 부자가 된 키라	2.5
요츠바랑!	3.0
해를 품은 달	4.0
물은 답을 알고 있다	0.5
셜록 홈즈 전집 1	5.0
사랑손님과 어머니	4.0
마지막 잎새	3.0
구운몽	3.5
갈매기의 꿈	4.5
강철의 연금술사	3.0
만화로 보는 그리스 로마 신화	4.0
변신	4.5
탈무드	3.0
노인과 바다	5.0
위저드 베이커리	4.5
7년의 밤	4.0
인도 베다수학	3.0
얼터너티브 드림	4.0
폴라리스 랩소디	4.0
퓨처 워커	4.0
피를 마시는 새	4.5
데프콘 제2부	3.5
데프콘 제1부	3.5
데프콘	3.5
몽유도원	2.5
천년의 금서	2.5
한순간 바람이 되어라	4.0
피해의식의 심리학	4.5
탈북 그 후, 어떤 코리안	4.0
캐비닛	4.5
커피 잔을 들고 재채기	4.0
카지노	4.0
비트레이얼	2.5
위험한 관계	3.0
파리5구의 여인	3.0
템테이션	3.5
센트럴파크	3.0
내일	3.0
사랑하기 때문에	3.0
천사의 부름	3.5
천 개의 찬란한 태양	5.0
웃음	3.5
인간	4.0
카산드라의 거울	3.5
상대적이며 절대적인 지식의 백과사전	3.0
제3인류	3.0
진보에서 진보하라	3.5
죽음이란 무엇인가	5.0
세계대전 Z 외전	4.0
세계대전 Z	4.5
존은 끝에 가서 죽는다	4.5
작전명 녹두	2.0
의뢰인	4.0
이휘소 평전	3.5
옛날 영화를 보러 갔다	3.5
월드 오브 워크래프트 제이나 프라우드무어 : 전쟁의 물결 (한정판)	3.5
월드 오브 워크래프트 전쟁 범죄 : 광기의 끝	3.5
월드 오브 워크래프트 스랄 : 위상들의 황혼	3.5
월드 오브 워크래프트 아서스 : 리치왕의 탄생	3.5
오버 더 호라이즌	4.0
오리엔트 특급살인	4.0
스타크래프트 고스트 : 악령	3.5
스타크래프트 2 : 악마의 최후	3.5
하느님 끌기	4.0
신의 죽음	2.5
신도 버린 사람들	5.0
신곡 - 지옥편	5.0
신곡 - 천국편	3.5
신곡 - 연옥편	4.0
셈을 할 줄 아는 까막눈이 여자	4.0
세계사 최대의 전투 : 모스크바 공방전	4.0
소셜 네트워크	4.5
사랑을 찾아 돌아오다	3.0
비정근	3.5
북유럽 신화 여행	4.0
보이드	4.0
맥베스	4.5
메인	3.0
면세구역	3.5
무궁화 꽃이 피었습니다	2.5
모든 논쟁에서 이기는 방법	4.5
망원동 브라더스	4.0
링컨타운카 베이비	3.0
대한국民 현대사	4.0
월드 오브 워크래프트 부서지는 세계 : 대격변의 전조	3.0
드래곤과의 춤	4.5
돌아온 외규장각 의궤와 외교관 이야기	3.5
당신 없는 나는?	3.0
당신과 꼭 결혼하고 싶습니다	4.5
낙원	4.0
꿈의 궁전	3.5
개포동 김갑수씨의 사정	0.5
그림자 정부	2.5
그림자 정부	2.5
그리고 산이 울렸다	4.5
결백	3.0
그 여름의 거짓말	3.0
그림자 자국	4.0
그가 돌아왔다	4.0
교사도 학교가 두렵다	3.5
관점의 힘	3.0
경제학, 인문의 경계를 넘나들다	4.0
경성 탐정 이상	3.0
강철왕 박태준	1.0
건 셀러	2.5
가스실	3.5
800만 가지 죽는 방법	4.0
1026	2.0
64	4.0
0시를 향하여	4.0
호출	4.5
푸른 수염	4.5
킬리만자로의 눈	4.0
제2파운데이션	4.5
파운데이션을 향하여	4.5
파운데이션의 서막	4.5
파운데이션과 지구	4.5
파운데이션의 끝	5.0
파운데이션과 제국	5.0
파운데이션	5.0
제비 일기	4.5
적의 화장법	4.5
자본론	4.5
역사 속의 소프트웨어 오류	4.5
원소의 세계사	5.0
우리들	5.0
유빅	4.5
왕자의 특권	4.0
오후 네 시	4.5
스타크래프트 암흑기사단 : 계승자	3.5
스타크래프트 암흑기사단 : 그림자 사냥꾼	3.5
스타크래프트 암흑기사단 : 황혼	3.5
아버지 죽이기	5.0
아랑은 왜	4.0
아담도 이브도 없는	4.5
유년기의 끝	5.0
살인자의 건강법	5.0
로베르 인명사전	4.5
도련님	4.0
높은 성의 사내	4.0
이상한 나라의 앨리스	4.5
거울 나라의 앨리스	4.0
좋은 사진을 만드는 ZAKO의 77가지 사진 잘 찍는 법	3.5
2001 스페이스 오디세이	5.0
어떤 과학의 초전자포 1 5	2.5
오사카 만박	3.0
본격 제2차 세계대전 만화	4.0
동네변호사 조들호 특별판	2.5
커피우유신화	3.5
이말년 서유기 1	3.0
전자오락 수호대	4.0
소년탐정 김전일 2부 	3.0
역전! 야매요리 1	3.0
타임 인 조선 -	2.0
이말년 씨리즈	3.0
고스트 바둑왕	3.0
마음의 소리	3.0
낢이 사는 이야기	3.0
광수생각	3.5
3단합체 김창남	3.5
삼봉이발소	3.0
목욕의 신	3.0
미생	5.0
데스 노트 Death Note	3.0
여중생A	4.0
신과 함께 : 저승편	3.0
신과 함께 : 이승편	3.0
죽음에 관하여	3.0
삼국지	3.0
불안	5.0
아침형 인간	0.5
로마인 이야기 	5.0
몽실 언니	4.0
월리를 찾아라! 	4.0
논리야 놀자	3.5
그 많던 싱아는 누가 다 먹었을까	4.0
나의 라임 오렌지나무	4.5
오체 불만족	3.0
꿈에도 생각할 수 없어	3.0
SF 명예의 전당 4 : 거기 누구냐?	4.0
별의 목소리	3.0
썸머 워즈 Summer Wars	4.0
구름의 저편, 약속의 장소	3.0
초속 5센티미터	3.0
음의 방정식	2.5
논어	4.0
나도 기타 잘 치면 소원이 없겠네	4.5
기타, 멋지게 한 곡	3.5
아내 가뭄	4.5
어젯밤 꿈이 당신에게 말하는 것	3.0
애프터 유	3.0
페러그린과 이상한 아이들의 집	3.5
밤은 고요하리라	4.0
프루스트가 우리의 삶을 바꾸는 방법들	4.0
엔젤과 크레테	4.5
다음 사람을 죽여라	2.0
하루하루가 이별의 날	4.5
싸드 THAAD	0.5
그리스 신화밖에 모르는 당신에게	4.0
하지만 우리가 틀렸다면	2.0
위험한 비너스	3.5
고리오 영감	4.0
지리의 힘	4.0
캉디드 혹은 낙관주의	4.0
앨저넌에게 꽃을	4.0
다시, 책은 도끼다	4.0
SF 명예의 전당 3 : 유니버스	5.0
SF 명예의 전당 2 : 화성의 오디세이	4.5
휴식을 위한 지식	4.5
어른으로 살아갈 용기	2.0
그림 읽어주는 남자의 명화 한 조각	4.0
SF 명예의 전당 1 : 전설의 밤	5.0
호모 히스토리쿠스	4.0
노예의 길	3.5
브릿마리 여기 있다	3.5
위대하고 찌질한 경제학의 슈퍼스타들	4.0
우주복 있음, 출장 가능	4.5
기린의 날개	3.5
경영.경제 통계학 (강금식)	3.5
경영학원론	3.5
회계원리	3.5
경제학원론	4.5
미시경제학	4.5
소호의 달	2.5
뉴스의 시대	4.0
전도서에 바치는 장미	5.0
페이첵	4.5
매드완드	4.0
체인질링	3.5
핑거스미스	4.5
세상의 모든 공식	4.5
할머니가 미안하다고 전해달랬어요	4.5
프랑켄슈타인	5.0
세계의 운명	4.0
밤의 도서관	2.5
매달린 절벽에서 손을 뗄 수 있는가?	3.5
오늘의 SF 걸작선	2.5
당신들의 조국	4.0
휴먼 디비전	4.0
마녀식당으로 오세요	3.5
리버스	4.0
속 빙점	3.5
N을 위하여	3.5
빙점	5.0
월드 오브 워크래프트 일리단	4.0
철학이 필요한 시간	3.5
추운 나라에서 돌아온 스파이	4.0
외눈박이 원숭이	2.5
라면을 끓이며	4.0
파수꾼	2.5
호텔 선인장	4.0
마미야 형제	4.0
스푸트니크의 연인	4.0
시민의 교양	1.0
글로벌 거지 부부	2.5
인공지능과 딥러닝	3.5
나는 생각이 너무 많아 생존편	4.0
나는 아직, 어른이 되려면 멀었다	4.0
심리학, 자존감을 부탁해	2.5
에디톨로지	4.0
웬만해선 아무렇지 않다	4.0
나는 왜 걱정이 많을까	3.0
남자란 무엇인가	3.5
경제학자의 영광과 패배	3.5
도플갱어	4.5
제인구달	3.0
우리들의 행복한 시간	3.0
남한산성	4.5
멘사 시각 퍼즐	3.0
꿈꾸는 책들의 도시	5.0
내 귀에 바벨 피시	1.5
우주피스 공화국	4.0
지구영웅전설	2.0
프라하의 묘지	5.0
나는 생각이 너무 많아	5.0
아들러 심리학을 읽는 밤	3.5
러브크래프트 전집 1	4.0
러브크래프트	4.5
글자전쟁	3.0
죽음의 중지	5.0
가짜 팔로 하는 포옹	2.0
부끄러움을 가르칩니다	4.0
보통의 존재 	5.0
세상의 바보들에게 웃으면서 화내는 방법	5.0
크로스 : 정재승 + 진중권	3.0
스무 살	3.0
해질 무렵	3.0
앤	4.0
카인	3.5
조이 이야기	4.5
오셀로	4.0
마지막 행성	4.5
유령여단	4.5
노인의 전쟁	5.0
신 엔진	4.0
음주 사유	3.5
월든	5.0
스물아홉 생일, 1년 후 죽기로 결심했다	2.0
절망의 나라의 행복한 젊은이들	3.5
말하지 않는 한국사	4.0
철학카페에서 시 읽기	4.5
그 쇳물 쓰지 마라	5.0
진격의 대학교	4.0
야간비행	4.5
사랑은 없다	4.5
철도원	3.0
역사란 무엇인가	5.0
압구정 소년들	2.5
무의미의 축제	2.5
내 연애의 모든 것	3.5
클래식 튠	3.5
개를 훔치는 완벽한 방법	3.5
나귀 가죽	4.0
내 옆에는 왜 이상한 사람이 많을까?	3.5
케인스 하이에크	4.0
구토	5.0
웨어러블 혁명	1.0
불멸에 관하여	5.0
영화로 읽는 서양철학사	4.0
자살가게	3.0
나는 아내와의 결혼을 후회한다	4.0
꿈꾸는 책들의 미로	4.5
그 영화 같이 볼래요?	3.5
자유를 위한 희생	4.0
지금 이 순간	3.0
고백	4.5
사무실의 멍청이들	4.0
한국인은 미쳤다!	4.0
가족 방랑기	3.5
미래의 나에게	4.0
빅 히스토리	3.0
마지막 수업	4.0
눈물을 마시는 새	4.0
농담	4.0
트레이더	3.0
캣칭 파이어	4.5
친절한 복희씨	4.5
최악	3.0
쥰페이, 다시 생각해!	3.0
인페르노	4.0
위기	3.5
원자력의 거짓말	4.0
원자력, 대안은 없다	4.0
왕좌의 게임	4.5
왕들의 전쟁	4.5
왕들의 전쟁	4.5
올림픽의 몸값	3.5
오 해피 데이	3.5
완전범죄에 고양이는 몇 마리 필요한가	3.5
열외인종 잔혹사	2.5
야구를 부탁해	3.0
신의 나라 인간 나라	4.0
신의 나라 인간 나라	4.0
신의 나라 인간 나라	4.0
시사 SF	4.0
시간의 지도	3.0
스타크래프트 2 플래시포인트 : 복수의 시작	3.5
소설 스타크래프트	3.5
소설 스타크래프트	3.5
스무 살, 도쿄	3.5
성검의 폭풍	4.5
살인자들의 섬	4.0
수수께끼 풀이는 저녁식사 후에	3.5
솔로몬의 위증	4.5
소유의 종말	3.5
생각에 관한 생각	5.0
빈둥꼼지 생활백서	4.0
블라인드 사이트	4.0
뱅크 1	4.5
복수가 이렇게 쉬울 리 없어!	3.5
보이지 않는 지능	4.5
배신 좀 하겠다는데	3.5
스타크래프트 : 멩스크	3.5
미 국방성의 우주인	3.5
뭐라도 되겠지	4.0
모킹제이	4.5
모멘트	4.0
레크리스	3.0
리빙 더 월드	3.0
루시드 드림	2.0
디지털 치매	3.5
디스토피아	2.0
더 잡	3.0
다시 한 번 리플레이	4.0
뉴욕을 털어라	3.0
눈먼 시계공	3.5
누구나 게임을 한다	4.5
누가 내 머릿속에 브랜드를 넣었지?	3.0
나쁜 사마리아인들	4.0
그 후에	3.0
깡패단의 방문	4.0
까마귀의 향연	4.5
경제성장이 안되면 우리는 풍요롭지 못할 것인가	4.0
나는 전설이다	4.5
안인희의 북유럽 신화	4.0
이상 소설 전집	5.0
잃어버린 젊음의 카페에서	4.5
팔월의 일요일들	4.5
어두운 상점들의 거리	5.0
칠면조와 달리는 육체노동자	3.5
이것이 남자의 세상이다	3.5
고령화 가족	4.0
나의 삼촌 브루스 리	4.0
고래	4.5
가이아	3.0
세상에 너를 소리쳐!	2.0
파브르 곤충기	3.5
랜들 먼로의 친절한 과학 그림책	4.5
서랍에 저녁을 넣어 두었다	5.0
몽고반점	4.0
김영하의 여행자 하이델베르크	3.5
빛의 제국	4.0
무슨 일이 일어났는지는 아무도	3.5
너의 목소리가 들려	3.5
퀴즈쇼	5.0
엘리베이터에 낀 그 남자는 어떻게 되었나	4.0
그믐, 또는 당신이 세계를 기억하는 방식	4.5
우리의 소원은 전쟁	4.5
표백	5.0
퍼펙트 워크	1.5
이것이 힉스다	2.5
죽은 경제학자의 살아있는 아이디어	5.0
일의 기쁨과 슬픔	4.0
나는 왜 너를 사랑하는가	3.5
하리하라의 과학고전 카페	2.0
베니스의 상인	4.0
오빠가 돌아왔다	4.0
시지프 신화	4.0
은하수를 여행하는 히치하이커를 위한 안내서 - 합본	5.0
수난이대 「하근찬」	3.5
한국이 싫어서	4.5
남한산성	5.0
성공하는 사람들의 7가지 습관	1.0
꽃들에게 희망을	4.0
낭만적 연애와 그 후의 일상	5.0
15소년 표류기	4.5
나쁜 페미니스트	1.0
7년 후	3.0
황태자비 납치사건	2.0
지킬 박사와 하이드	3.5
강아지똥	4.0
천사들의 제국	3.5
허삼관 매혈기	4.0
드래곤 라자	4.0
멋진 신세계	5.0
나는 나를 파괴할 권리가 있다	5.0
박사가 사랑한 수식	5.0
80일간의 세계일주	3.5
모방범	3.5
운수좋은 날	5.0
자기 앞의 생	5.0
죽은 왕녀를 위한 파반느	4.0
시간을 달리는 소녀	4.5
책은 도끼다	4.5
메밀꽃 필 무렵	4.0
한여름 밤의 꿈	3.0
입 속의 검은 잎	5.0
내 영혼이 따뜻했던 날들	3.5
꽃들에게 희망을	3.5
내 심장을 쏴라	4.0
폭풍의 언덕	5.0
오직 두 사람	3.5
수레바퀴 아래서	5.0
위저드 베이커리	4.5
걸리버 여행기	5.0
파라다이스	3.5
칼의 노래	4.5
로미오와 줄리엣	3.5
마당을 나온 암탉	4.0
자살토끼	4.5
꾸뻬 씨의 행복 여행	4.0
명탐정 코난	4.0
파페포포 안단테	3.0
타나토노트	3.5
죽은 시인의 사회	5.0
수학귀신	4.0
베로니카, 죽기로 결심하다	1.5
찰리와 초콜릿 공장 	4.5
종의 기원	4.0
마션	3.5
헝거 게임	4.5
연을 쫓는 아이	5.0
지도 밖으로 행군하라	2.0
종이 여자	4.0
소나기	4.0
선천적 얼간이들	3.5
해변의 카프카	4.5
하늘과 바람과 별과 詩	5.0
지적 대화를 위한 넓고 얕은 지식 : 현실 세계 편	0.5
왜 나는 너를 사랑하는가	4.5
신과 함께 : 신화편	3.5
천사와 악마	3.5
아낌없이 주는 나무	4.0
먼나라 이웃나라	4.0
안네의 일기	5.0
정의란 무엇인가	4.5
당신, 거기 있어 줄래요?	3.0
공중그네	3.5
구해줘	3.5
완득이	4.0
빅 픽처	4.0
눈먼 자들의 도시	5.0
모모	4.5
우리들의 일그러진 영웅	5.0
운수 좋은 날 「현진건」	5.0
우동 한 그릇	3.5
1Q84	4.0
난장이가 쏘아올린 작은 공	4.0
파피용	3.0
오만과 편견	3.5
어린 왕자	5.0
해리 포터와 불의 잔	3.5
해리 포터와 아즈카반의 죄수	3.5
클라우스 슈밥의 제4차 산업혁명	2.0
미래의 물리학	4.5
다 빈치 코드	4.0
미 비포 유	4.0
멈추면, 비로소 보이는 것들	4.0
칭찬은 고래도 춤추게 한다	1.5
멋진 신세계	5.0
살인자의 기억법	4.5
연탄길	4.0
미움받을 용기	3.5
정글만리	4.5
오페라의 유령	4.5
뇌	3.0
연금술사	1.5
하버드 새벽 4시 반	0.5
1984	5.0
가시고기	4.0
꿈꾸는 다락방	1.0
반물질	3.0
구글 신은 모든 것을 알고 있다	4.0
불가능은 없다	5.0
회계 천재가 된 홍대리 5 : 자금조달 편	2.5
삼미 슈퍼스타즈의 마지막 팬클럽	4.0
스위치를 누를 때	1.0
도시는 무엇으로 사는가	3.0
이로니, 이디시	3.5
어떤 하루	4.0
무지개 곶의 찻집	4.0
어쩌다 한국인	4.0
빅 퀘스천	3.5
플라톤의 대화편	4.5
바이러스로 침투하는 봄	3.5
호프만의 허기	4.0
즐거운 나의 집	4.0
우리는 사랑일까	4.0
가미가제 독고다이	4.0
워크래프트 : 듀로탄	2.5
스물다섯까지 해야 할 스무 가지	3.0
밤의 나라 쿠파	3.5
사막	3.5
세계를 움직이는 리더는 어떻게 공감을 얻는가	1.0
몰입 - 인생을 바꾸는 자기 혁명	0.5
악마는 사라지지 않는다	3.5
강자의 조건	3.5
부자들의 생각법	1.5
절대강자	1.5
관계 수업	1.0
개를 산책시키는 남자	3.5
여자, 솔직하지 않아도 괜찮아	0.5
사람은 무엇으로 사는가	3.5
카네기 인간관계론	2.5
역사 ⓔ	3.5
마시멜로 세 번째 이야기	2.0
아프니까 청춘이다	0.5
시크릿	1.0
리만 가설	4.0
시계태엽 오렌지	4.0
이기적 유전자	5.0
에밀 뒤르켐의 자살론	4.5
햄릿	3.5
차라투스트라는 이렇게 말했다	5.0
앵무새 죽이기	4.5
이방인	5.0
데미안	5.0
동물농장	5.0
적과 흑	4.0
인간 실격	5.0
게놈	4.0
강신주의 감정수업	4.0
피로사회	5.0
아버지들의 아버지	3.5
틀리지 않는 법	5.0
해리 포터와 마법사의 돌	4.5
해리 포터와 비밀의 방	3.5
해리 포터와 혼혈왕자	3.5
해리 포터와 죽음의 성물	3.5
해리 포터와 불사조 기사단	3.5
로드	4.0
자존감 수업	4.0
언어의 온도	0.5
나미야 잡화점의 기적	3.5
검은 꽃	4.5
1.4킬로그램의 우주, 뇌	4.0
위대한 설계	3.5
흰	4.5
바람이 분다, 가라	5.0
채식주의자	5.0
희랍어 시간	5.0
한강 : 회복하는 인간 Convalescence	4.0
당신 인생의 이야기	5.0
지적 대화를 위한 넓고 얕은 지식 : 현실 너머 편	0.5
우리 본성의 선한 천사	4.5
평행우주	4.0
이야기 파라독스	4.0
x의 즐거움	4.0
28	3.0
오베라는 남자	3.5
엄마를 부탁해	4.5
여자 없는 남자들	3.5
노르웨이의 숲	5.0
총 균 쇠	5.0
나는 고양이로소이다	4.0
사랑하라 한번도 상처받지 않은 것처럼	4.5
물고기는 알고 있다	3.0
위대한 개츠비	4.0
그리스인 조르바	5.0
확장된 표현형	4.5
그리고 아무도 없었다	4.0
개미	4.0
이중나선	3.5
정재승의 과학 콘서트	4.0
사피엔스	5.0
마시멜로 두 번째 이야기	2.0
나무	3.0
신	4.0
마시멜로 이야기	2.0
참을 수 없는 존재의 가벼움	3.5
칼의 노래	4.0
창문 넘어 도망친 100세 노인	4.5
눈먼 시계공	4.5
반지의 제왕	5.0
위험한 과학책	4.5
만들어진 신	5.0
멘사 사고력 퍼즐	3.0
종의 기원	5.0
코스모스	4.5
