﻿송동훈의 그랜드투어 : 지중해 편	3.0
송동훈의 그랜드투어 : 서유럽 편	3.0
13.67	4.0
호모 데우스	4.0
여기가 아니면 어디라도	3.5
기사단장 죽이기	4.0
명견만리 : 새로운 사회 편	3.5
괴물	4.0
벽오금학도	3.5
들개	4.0
뇌	4.0
개미	4.0
타나토노트	4.0
나무	3.5
아날로그의 반격	3.5
2035 일의 미래로 가라	3.0
스물아홉 생일, 1년 후 죽기로 결심했다	3.5
사피엔스	5.0
넛셸	3.5
그들이 말하지 않는 23가지	3.0
랜드랜드랜드 여행 A to Z	2.5
배려	3.0
오 해피 데이	3.5
여자 없는 남자들	3.5
멈추지 않는 유혹, 스페인	2.5
일생에 한번은 스페인을 만나라	3.0
화	3.0
끌림 (리커버에디션)	3.0
명견만리 : 인구, 경제, 북한, 의료 편	4.0
나는 착한 딸을 그만두기로 했다	3.0
스페인, 너는 자유다	3.0
관계의 힘	3.5
기브앤테이크 Give and Take	3.5
알레프	3.5
대성당	3.5
두근두근 내 인생	3.5
빌 브라이슨 발칙한 유럽산책	3.5
위대한 개츠비	4.0
여행의 기술	4.0
편지가게	3.5
도요새	3.0
악마는 프라다를 입는다	3.5
이탈리아 오래된 도시로 미술여행을 떠나다	3.0
하얀 로냐프 강 1부 1 2 3 2부 5	3.5
클림트	3.0
키스 앤 텔	3.5
우리는 사랑일까	3.5
용의자 X의 헌신	3.5
모리와 함께한 화요일	3.5
풍금이 있던 자리	3.5
인 더 풀	3.5
황금 물고기	4.0
너무 일찍 나이 들어버린 너무 늦게 깨달아버린 1	3.0
자거라, 네 슬픔아	2.5
아들러 심리학 입문	3.0
정해진 미래	3.5
명견만리 : 미래의 기회 편	3.5
삶은 다른 곳에	3.5
당신의 그림자는 월요일	3.5
불황터널 진입하는 한국 탈출하는 일본	3.5
체실 비치에서	3.5
속죄	4.5
무라카미 하루키 수필집	3.5
냉정과 열정사이 Blu	3.5
츠지 히토나리의 편지	3.5
그것은 꿈이었을까	3.5
최순덕 성령충만기	3.0
즐거운 나의 집	4.0
빅 픽처	3.5
태연한 인생	4.0
천천히, 스미는	3.5
나는 천천히 울기 시작했다	5.0
왜 나는 너를 사랑하는가	3.5
무의미의 축제	4.0
생은 다른 곳에	3.5
발자크와 바느질하는 중국소녀	4.0
고래	4.0
스푸트니크의 연인	3.0
채소의 기분, 바다표범의 키스	3.5
태엽 감는 새	4.5
세계의 끝과 하드보일드 원더랜드	4.5
해변의 카프카	4.0
노르웨이의 숲	4.0
과학자의 서재	3.0
외눈박이 물고기의 사랑	3.0
김약국의 딸들	3.5
국경시장	3.0
화성에서 온 남자 금성에서 온 여자	3.0
엄마를 부탁해	4.5
닥치고 정치	4.0
고슴도치의 우아함	4.5
색채가 없는 다자키 쓰쿠루와 그가 순례를 떠난 해	4.0
완벽하지 않은 것들에 대한 사랑	3.5
야생초 편지	3.0
참을 수 없는 존재의 가벼움	4.0
신	3.5
인생 수업	3.0
창문 넘어 도망친 100세 노인	3.0
파라다이스	3.5