﻿그때, 나에게 미처 하지 못한 말	3.0
너라는 위로	3.0
당신이라는 바람이 내게로 불어왔다	3.0
남자 vs 남자	3.0
소소한 즐거움	3.0
알랭 드 보통의 아름다움과 행복의 예술	3.0
궁극의 인문학	3.0
사랑은 없다	3.0
언플래트닝, 생각의 형태	3.0
하루의 취향	3.5
하정우, 느낌 있다	3.5
마음 미술관	3.0
사피엔스의 미래	3.5
외로운 도시	3.0
14세 소년, 극장에 가다	3.0
가벼운 마음으로 떠나는 과학 트레킹	3.0
절망 독서	3.0
하마터면 열심히 살 뻔했다	3.0
나를 꿈꾸게 하는 클래식	4.0
고양이인 척 호랑이	3.5
나는 떠났다 그리고 자유를 배웠다	3.0
당신을 공유하시겠습니까?	3.5
명견만리 : 새로운 사회 편	3.0
여행과 독서	3.0
나란 무엇인가	3.5
HOW TO READ 융	3.0
낡고 작은 집 인테리어	3.5
살아, 눈부시게!	3.0
각설하고,	3.0
혼자서 본 영화	3.0
호모 자취엔스	3.5
이 아침 축복처럼 꽃비가	3.5
철학적 질문 과학적 대답	3.0
무기력 대폭발	3.0
문학의 숲을 거닐다	4.0
사람풍경	3.0
소금꽃나무	3.0
지금 이 순간을 살아라	3.0
시크:하다	3.5
동네변호사 조들호 특별판	4.0
그 개는 무엇을 보았나	3.0
교사도 학교가 두렵다	3.0
악어 프로젝트	4.0
인간의 두 얼굴: 내면의 진실	4.0
죽음에	4.0
인간의 두 얼굴 : 외부 조종자	4.0
괜찮지 않습니다	3.5
쏘주 한 잔 합시다	3.0
포스트 잇	3.5
열두 발자국	3.0
21세기를 위한 21가지 제언	3.5
어차피 내 마음입니다	3.5
어디서 살 것인가	3.0
명랑철학	3.0
언니의 독설	3.0
잡식동물의 딜레마	3.0
공부는 이쯤에서 마치는 거로 한다	3.5
말하다	3.5
나는 왜 쓰는가	3.0
5년 만에 신혼여행	3.5
태도에 관하여	3.0
울기엔 좀 애매한	3.0
아직, 불행하지 않습니다	3.5
역사의 역사	3.0
세상의 바보들에게 웃으면서 화내는 방법	3.0
쓸 만한 인간	3.0
힐빌리의 노래	3.0
박물관 보는 법	3.0
언어천재 조승연의 이야기 인문학	3.0
나 안 괜찮아	3.0
도시는 무엇으로 사는가	3.5
시를 잊은 그대에게	3.0
"빛을 그린 인상주의 개척자 ""클로드 모네"""	4.0
괴짜처럼 생각하라	3.0
세상에서 가장 큰 집	3.0
싸울 때마다 투명해진다	3.0
일상적이지만 절대적인 생물학지식 50	3.0
셜록 홈즈 단편 걸작선	3.0
50개의 키워드로 읽는 자본주의 이야기	3.0
파리와 런던의 밑바닥 생활	3.5
니체의 인생 강의	4.0
혼자서 완전하게	3.5
지식 e - 시즌 7	4.0
나를 보는 당신을 바라보았다	3.0
마음스파	3.0
모든 요일의 여행	3.5
모든 요일의 기록	3.5
알고리즘, 인생을 계산하다	3.0
지지 않는다는 말	3.0
서양화 자신 있게 보기	3.5
모네의 그림 같은 식탁	3.0
모네	4.0
비정규 아티스트의 홀로그림	3.0
에디톨로지	3.0
슬램덩크	4.5
송곳	4.0
송곳	4.0
서툰 말	3.0
어른이 된다는 서글픈 일	4.0
바디무빙	3.0
악마의 사도	3.0
두 남자의 집짓기	3.5
우울할 땐 뇌과학	3.0
비슷한 것은 가짜다	3.0
유미의 세포들	4.0
사람에게서 구하라	3.0
1시간에 1권 퀀텀 독서법	0.5
모든 게 노래	3.5
한국의 글쟁이들	3.0
50일간의 유럽 미술관 체험 1	3.0
서른살 직장인, 책읽기를 배우다	3.0
우리는 차별에 찬성합니다	3.0
내 누나 속편	3.0
밤하늘 아래	3.0
수짱의 연애	3.5
치에코 씨의 소소한 행복	3.0
너의 곁에서	3.5
유네스코 세계자연유산 (특별할인가)	3.0
내가 알고 있는 걸 당신도 알게 된다면	3.0
개미제국의 발견	3.5
영화관 옆 철학카페	3.0
일방통행로 / 사유이미지	3.0
유네스코 세계문화유산	4.5
에필로그	3.0
동물 해방	3.0
스키너의 심리상자 열기	3.0
구본준의 마음을 품은 집	3.5
철학카페에서 문학읽기	3.0
이진경의 필로시네마	3.0
김상욱의 과학공부	3.0
고기로 태어나서	3.0
헬조선 인 앤 아웃	2.5
꽃을 보듯 너를 본다	3.0
검사내전	3.5
최재천의 인간과 동물	3.0
반려견은 인간을 정말 사랑할까?	3.0
나는 태어나자마자 속기 시작했다	3.0
팩트체크 : 정치.사회 편	3.5
팩트체크	3.0
그 남자는 왜 이상해졌을까?	3.0
인간의 조건	4.0
팩트체크 : 경제.상식 편	3.0
닥치고 정치	3.5
이상한 정상가족	3.0
1만 시간 동안의 남미	4.0
최초의 한입	3.0
미래의 물리학	3.0
거의 정반대의 행복	3.0
엄마, 내친김에 남미까지!	4.0
세계미래보고서 2030-2050	3.0
세상에서 가장 짧은 세계사	3.0
회사 그만두고 어떻게 보내셨어요?	4.0
십시일反	3.0
어쿠스틱 라이프	4.0
엄마, 일단 가고봅시다!	4.0
5년 전에 잊어버린 것	3.0
쥐	4.0
미치코 씨, 영어를 다시 시작하다	3.0
아주 명쾌한 진화론 수업	3.0
기획은 2형식이다	3.0
매력적인 장腸 여행	3.0
인류의 기원	3.0
후와후와	3.0
코끼리 공장의 해피엔드	3.0
나의 우주는 아직 멀다	4.0
지금이 아니면 안 될 것 같아서	3.0
미식견문록	3.0
엄마, 결국은 해피엔딩이야!	4.5
나의 한국현대사	3.0
멀고도 가까운	3.0
생각의 기쁨	3.5
뇌 맵핑마인드	3.0
욕망의 진화	3.0
인간이 그리는 무늬	3.0
오늘의 인생	4.0
확신의 함정	3.5
예술 수업	3.0
장하석의 과학, 철학을 만나다	3.0
어메이징 그래비티	3.0
삼인삼색 미학 오디세이	3.0
위험한 과학책	3.0
미술, 만화로 읽다	3.0
야밤의 공대생 만화	3.0
재수의 연습장	4.0
악마와 미스 프랭	2.0
7층	3.5
데뷔의 순간	3.0
르누아르: 빛과 색채의 조형화가	3.5
생각의 좌표	3.0
화가 vs 화가	3.0
내가 정말 원하는 건 뭐지?	3.0
난생 처음 한번 공부하는 미술 이야기 	3.0
지상 최대의 쇼	3.0
알랭 드 보통의 영혼의 미술관	3.0
대리사회	4.0
나는 지방대 시간강사다	4.0
행복의 기원	3.5
불안의 책 	3.0
별과 우주의 문화사	3.0
자유로부터의 도피	3.0
사진학 강의 - 사진. photo -	3.0
이동진의 부메랑 인터뷰 그 영화의 시간	3.0
톰 소여의 모험	3.0
서양화 읽는 법	3.0
소설을 살다	3.0
섹스의 진화	4.0
살인자들과의 인터뷰	4.0
아직 설레는 일은 많다	3.0
소설가의 일	4.0
살림의 경제학	3.0
뼈가 들려준 이야기	4.0
과학전쟁	3.0
먼 북소리	3.0
왜 나는 너를 사랑하는가	3.0
느낌의 공동체	3.0
안자이 미즈마루	2.0
그러나 즐겁게 살고 싶다	3.0
여자들은 언제나 대단해	3.5
해 뜨는 나라의 공장	3.0
이 얘기 계속해도 될까요?	3.0
밸런타인데이의 무말랭이	3.5
픽션들	0.5
세일러복을 입은 연필	3.5
정확한 사랑의 실험	4.5
주말엔 숲으로	3.5
오늘도 화를 내고 말았습니다	3.5
나오미와 가나코	3.0
무라카미 하루키 잡문집	3.5
평균 연령 60세 사와무라 씨 댁은 이제 개를 키우지 않는다	3.5
여자라는 생물	3.5
여전히 두근거리는 중	3.0
잠깐 저기까지만,	3.0
전진하는 날도 하지 않는 날도	3.5
나는 사랑을 하고 있어	3.0
뇌	4.0
인생 따위 엿이나 먹어라	3.0
하기 힘든 말	3.0
남들처럼 결혼하지 않습니다	2.0
그렇게 쓰여 있었다	3.0
거의 완벽에 가까운 사람들	1.0
뭉클하면 안 되나요?	3.5
그림에 스미다	3.0
마음이 풀리는 작은 여행	3.0
어른 초등학생	3.0
내 몸 공부	3.0
쿨하고 와일드한 백일몽	3.5
쇼코의 미소	3.5
한국사회, 무엇을 어떻게 바꿀 것인가	3.0
차의 시간	3.5
당신에게 노벨상을 수여합니다 : 노벨 화학상	3.0
합리적 보수를 찾습니다	3.0
서른 살이 심리학에게 묻다	3.0
흐르는 강물처럼	3.0
나쁜 사마리아인들	3.0
우리는 언젠가 만난다	3.0
평범한 나의 느긋한 작가생활	3.5
결혼하지 않아도 괜찮을까?	3.5
버리면서 채우는 정리의 기적	3.0
곤마리 씨, 우리 집 좀 정리해주세요	4.0
이윽고 슬픈 외국어	4.0
비밀의 숲	4.0
네가 어떤 삶을 살든 나는 너를 응원할 것이다	2.5
무엇이든 쓰게 된다	3.0
아무래도 싫은 사람	3.5
내 누나	3.0
작지만 확실한 행복	4.0
도미니크 로로의 심플한 정리법	1.0
심플하게 산다	2.0
지금 이대로 괜찮은 걸까?	3.0
편의점 인간	4.0
포트레이트 인 재즈	3.0
불행 피하기 기술	3.0
어느 날 문득 어른이 되었습니다	3.5
멋진롬 심플한 살림법	3.5
채소의 기분, 바다표범의 키스	4.0
샐러드를 좋아하는 사자	3.5
말 그릇	2.0
이렇게 작지만 확실한 행복	4.0
살인자의 건강법	3.5
취하기에 부족하지 않은	4.0
더 스크랩	3.5
아픔이 길이 되려면	3.0
부드러운 양상추	3.5
저녁 무렵에 면도하기	4.0
투명인간	3.5
클래식	4.0
나는 찍는다 스마트폰으로	3.5
찌질한 위인전	4.0
50일간의 유럽 미술관 체험	3.0
당신의 주말은 몇 개입니까	3.5
오자와 세이지 씨와 음악을 이야기하다	3.0
라오스에 대체 뭐가 있는데요?	2.5
나는 여행기를 이렇게 쓴다	2.0
음악가를 알면 클래식이 들린다 : 작곡가편	3.0
나를 보내지 마	3.5
직업으로서의 소설가	4.5
느리게 사는 것의 의미	1.0
영화를 찍으며 생각한 것	4.0
그때는 누구나 서툰 여행	4.0
달리기를 말할 때 내가 하고 싶은 이야기	4.5
도시농업	3.0
서울 건축 만담	3.5
유럽의 그림책 작가들에게 묻다	3.0
리어 왕	1.0
풀하우스	3.5
고양이 낸시	3.0
과학 수다 2 : 빅 데이터에서 투명 망토까지	4.0
멋진 신세계	3.0
넛지	2.0
미래중독자	2.0
처음부터 엄마는 아니었어	4.0
끌림의 과학	3.0
삐딱해도 괜찮아	2.0
금난새의 클래식 여행	3.0
과학 수다 1 : 뇌 과학에서 암흑 에너지까지	4.0
죽어라 일만 하는 사람은 절대 모르는 스마트한 성공들	2.5
잿빛 음모	1.0
미스 함무라비	3.0
이헌석이 듣고 쓴 이럴 땐 이런 음악	3.0
빨랫줄	3.0
상우일기	3.5
행복중독자	2.0
결혼을 묻다	1.5
세계에서 가장 행복한 덴마크 사람들	3.5
남한산성	3.0
환상의 괴수 무벰베를 찾아라	2.0
철학아, 내 고민 좀 풀어 줘?	1.0
생명의 지배영역	1.5
역사란 무엇인가	4.0
미국을 발칵 뒤집은 판결 31	4.5
클래식 가이드	4.0
한 걸음씩 걸어서 거기 도착하려네	3.0
시계태엽 오렌지	2.5
모자이크 세계지리	5.0
그림자 여행	2.0
365 클래식 : 나를 위로하는 하루 한 곡	3.0
미분과 적분	3.0
미안해 쿠온, 엄마아빠는 히피야!	4.0
호모 데우스	5.0
마음의 미래	4.0
코스모스	2.0
별난 친구들의 도쿄 표류기	4.0
4차 산업혁명 어떻게 시작할 것인가 + 4차 산업혁명 시대에 살아남기 - 전2권	2.5
숫자 없이 모든 문제가 풀리는 수학책	2.0
자유로울 것	3.5
경제 ⓔ	2.0
세계사 브런치	3.5
카모메 식당	3.5
하찮은 인간, 호모 라피엔스	2.0
줌 인 생물학	3.5
듣는 힘	2.5
행복의 비밀 50	2.0
닥치는 대로 끌리는 대로 오직 재미있게 이동진 독서법	3.5
낯선 땅에 홀리다	3.0
선택하지 않을 자유	2.0
혼자가 어때서	3.5
와세다 1.5평 청춘기	4.0
살인자의 기억법	2.0
깍두기 삼십대	3.5
구글의 미래	3.5
영화는 좋은데 과학은 싫다고?	1.0
과학하고 앉아있네 4 : 김상욱의 양자역학 더 찔러보기	3.5
과학하고 앉아있네 3	2.0
로봇 시대, 인간의 일	3.5
복제는 정말로 비윤리적인가?	3.5
노 키드 : 아이를 낳지 말아야 하는 40가지 이유	3.0
나는 아이 없이 살기로 했다	3.0
강남역 10번 출구, 1004개의 포스트잇	4.0
조명가게	4.0
행복의 역습	2.0
여행의 기술	3.5
퀴르발 남작의 성	3.5
살면서 한번은 행복에 대해 물어라	1.5
다 빈치 코드	4.0
아홉살 인생	3.5
상대적이며 절대적인 지식의 백과사전	4.0
명화가 내게 묻다	4.0
산에는 꽃이 피네	1.5
처음 읽는 진화심리학	1.5
펭귄과 리바이어던	2.0
조선을 뒤흔든 16가지 연애사건	2.0
만들어진 승리자들	2.0
생각 버리기 연습	2.5
살면서 한번은 묻게 되는 질문들	2.5
또 다른 나	2.5
노자의 목소리로 듣는 도덕경	2.5
피로사회	3.0
책은 도끼다	3.0
우리가 사랑에 대해 착각하는 것들	3.0
빌 브라이슨 발칙한 유럽산책	4.0
발칙한 현대미술사	3.0
로마인 이야기 	3.0
도쿠가와 이에야스 1부 1~5권	3.5
지상의 노래	4.0
오래된 일기	4.5
바닷마을 다이어리	4.5
로드	4.5
연금술사	3.0
바리데기	2.5
스토리가 스펙을 이긴다	3.0
스마트한 생각들	5.0
우리는 언젠가 죽는다	3.0
색채가 없는 다자키 쓰쿠루와 그가 순례를 떠난 해	3.5
엄마를 부탁해	4.0
시골은 그런 것이 아니다	4.5
나는 세계 일주로 경제를 배웠다	3.0
왜 세계의 절반은 굶주리는가?	2.5
1984	4.0
돈으로 살 수 없는 것들	4.0
7년의 밤	3.5
예감은 틀리지 않는다	4.0
지적 대화를 위한 넓고 얕은 지식 : 현실 세계 편	2.5
철학이 필요한 시간	2.0
1F/B1 일층, 지하 일층	2.0
너의 목소리가 들려	3.5
참을 수 없는 존재의 가벼움	2.5
센트럴파크	1.5
나는 나를 파괴할 권리가 있다	3.5
비행운	4.5
공항에서 일주일을	3.0
총 균 쇠	4.0
인체재활용	4.0
리딩으로 리드하라	0.5
장미의 이름	3.0
달에 울다	1.5
앵무새 죽이기	4.5
생각하는 인문학	0.5
담론	2.0
잠의 사생활	3.0
기타노 다케시의 생각노트	3.5
폰 쇤부르크 씨의 우아하게 가난해지는 법	0.5
꾸뻬 씨의 행복 여행	2.0
4천원 인생	3.0
서양미술사	5.0
공지영의 지리산 행복학교	3.0
폭력은 어디서 왔나	1.0
인간의 대지	0.5
너의 세계를 스칠 때	4.0
여행자의 로망 백서	3.0
긍정의 배신	3.0
인문의 바다에 빠져라	3.0
고래	3.5
고등어	2.5
속죄	5.0
대성당	3.5
창문 넘어 도망친 100세 노인	3.0
1Q84	3.5
철부지 사회	2.5
기발한 자살 여행	1.0
그레이의 50가지 그림자	2.5
21세기 지구에 등장한 새로운 지식	2.5
나는 빠리의 택시운전사	3.5
나는 죽을 때까지 재미있게 살고 싶다	3.5
백설공주에게 죽음을	3.5
더 레이븐 	3.0
관계의 힘	2.0
꽃잎이 떨어져도 꽃은 지지 않네	0.5
오늘 내가 사는 게 재미있는 이유	1.5
발자크와 바느질하는 중국소녀	3.5
미움받을 용기	2.0
어떻게 죽을 것인가	4.5
EBS 다큐프라임 죽음	1.0
신 없이 어떻게 죽을 것인가	3.0
죽음의 수용소에서	4.0
어린 왕자	4.0
상실 수업	1.0
스물아홉 생일, 1년 후 죽기로 결심했다	3.0
내가 나를 사랑하는 일, 당신이 당신을 사랑하는 일	2.5
정여울의 문학 멘토링	2.5
버티는 삶에 관하여	3.0
행복의 건축	2.0
28	2.5
이공계의 뇌로 산다	3.5
생각에 관한 생각	3.0
과학 도시락	1.0
채식주의자	3.5
살아온 기적 살아갈 기적	4.0
국화꽃 향기	1.0
내가 확실히 아는 것들	1.0
엔트로피	4.5
명견만리 : 인구, 경제, 북한, 의료 편	2.0
대책 없이 해피엔딩	3.0
마션	3.5
무소유	3.0
티핑 포인트	2.5
언제 들어도 좋은 말	2.0
혼자 있는 시간의 힘	2.0
뉴스의 시대	2.5
박찬욱의 몽타주	3.5
여덟 단어	3.0
아프니까 청춘이다	3.5
라면을 끓이며	3.0
변신	3.0
사피엔스	4.0
보통의 존재 	4.0
철학, 영화를 캐스팅하다	3.0
그림에, 마음을 놓다	3.0
인생이 빛나는 정리의 마법	4.0
잡동사니의 역습	2.5
나는 가해자의 엄마입니다	3.5
혼자 산다는 것에 대하여	2.5
뭐라도 되겠지	3.5
숨결이 바람 될 때	3.5
대통령의 글쓰기	3.5
이기적 유전자	4.0
발명 마니아	3.5
완벽한 죽음의 나쁜 예	2.0
유시민의 경제학 카페	3.0
매트 리들리의 본성과 양육	4.5
정의란 무엇인가	4.5
로봇의 부상	2.5
미쓰윤의 알바일지	2.5
유머의 공식	2.0
나이 먹는 즐거움	2.5
매드 사이언스 북	4.0
나는 까칠하게 살기로 했다	1.0
아내를 모자로 착각한 남자	2.0
나는 몇 살까지 살까?	2.5
인생견문록	2.5
슈슈	4.0
당신의 고정관념을 깨뜨릴 심리실험 45가지	4.0
종의 기원	2.0
당신 인생의 이야기	3.0
종이달	3.0
미국인은 왜 뚱뚱한가?	1.5
우리는 왜 친절한 사람들에게 당하는가	3.5
혼자 사는 즐거움	1.0
판사유감	4.0
상식 밖의 경제학	3.5
행복한 나라 부탄의 지혜	1.5
울분	3.5
열한 계단	4.0
에너지 혁명 2030	4.0
드림 레시피	3.5
한눈에 쏙! 생물지도	4.0
국가란 무엇인가	2.0
나쁜 페미니스트	2.0
빈둥빈둥 당당하게 니트족으로 사는 법	4.5
페이스북 심리학	4.0
서울을 떠나는 사람들	3.5
헌법의 풍경	4.0
한국경제, 돈의 배반이 시작된다	2.5
의료 보험 절대로 들지 마라	4.5
생활법률 상식사전	3.5
당신이 속고 있는 28가지 재테크의 비밀	2.0
소비를 그만두다	2.5
걷는 듯 천천히	4.0
퇴사하겠습니다	3.0
너 이런 심리법칙 알아?	2.5
처음 만나는 영화	4.0
지적 대화를 위한 넓고 얕은 지식 : 현실 너머 편	4.0
스틸 앨리스	2.5
그녀들의, 프랑스식, 연애	3.5
하류지향	1.0
레미제라블	4.5
판결을 다시 생각한다	4.5
인간에 대하여 과학이 말해준 것들	2.0
위대한 설계	3.5
아무것도 하지 않는 즐거움	3.5
인체 쇼핑	3.0
그때 카파의 손은 떨리고 있었다	4.5
만약은 없다	2.5
불안	5.0
불씨	5.0
건투를 빈다	5.0
개인주의자 선언	5.0
82년생 김지영	4.0
