﻿보통사람들의 부자 되기 90일	0.5
트럼프, 강한 미국을 꿈꾸다	0.5
Great Again: How to Fix Our Crippled America	0.5
트럼프의 부자 되는 법	0.5
CEO 트럼프 성공을 품다	0.5
Time to Get Tough: Make America Great Again!	0.5
BBQ 원칙의 승리	0.5
메갈리아의 반란	0.5
강용석의 직설	0.5
호기심 왕국	2.5
American Gods	4.5
박정희의 내 일생 조국과 민족을 위하여	0.5
트럼프의 억만장자처럼 생각하라	0.5
정치? 통탄한다	0.5
윤창중의 촌철	0.5
노무현의 비정규군시대	0.5
청와대 뒷산에 다시 올라가라	0.5
국민이 정치를 망친다	0.5
반기문 카드	0.5
반기문 리더십	0.5
99% 반기문 대통령	0.5
지구촌을 이끌어가는 유엔 사무총장 반기문	0.5
조용한 열정, 반기문	0.5
반기문 총장님처럼 되고 싶어요!	0.5
건국대통령 이승만	0.5
독립정신	0.5
박정희 11 : 마탄의 사수	0.5
구스범스 21	3.5
유전자는 네가 한 일을 알고 있다	0.5
야생초 편지	3.0
여중생A	4.0
위대한 캣츠비 제6부	3.0
지옥설계도	0.5
플랜더스의 개	4.0
대털	3.5
빼앗긴 우리 역사 되찾기	0.5
이승만과 그의 시대	0.5
이승만 평전	0.5
이승만 평전 (큰글자)	0.5
서북청년회	0.5
우남 이승만 그는 누구인가	0.5
면장 선거	3.5
있어 없어?	3.5
거울 속	3.0
나쁜 책	3.0
공중그네	4.0
벌거벗은 임금님	4.5
만화 9급 공무원	3.5
브래드 할리의 마차	3.5
고우영 三國志	5.0
나는 지방대 시간강사다	3.5
초선 의원의 죽비소리	0.5
서민의 희망을 디자인하다	0.5
나는 오늘도 도전을 꿈꾼다	0.5
혈액형 알면 상대가 보인다	0.5
꽃들에게 희망을	3.5
프리스트	3.5
한용운 평전	0.5
이상 평전	0.5
사랑한다. 평평한 지구	0.5
Why? 왜 이명박이어야 하는가?	0.5
절망이라지만 나는 희망이 보인다	0.5
악몽을 파는 가게	3.5
안철수 등의 한판승부 - 박근혜 벗기기	0.5
박근혜정부 희망의 새 시대를 위한 실천과제	0.5
박근혜 대통령 연설문집 1 - 전2권	0.5
성공이냐 좌절이냐, 박근혜의 외로운 줄타기	0.5
박근혜 대통령 새 정치시대	0.5
스티븐 킹 단편집	4.0
이승만의 네이션빌딩	0.5
대구 10월 폭동 / 제주4·3사건 / 여·순 반란사건	0.5
어느날 갑자기	3.5
On Writing	4.5
On Writing	4.5
Different Seasons	4.5
Sophie's World: A Novel about the History of Philosophy	4.5
흰 종이수염	3.5
픽업아티스트 연애의 기술 (밀당의 기술)	0.5
픽업아티스트가 전하는 유혹의 정석	0.5
성문 종합영어	0.5
Fahrenheit	4.5
사랑의 학교 - 상	3.0
이원복 교수의 사랑의 학교	3.0
혈액형별 사랑만들기	0.5
혈액형 비즈니스	0.5
혈액형 연애 성공법	0.5
혈액형과 동양 철학의 신비한 첫 만남	0.5
내 혈액형에 꼭 맞는 즐거운 다이어트	0.5
혈액형에	0.5
혈액형 심리학 ABO	0.5
틀려도 괜찮아	3.5
호두까기 인형	3.5
대통령 각하 이게 뭡니까	0.5
변방	0.5
소신이 있으면 두려움이 없다	0.5
이영돈 PD의 TV프로그램 기획제작론	0.5
여름으로 가는 문	3.5
Watchmen	5.0
자유여 너를 위해 목숨 바치게 하라	0.5
젊은이여 어디로 가고 있는가	0.5
쉽게 읽는 청소년 환단고기	0.5
박근혜는 할 수 있다!	0.5
마쉬왕의 딸	4.0
죽음의 수용소에서	4.5
미야모도 무사시	3.5
문외한 씨, 춤 보러가다	3.5
어른들을 위한 안데르센 동화	3.0
열혈 장사꾼	2.0
쩐의 전쟁	3.0
대물	2.5
흰둥이들아, 들어봐라!	0.5
빠빠라기	2.5
서민적 정치	0.5
서민의 기생충 같은 이야기	0.5
3시간 수면법	0.5
왜 지금 비선실세를 말하는가	0.5
아주 특별한 우리 형	3.0
트렌드 코리아 2017	2.0
자신의 일을 최고로 즐겨라 - 오디오 CD	0.5
여자라면 힐러리처럼	0.5
엄마 어렸을 적엔...	3.5
서민의 쉬운 글쓰기 - 오디오 CD 1장	0.5
서민적 글쓰기	0.5
울고 웃고 나 그대를 더 사랑하고	0.5
청소년을 위한 리딩으로 리드하라	0.5
꿈꾸는 다락방 2 - 실천편	0.5
워크래프트	3.5
꿈꾸는 다락방 Special edition	0.5
스무 살, 절대 지지 않기를	0.5
어금니 아빠의 행복	0.5
물은 답을 알고 있다	0.5
꿈꾸는 다락방	0.5
도리언 그레이의 초상	4.5
이디시 콥	4.5
카리스마 박근혜	0.5
공학도에서 게임산업 CEO까지 : 엔씨소프트 김택진의 도전과 성취	0.5
똑똑한 놈은 웃으면서 군대간다	0.5
진짜 사나이는 웃으면서 군대 간다	0.5
Fifty Shades of Grey	0.5
걸리버 여행기	4.5
은교	3.5
건국대통령 이승만	2.5
건국의 아버지 이승만	0.5
루브르에서 중국을 만나다	3.0
만년샤쓰	4.0
나는 왜 정치를 하는가	3.5
박근혜대통령 탄핵결정 대해부	0.5
박근혜에 대해 공정하게 말하고 싶다	0.5
박근혜 현상	0.5
제주 4.3사건의 거짓과 진실	0.5
대한민국의 Far and away	0.5
삼성, 우리의 삼성은 없다	0.5
원자폭탄보다 더한 금융폭격	0.5
한국 대통령도 미국이 뽑나	0.5
넥슨만의 상상력을 훔쳐라	0.5
창녀론	0.5
여인추억	2.5
오뒷세이아 	4.5
빵을 끊어라	0.5
슈퍼맨 : 레드 선	4.5
허클베리 핀의 모험	4.5
내가 누구인지 말할 수 있는 자는 누구인가	0.5
아낌없이 주는 나무 (어린이용)	4.5
아낌없이 주는 나무	4.5
잃어버린 한조각 나를 찾으러	4.5
떨어진 한쪽, 큰 동그라미를 만나	4.5
어디로 갔을까, 나의 한쪽은	4.5
아낌없이 주는 나무/어떤 돌멩이의 길	4.5
아낌없이 주는 나무	4.5
아낌없이 주는 나무 - 컬러판	4.5
어디로 갔을까 나의 한쪽은	4.5
꽃으로도 때리지 말라	3.5
현대인도 못 알아먹는 현대미술	0.5
오체 불만족	2.5
투명 인간	4.5
우주전쟁	4.5
우주 전쟁	4.5
타임머신	4.5
SF 명예의 전당 4 : 거기 누구냐?	4.5
디재스터	0.5
착한 불륜, 해선 안 될 사랑은 없다	2.5
무소유	2.0
이것은 자전거 이야기가 아닙니다	0.5
악의 고백	0.5
연산군을 위한 변명	0.5
교과서가 깜빡한 아시아 역사 1	0.5
추한 한국인	0.5
치우천황이 돌아오셨습니다	0.5
대전쟁	0.5
윈드 엠페러	0.5
마스터 오브 웨폰	0.5
다크 프리스트 Dark Priest	0.5
퍼레이션트	0.5
히든 클래스	0.5
모애모애 조선유학 1	0.5
이말년 서유기 1	3.5
이말년 씨리즈 2	3.5
이말년 씨리즈	3.5
Mastering German Vocabulary: A Thematic Approach a Thematic Approach	4.0
양영순의 천일야화	3.5
Korea : 먼나라 이웃나라 한국 (독일어 판)	2.5
편견도 두려움도 없이	2.0
베르세르크	4.0
아웃라이어	3.5
성공을 부르는 비밀의 문	0.5
성공을 부르는 시크릿 도어	0.5
불구가 된 미국	0.5
빅씽킹	0.5
이어령의 80초 생각나누기 - 느껴야 움직인다	3.5
이어령의 80초 생각 나누기 생각상자	3.5
게임사전	0.5
디지로그 digilog	3.5
디지로그 digilog	3.5
강안남자	3.0
자유주의 틀 깨기	0.5
성서 속의 시크릿	0.5
트와일라잇	0.5
창조과학 콘서트	0.5
노아 홍수 콘서트	0.5
대물	2.5
4001	0.5
Stories of Your Life and Others	4.5
김동리 : 등신불 Tungsin-bul	4.0
바보는 신의 선물	3.0
미녀 유혹의 비밀	0.5
시크릿 데일리 티칭	0.5
오 해피 데이	4.0
창궁의 묘성	3.5
벳시와 황제	3.5
스타걸	3.5
덕혜옹주	3.5
트럼프 승자의 생각법	0.5
설민석의 조선왕조실록	0.5
파워 The Power	0.5
시크릿 다이어리	0.5
만화로 보는 그리스 로마 신화	4.5
성문 영문 독해	0.5
외모지상주의 1	1.5
리어 왕	4.0
우리들의 일그러진 영웅	4.0
화성에서 온 남자 금성에서 온 여자	2.5
하늘에 길을 묻다	0.5
매직 Magic	0.5
히어로 : 당신이 원하는 삶으로 안내하는 비밀 지도	0.5
바보 빅터	0.5
헬페미니스트 선언, 그날 이후의 페미니즘	2.5
나는 시크릿으로 인생을 바꿨다	0.5
꿈! 포기하지 않으면 불가능은 없다	0.5
삼국전투기	3.0
전방은 괜찮나요?	0.5
나의 삶 나의 아버지	2.5
맞아 죽을 각오로 쓴 친일 선언	0.5
총각네 야채가게	0.5
인생에 변명하지 마라	0.5
총각네 이영석의 장사 수업	0.5
더 박스	4.0
해리 포터와 마법사의 돌	3.5
새 친일파를 위한 변명	0.5
자유의 위기	0.5
이승만 일기 - 전3권	0.5
이승만 깨기	0.5
조영남 길에서 미술을 만나다	0.5
자유주의자 조영남의 사랑과 예술이야기 - 전2권	0.5
조영남씬 천재예요!	0.5
박근혜 대통령	0.5
박근혜 : 무궁화 꽃 필 때	0.5
박근혜 시대 파워엘리트	0.5
박근혜 민생정부 약속과 책임	0.5
박근혜 공명과 함성	0.5
박근혜 조용한 혁명	0.5
한국 근.현대사	0.5
내 맘대로 느낀대로 일본이야기	0.5
시간을 달리는 남자	0.5
대한민국 최초의 남성인권운동가, 성재기	0.5
웅크린 시간도 내 삶이니까	0.5
스틸 볼 런	4.5
죠죠의 기묘한 모험	4.5
도리언 그레이의 초상	4.5
박근혜	0.5
Fahrenheit 451	4.5
봄봄	4.0
하늘을 잊은 하늘의 자손	0.5
개천혁명	0.5
웹소설 작가를 위한 장르 가이드 5 : 팩션	3.0
Harry Potter and the Philosopher's Stone	3.5
O. 헨리 단편선	4.5
마지막 잎새 외	4.5
마지막 잎새	4.5
목걸이	4.5
룰즈 오브 더 게임	3.5
박근혜의 포용	0.5
사이시옷	3.5
십시일反	3.5
국민이 이긴다	0.5
어제와 싸우지 않으면 내일은 시작되지 않는다	0.5
박씨전	3.0
Digital Fortress	0.5
로스트 심벌 일러스트 에디션	0.5
인페르노 (스페셜 일러스트 에디션)	0.5
디지털 포트리스	0.5
인페르노	0.5
천사와 악마	0.5
하늘이여 땅이여	0.5
최후의 경전	0.5
글자전쟁	0.5
제3의 시나리오	0.5
1026	0.5
스토리텔링 진화론	0.5
허생전	4.5
한국형 디지털 스토리텔링	0.5
엄마를 부탁해	3.5
여성 혐오가 어쨌다구?	2.5
다윈의 식탁	3.5
여성 혐오를 혐오한다	2.5
여혐민국	2.5
남자 마음 설명서	0.5
모피를 입은 비너스	4.0
논리야 놀자	3.5
행복한 왕자와 다른 이야기들	4.5
The Picture of Dorian Gray	4.5
전자오락 수호대	4.0
2013 마음의 소리 Ver.1	3.0
2012 마음의 소리 Ver.1	3.5
치즈 인 더 트랩	4.0
아낌없이 주는 나무 외	4.5
꽃들에게 희망을	4.0
여탕보고서	3.5
자살토끼	3.5
영어를 공용어로 삼자	0.5
화씨 451	4.5
왜 홍준표인가?	0.5
홍준표가 답하다	0.5
열정으로 다시 쓰는 내사랑 대구	0.5
대한민국을 다시 일으키는 힘	0.5
선천적 얼간이들	4.5
아침형 인간	0.5
무소유	3.5
채식주의자	3.5
고승덕의 ABCD 성공법	0.5
혈액형 심리학 A형	0.5
혈액형 심리학 O형	0.5
혈액형 심리학 B형	0.5
길Gil의 혈액형 이야기	0.5
혈액형 심리테스트	0.5
혈액형을 알아야 성공한다 -	0.5
혈액형 심리 테스트	0.5
혈액형의 모든 것	0.5
혈액형 비즈니스 파워	0.5
정곡을 찌르는 혈액형 新 인간학	0.5
혈액형 인간학	0.5
혈액형 사랑학	0.5
혈액형 120% 활용학	0.5
[POD] 바이오리듬 (혈액형 B형, AB형 바이오리듬)	0.5
당신의 혈액형이 성공을 말해 준다	0.5
진화론의 정황증거와 새로운 창조	0.5
노 시크릿	0.5
세상을 내 편으로 만든 사람, 안철수	0.5
안철수 He, Story	0.5
대한민국은 안철수에게 무엇을 바라는가	0.5
안철수 대통령의 꿈	0.5
안철수, 경계를 넘어서다	0.5
시크릿	0.5
천 번을 흔들려야 어른이 된다	0.5
내 정치학 교과서는 성경	0.5
Watchmen (Paperback, International Edition)	5.0
샤를 페로 동화집	4.0
시학	4.5
박사가 사랑한 수식	3.5
GO	3.5
투명인간	4.5
타임머신	4.5
타임머신	4.5
도리안 그레이	4.5
행복한 왕자	4.5
행복한 왕자	4.5
도리안 그레이의 초상	4.5
세상의 거짓말에 웃으면서 답하다 : 2015 정규재의 뉴스읽기	0.5
21세기 먼나라 이웃나라 9	3.5
월리를 찾아라! 	4.0
죽음의 무도	4.5
저스틴 비버	0.5
물의 찬가	0.5
물의 메시지	0.5
물은 사랑을 원한다	0.5
도리언 그레이의 초상 - 전2권 (한글판 + 영문판)	4.5
전두환 회고록 1	0.5
Lord of the Flies	4.0
태호복희	0.5
개천기	0.5
왕검단군	0.5
문화가 답이다	0.5
수사기록으로 본 12.12와 5.18 -	0.5
수사기록으로 본 12.12와 5.18	0.5
5.18분석 최종보고서	0.5
중국인은 화가 날수록 웃는다	3.0
Hatchet	3.5
The Norton Reader	4.0
Benet's Reader's Encyclopedia	4.0
How to Read a Book	4.5
The Elements of Style	4.5
The Best Short Stories of Fyodor Dostoevsky	4.5
Flowers for Algernon	4.0
The 7 Habits of Highly Effective Teens	4.0
H.P. Lovecraft	4.5
Rules for Writers	3.5
World History for Dummies	4.0
The Cartoon History of the Universe III: From the Rise of Arabia to the Renaissance	4.5
여름으로 가는 문	4.0
지의 정원	4.5
성철스님 시봉이야기	3.5
사랑하라 한번도 상처받지 않은 것처럼	3.5
신들은 신난다	4.5
이원복 교수의 진짜 유럽 이야기	2.5
이원복 교수의 세상만사 유럽만사	3.5
새 먼나라 이웃나라	3.5
현대문명진단	3.5
파워 엘리트 중국 정치의 힘	3.5
시진핑 시대, 중국의 파워엘리트	3.5
Twilight	0.5
Twilight [With Poster]	0.5
제주 4.3반란 사건	0.5
뉴문 특별판	0.5
브레이킹 던 특별판	0.5
Breaking Dawn (Paperback, International Edition)	0.5
New Moon (Paperback, International Edition)	0.5
Eclipse (Paperback, International Edition)	0.5
이클립스	0.5
뉴문	0.5
브레이킹 던	0.5
솔로몬 앞에 선 5.18	0.5
변희재의 청춘투쟁	0.5
Charlie and the Chocolate Factory	4.0
찰리와 초콜릿 공장 	4.0
조갑제의 광주사태	3.0
박정희 1 : 軍人의 길	0.5
우리 생애의 가장 길었던 날	0.5
아키텍처	0.5
해리와 몬스터	0.5
나는 입이 없다 그리고 나는 비명을 질러야 한다	4.5
행복한 부자의 닭고기 수프	3.5
환단고기 현토본	0.5
환단고기 역주본	0.5
한단고기	0.5
환단고기	0.5
치우천자	0.5
내 마음 같은 그녀	0.5
이정희. 다시 시작하는 대화	0.5
서울 시	3.0
정규재 TV 닥치고 진실	0.5
착한, 너무 착한 안철수	1.5
대한민국 안철수 v.1	0.5
안철수 밀어서 잠금해제	0.5
안철수 대통령을 꿈꾸는 대한민국	0.5
안철수가 대통령이 될 것이다	0.5
안철수가 이길 수 있다	0.5
안철수는 세상을 바꾸고 싶다	0.5
안철수의 강심장과 박근혜 DNA	0.5
어머니	2.5
여성대통령 박근혜 무소속대통령 안철수	0.5
박근혜의 꿈	0.5
절망은 나를 단련시키고 희망은 나를 움직인다	0.5
아! 희망의 대한민국 새 영도자 박근혜	0.5
차기대통령 왜 박근혜인가	0.5
박근혜 신드롬	0.5
박근혜 사람들	0.5
박근혜 인문정치론	0.5
박근혜 일기	0.5
숙명 박근혜, 그의 삶과 대한민국	0.5
박근혜의 인생	0.5
박근혜를 위한 블루스	0.5
박근혜 패러다임	0.5
무궁화 꽃이 피었습니다	0.5
킹 메이커	0.5
바다의 얼굴 사랑의 얼굴	3.0
낯선 침대 위에 부는 바람	3.0
백정들의 미사	3.5
유모아 극장	4.5
삼미 슈퍼스타즈의 마지막 팬클럽	4.0
괴물	3.0
아홉살 인생	3.5
악령이 출몰하는 세상	4.5
큰바위 얼굴	5.0
행복한 왕자 (한글판 + 영문판)	4.5
캔터빌의 유령	4.5
안데르센 동화집	4.5
그림동화전집	4.5
파브르 곤충기	4.0
도가니	3.5
연금술사	3.0
이기적 유전자	4.5
바리데기	3.5
트위터 유머	2.5
분노의 포도	4.0
공포의 보수	4.5
어린 왕자	4.5
동물농장	4.5
광장/구운몽	4.0
모모	4.5
쥐	4.5
생각하는 인문학	0.5
이지성의 꿈꾸는 다락방	0.5
생생하게 꿈꾸면 이루어진다 - 오디오 CD	0.5
리딩으로 리드하라	0.5
조이라이드	0.5
THE GAME	3.5
싸드 THAAD	0.5
천년의 금서	0.5
김진명의 한국사 X파일	0.5
박근혜의 서재	0.5
여풍당당 박근혜	0.5
The Mother 차기 왜 박근혜인가	0.5
선덕여왕과 박근혜	0.5
왜, 박근혜인가	0.5
비르발의 지혜문답	4.0
너희는 봄을 사지만 우리는 겨울을 판다	3.0
중국사회의 지속과 변화	4.5
사색기행	4.5
Updated 꼬리에 꼬리를 무는 영어	4.0
소피의 세계	4.5
생각을 넓혀주는 독서법	4.5
독서의 기술	4.5
논리적 독서법	4.5
1984	4.5
거꾸로 읽는 세계사	4.0
왓치맨 Watchmen	3.5
세상에서 가장 재미있는 세계사	4.5
먼나라 이웃나라	3.5
다 빈치 코드	0.5
왜 중국은 서구를 위협할 수 없나	4.0
소용돌이 합본판	4.5
박근혜 스타일 2012	0.5
박근혜 스타일	0.5
문재인, 박근혜, 안철수 그리고 선택	1.5
박근혜, 한국 최초 여성 대통령	0.5
박근혜와 커피 한 잔	0.5
캐치-22	4.5
시계태엽 오렌지	4.5
픽션들	4.5
당신 인생의 이야기	4.5
슈퍼차이나	4.0
유혹하는 글쓰기	4.5
캐비닛	3.5
유쾌한 혈액형 성공학	0.5
혈액형 정치학	0.5
혈액형 인생론	0.5
혈액형 운세	0.5
혈액형 인간학 AB형	0.5
혈액형 인간학 A형	0.5
혈액형 심리학 AB형	0.5
혈액형 인간학 O형	0.5
혈액형 인간학 B형	0.5
아주 오래된 농담	4.0
달빛 조각사	2.5
소환사	3.0
임사체험	4.5
제국의 탄생과 몰락	3.0
일곱 번째 내가 죽던 날	3.0
축소 지향의 일본인	5.0
아프니까 청춘이다	0.5
리타 헤이워드와 쇼생크 탈출	4.5
신들의 전쟁	4.5
듣기의 달인이 되는 법칙	4.0
에브리씽 에브리씽	3.5
도쿄대생은 바보가 되었는가	4.0
검은 꽃	3.5
살인자의 기억법	3.5
오직 두 사람	3.5
