﻿나는 왜 영양제를 처방하는 의사가 되었나	3.5
약 사용설명서	3.0
미라클 모닝	3.0
미니멀 키친	3.0
다시 쓰는 주식 투자 교과서	5.0
빚, 정리의 기술	3.5
주식, 농부처럼 투자하라	4.0
그래서 어디를 살까요	3.0
영어책 한 권 외워봤니?	4.0
밤의 이야기꾼들	3.0
금리의 역습	4.5
적당히 사는 법	3.0
90일 완성 돈 버는 평생 습관	3.0
쩐의 흐름을 타라	3.5
심정섭의 대한민국 학군지도	3.5
단순하게 투자하라	3.0
벡 Beck 1	4.0
왜 주식인가	4.0
기생수	4.5
부자 아빠 가난한 아빠 	3.0
빅 픽처	4.0
종의 기원	3.0
오키나와 셀프 트래블	3.0
툭 까놓고 재벌	4.5
하루 10분 독서의 힘	1.0
앞으로 3년, 미국 랠리에 올라타라	3.0
현명한 초보 투자자	4.5
1만권 독서법	3.5
심플하게 산다 2	3.0
심플하게 산다	5.0
