﻿중국에서 온 편지	2.5
바우돌리노 -	3.5
Q & A	4.0
여자를 증오한 남자들	3.0
열녀문의 비밀	3.5
리심 -	2.5
방각본 살인 사건 -	3.5
워터멜론 슈가에서	2.5
이 시대의 사랑	5.0
앙테크리스타	3.0
아버지 죽이기	2.5
람세스	5.0
바이탈 사인	3.5
바이러스	3.5
돌연변이	3.5
빙과	3.5
소녀, 소녀를 사랑하다	3.5
벚꽃지는 계절에 그대를 그리워하네	3.5
편의점 인간	3.0
어느 날 내가 죽었습니다	2.0
닥치고 정치	3.0
냉정과 열정사이 Blu	3.5
트와일라잇	3.5
괴물	4.0
장외인간 1	3.0
하악하악	2.5
괭이부리말 아이들	2.5
동물농장	4.5
장미의 이름	4.5
몽실 언니	2.5
오디션	4.0
처음의 마음으로 돌아가라	3.5
제3의 시나리오	2.5
무궁화 꽃이 피었습니다	3.5
황태자비 납치사건	3.0
삼성 컨스피러시	2.5
키다리 아저씨	4.0
성균관 유생들의 나날	3.5
인 더 풀	3.0
캐롤	3.5
새의 선물	3.5
오만과 편견	5.0
N.P	3.0
키친	3.0
암리타	4.0
박사가 사랑한 수식	4.0
냉정과 열정사이 Rosso	4.0
당신의 주말은 몇 개입니까	2.0
울 준비는 되어 있다	2.0
웨하스 의자	2.5
호텔 선인장	3.0
반짝반짝 빛나는	3.5
도쿄 타워	3.0
파페포포 투게더	2.0
타나토스	3.0
2Days 4Girls	2.5
오디션	2.5
래플스 호텔	2.5
토파즈	2.5
69	3.0
중력 삐에로	3.5
마왕	3.5
명랑한 갱의 일상과 습격	4.0
명랑한 갱이 지구를 돌린다	4.0
골든 슬럼버	4.5
사신 치바	3.5
두 도시 이야기	4.0
리진	3.0
햄릿	4.5
리어 왕	3.0
로미오와 줄리엣	3.5
가시고기	3.0
은하수를 여행하는 히치하이커를 위한 안내서 - 합본	5.0
내 이름은 빨강	4.5
퇴마록 : 국내편	5.0
퇴마록 : 말세편	5.0
퇴마록 : 혼세편	5.0
왜란 종결자	5.0
퇴마록 : 세계편	5.0
마션	4.0
속죄	4.0
고백	4.0
흑과 다의 환상 -	5.0
여섯 번째 사요코	3.5
빛의 제국	4.0
굽이치는 강가에서	3.5
삼월은 붉은 구렁을	3.5
불안한 동화	3.5
유지니아	4.0
엔드 게임	3.5
도서실의 바다	3.5
황혼녘 백합의 뼈	3.5
나뭇잎 사이로 비치는 햇살 속을 헤엄치는 물고기	3.5
금지된 낙원	3.0
네크로폴리스	5.0
초콜릿 코스모스	5.0
메이즈	3.5
목요조곡	4.0
한낮의 달을 쫓다	3.0
어제의 세계	3.0
우리 집에서는 아무 일도 일어나지 않는다	3.0
몽위	3.5
밤의 피크닉	5.0
빅 픽처	3.0
셜록 홈즈 전집 1	5.0
이유	3.5
낙원	4.0
크로스파이어	3.0
화차	4.5
모방범	4.0
댈러웨이 부인	3.5
아가미	4.0
베로니카, 죽기로 결심하다	3.5
피에트라 강가에서 나는 울었네	4.0
11분	3.5
오 자히르	3.5
연금술사	4.5
천사와 악마	3.0
다 빈치 코드	4.0
디지털 포트리스	2.5
두근두근 내 인생	5.0
바깥은 여름	3.5
꿈꾸는 책들의 도시	4.0
현의 노래	3.0
칼의 노래	2.5
명탐정 코난	3.0
앵무새 죽이기	3.0
원피스 ONE PIECE	5.0
참을 수 없는 존재의 가벼움	3.5
한국이 싫어서	2.5
해리 포터와 죽음의 성물	3.5
해리 포터와 혼혈왕자	3.5
해리 포터와 불사조 기사단	3.5
해리 포터와 불의 잔	4.0
해리 포터와 아즈카반의 죄수	5.0
해리 포터와 비밀의 방	4.0
해리 포터와 마법사의 돌	5.0
데미안	3.5
입 속의 검은 잎	3.5
구해줘	3.0
사랑하기 때문에	3.0
당신, 거기 있어 줄래요?	3.5
백야행	4.5
몽환화	3.0
나미야 잡화점의 기적	3.5
레몬 Lemon	3.0
탐정 클럽	3.0
용의자 X의 헌신	3.5
퍼레이드	3.5
남쪽으로 튀어!	3.5
공중그네	3.5
어린 왕자	3.5
요츠바랑!	3.5
아낌없이 주는 나무	3.5
해변의 카프카	5.0
천사들의 제국	3.5
상대적이며 절대적인 지식의 백과사전	3.0
파피용	3.0
나무	2.5
타나토노트	5.0
뇌	5.0
개미	5.0
개미혁명	5.0
아버지들의 아버지	3.0
7년의 밤	4.0
종의 기원	3.0
채식주의자	2.0
바람이 분다, 가라	4.0
사랑으로 힐링하라	1.0
나는 가해자의 엄마입니다	3.0
채홍	3.5
소녀	3.0
82년생 김지영	3.0
