﻿걷는 사람, 하정우	4.0
쓸 만한 인간	2.5
문재인의 운명	3.5
암스 Arms 완전판	5.0
가면 산장 살인 사건	4.0
라틴어 수업	4.0
아저씨 도감	4.5
오리진	3.0
하정우, 느낌 있다	5.0
구니스와 함께한 3주	4.0
힐빌리의 노래	3.0
의천도룡기	5.0
신조협려	5.0
소설 영웅문 제2부 - 영웅의 별	5.0
소설 영웅문 제1부 - 몽고의 별	5.0
양들의 침묵	5.0
MB의 비용	1.5
파리에선 그대가 꽃이다	2.5
스페인, 너는 자유다	2.5
벌집을 발로 찬 소녀	3.0
불을 가지고 노는 소녀	3.0
여자를 증오한 남자들	4.0
나는 즐라탄이다	3.0
괭이부리말 아이들	2.0
자존감 수업	3.0
나의 남자	2.5
자유로울 것	2.5
바나나 키친	3.5
디셉션 포인트	4.0
별빛은 쏟아지고	3.0
신들의 풍차	3.0
영원한 것은 없다	3.0
게임의 여왕	3.0
텔미 유어 드림	3.0
아르헨티나 할머니	4.0
H2 1	4.0
북두의 권	3.0
살인의 해석	3.0
지문사냥꾼	3.0
프로파일러 표창원의 사건 추적	3.0
연어	2.0
의자놀이	3.5
수짱의 연애	5.0
광수생각	2.0
개를 훔치는 완벽한 방법	5.0
화성에서 온 남자 금성에서 온 여자	2.0
로스트 심벌	5.0
백범일지	2.0
아내가 결혼했다	4.0
마스터 키튼	5.0
지도 밖으로 행군하라	1.0
한비야의 중국견문록	1.0
영혼을 위한 닭고기 수프 1	0.5
장미의 이름	4.0
유시민의 공감필법	3.0
삼국지	4.0
인페르노	3.0
시크릿	0.5
배려	2.0
허삼관 매혈기	4.0
배가본드	4.0
태도에 관하여	3.0
20세기 소년	5.0
체 게바라 평전	3.0
나의 친애하는 적	3.0
천사와 악마	5.0
스눕	1.0
슬램덩크	5.0
마케팅 천재가 된 맥스	1.0
H2 오리지널	5.0
해변의 카프카	5.0
픽사 이야기	3.0
몬스터	5.0
신과 함께 : 이승편	4.0
신과 함께 : 신화편	4.0
에너지 버스	1.0
미생	5.0
드래곤 볼	5.0
신과 함께 : 저승편	4.0
향수	4.0
설득의 심리학	2.0
이노베이터	2.0
덕혜옹주	3.0
나의 라임 오렌지나무	3.0
생각하는 미친놈	3.0
슈독 : 나이키 창업자 필 나이트 자서전	4.0
한권으로 읽는 고려왕조실록	4.0
어린 왕자	3.0
성공하는 사람들의 7가지 습관	0.5
덕혜옹주	3.0
82년생 김지영	5.0
개미	3.5
강신주의 감정수업	2.5
이갈리아의 딸들	4.0
화성에서 온 남자 금성에서 온 여자	2.0
더 리더 - 책 읽어주는 남자	2.5
봉순이 언니	3.0
아홉살 인생	3.0
파피용	3.0
나무	3.0
연금술사	1.5
삼국지	4.0
1Q84	4.0
창문 넘어 도망친 100세 노인	5.0
영어공부 절대로 하지마라! 	2.5
다 빈치 코드	4.0
총 균 쇠	3.0
설득의 심리학	2.0
가시고기	2.5
하악하악	0.5
