﻿숨결이 바람 될 때	4.0
변하는 것과 변하지 않는 것	1.5
살인자ㅇ난감 -	4.0
To All the Boys I've Loved Before	2.0
13 Reasons Why	4.0
물은 답을 알고 있다	0.5
카케구루이	4.0
이토 준지의 고양이일기 욘&무	3.5
2019 한국이 열광할 세계 트렌드	0.5
어린 왕자	4.5
미저리	5.0
만화로 배우는 곤충의 진화	4.0
골든아워	4.5
사무인간의 모험	3.0
Pachinko	5.0
27년 동안 영어 공부에 실패했던 39세 김과장은 어떻게 3개월 만에 영어 천재가 됐을까	3.5
다이어트의 정석	5.0
Call Me by Your Name	4.0
핑거스미스	4.5
헬스의 정석 : 근력운동 편	4.0
헬스의 정석	5.0
엘리베이터에 낀 그 남자는 어떻게 되었나	4.0
성격의 탄생	4.0
트라우마는 어떻게 유전되는가	4.0
이방인	4.5
아내를 모자로 착각한 남자	4.5
원펀맨 One Punch Man	4.0
코스모스	5.0
샤이닝 	3.0
좀비 서바이벌 가이드	3.0
괴물의 심연	4.0
아내가 결혼했다	4.0
트렌드 코리아 2018	1.5
소용돌이 합본판	5.0
사람아 아, 사람아!	1.5
지독한 하루	2.5
사막의 꽃	4.0
김영하 이우일의 영화이야기	3.5
당신의 주말은 몇 개입니까	2.0
만약은 없다	4.0
혼자만 잘 살믄 무슨 재민겨	2.0
굴 소년의 우울한 죽음	3.5
New 근육운동가이드	5.0
세계 제일 마술사 이은결의 눈으로 배우는 마술책 Magic 비디오 + 2개	3.0
고양이의 기분을 이해하는 법	5.0
The Blue Day Book 누구에게나 우울한 날은 있다	3.5
상대적이며 절대적인 지식의 백과사전	1.5
논리야 놀자	4.0
어디선가 나를 찾는 전화벨이 울리고	3.5
타나토스	4.0
스푸트니크의 연인	4.0
아미빅	5.0
6번 염색체	4.0
암센터	4.0
브레인	4.5
바이탈 사인	4.0
바이러스	4.0
코마	4.0
웰컴 투 더 언더그라운드	4.0
마이너리그	2.5
바이올렛	3.5
그러니까 당신도 살아	3.0
기형도 산문집	5.0
사랑을 잃고 나는 쓰네	5.0
기형도 전집	5.0
스틸 앨리스	5.0
우울과 몽상	5.0
벤자민 버튼의 시간은 거꾸로 간다	4.5
사람은 무엇으로 사는가	4.0
차라투스트라는 이렇게 말했다	4.5
좁은문	4.5
테레즈 라캥	5.0
목걸이	5.0
아Q정전	4.0
악마와 미스 프랭	4.0
콘트라베이스	4.5
책상은 책상이다	5.0
11분	4.0
슬픔의 밑바닥에서 고양이가 가르쳐준 소중한 것	3.5
빅머니	3.0
공중정원	3.0
피아니시모 피아니시모	3.0
애시 베이비	5.0
시모츠마 이야기	5.0
불륜과 남미	3.0
빙점 -	4.0
라쇼몬	4.0
반딧불이	3.5
웨하스 의자	3.0
울 준비는 되어 있다	3.0
코인로커 베이비스	4.0
장미 비파 레몬	3.0
양을 둘러싼 모험	3.0
암리타	3.0
뱀에게 피어싱	5.0
69	4.0
낙하하는 저녁	3.0
애프터 다크	3.5
발로 차 주고 싶은 등짝	3.5
공중그네	3.0
소설가 구보씨의 일일	5.0
부끄러움을 가르칩니다	5.0
검은 설탕이 녹는 동안	4.5
B사감과 러브레터	4.0
도레미파솔라시도 - 전2권	0.5
쉿	2.5
내 마음의 포르노그라피	4.0
나는 야한 여자가 좋다	4.0
독 짓는 늙은이	4.0
어느날 갑자기	2.5
꿈꾸는 식물	5.0
비밀과 거짓말	5.0
그해 겨울은 따뜻했네	4.0
등신불	4.0
광염 소나타 외	5.0
풀이 눕는다	3.0
아홉 켤레의 구두로 남은 사내	5.0
오래된 정원	4.0
사부님 싸부님	4.0
병신과 머저리	4.0
감자	4.0
나마스테	3.5
삼대	5.0
미실	2.5
황만근은 이렇게 말했다	4.0
친절한 복희씨	4.0
벽오금학도	5.0
기차는 7시에 떠나네	4.0
오발탄	5.0
아름다움이 나를 멸시한다	4.0
마지막 춤은 나와 함께	4.0
지구영웅전설	3.5
카스테라	3.0
이윤기의 그리스 로마 신화	3.5
향연	3.5
먼나라 이웃나라	4.0
나는 아내와의 결혼을 후회한다	4.0
정의란 무엇인가	2.5
지도 밖으로 행군하라	1.0
연탄길	2.5
변신	5.0
광장/구운몽	4.0
운수 좋은 날 「현진건」	4.0
향수	3.5
인간 실격	4.5
난장이가 쏘아올린 작은 공	4.0
해변의 카프카	4.0
어린 왕자	3.0
위대한 개츠비	3.5
리진	2.5
양을 쫓는 모험 (상)	3.0
양을 쫓는 모험 (하)	3.0
소피의 세계	5.0
오 자히르	4.0
독일인의 사랑 - 전2권 (한글판 + 영문판)	5.0
도쿄 기담집	3.0
나르치스와 골드문트	5.0
호텔 선인장	3.0
국경의 남쪽, 태양의 서쪽	3.5
피에트라 강가에서 나는 울었네	4.0
화	3.0
하드보일드 하드 럭	3.0
바람의 노래를 들어라	3.5
트렌드 코리아 2017	0.5
벚꽃지는 계절에 그대를 그리워하네	4.5
새의 선물	4.5
사랑 후에 오는 것들	3.0
신경림의 시인을 찾아서	3.0
세계의 끝과 하드보일드 원더랜드	3.5
태엽 감는 새	3.0
마당깊은 집	3.5
화차	3.5
오빠가 돌아왔다	3.0
무라카미 하루키 잡문집	3.0
트렌드 코리아 2016	1.5
퀴즈쇼	0.5
묵향	1.5
이클립스	3.0
뉴문	3.0
시계태엽 오렌지	4.5
