﻿공부하는 힘	1.5
몰입 - 인생을 바꾸는 자기 혁명	2.0
나는 고양이로소이다	2.5
나는 행운아로 살기로 했다	0.5
영원의 철학	1.0
악마의 놀이	3.0
그런데, 삶이란 무엇인가	2.5
돈의 물리학	2.5
심리의 책	2.5
남자 리뉴얼	1.5
동물과 대화하는 아이 티피	2.0
5년 후 나에게 - Q&A a day	4.0
부의 추월차선	4.5
백만불짜리 습관	4.5
무조건 행복할 것	3.0
러브크래프트 전집 1	1.0
살인자의 건강법	3.5
이토록 아름다운 세 살	3.5
냉정과 열정사이 Rosso	2.5
도쿄 타워	1.5
루이스 수아레스 마이 스토리	2.5
아빠를 팝니다	0.5
무지개 가게	3.5
검은 선	3.5
완벽한 공부법	2.5
나는 이렇게 나이들고 싶다	2.5
사나운 새벽	2.0
퇴마록 : 국내편	3.0
폴라리스 랩소디	2.5
혼자 잘해주고 상처받지 마라	2.5
봉순이 언니	2.5
사람풍경	3.5
호감도 200% up 시키는 대화 기술	2.0
다 쓰고 죽어라	4.0
지루한 사람과 어울리지 마라	2.0
핑퐁	2.0
베리 심플	1.5
이웃집 소녀	4.0
나는 왜 이 일을 하는가?	4.0
준비된 행운	2.0
성공하는 사람들의 7가지 습관	2.5
소중한 것을 먼저하라	3.5
사람 참 안죽더라	3.0
요리로 만나는 과학 교과서	1.0
장발장	3.5
노빈손의 버뮤다 어드벤처	2.0
좀머 씨 이야기	2.0
나니아 연대기	4.5
데로드 & 데블랑	4.0
묵향	3.0
하얀 로냐프 강 1부 1 2 3 2부 5	2.5
심리학의 즐거움	4.5
규토대제	2.5
하얀 로냐프 강	2.5
여왕의 창기병	3.0
문득 사람이 그리운 날엔 시를 읽는다	3.5
살면서 쉬웠던 날은 단 하루도 없었다	3.5
광수생각	3.0
광수생각 : 오늘, 나에게 감사해	3.0
과학, 그거 어디에 써먹나요?	2.0
아이 러브 드림	3.5
잠들기 전에 읽는 긍정의 한 줄	3.0
위로의 그림책	2.0
햄릿	3.0
리어 왕	3.0
하루일기	2.5
커피프린스 1호점	3.0
이케다 다이사쿠 명언 100선	2.0
러브크래프트	2.0
내몸 사용설명서	4.0
Smile Again	3.5
카페 도쿄	2.0
죽기 전에 더 늦기 전에	4.5
바람이 분다 당신이 좋다	1.0
1리터의 눈물	4.0
고마워요, 소울메이트	3.5
나는 아직, 어른이 되려면 멀었다	3.5
골든 티켓	3.0
돈의 함정	3.0
나는 지갑이다	4.5
열혈강호	4.5
해리 포터와 불의 잔	4.5
용의자 X의 헌신	4.5
콘크리트 블론드	4.0
봉신연의	4.0
홈즈가 보낸 편지	2.0
블랑 망토 거리의 비밀	2.0
언제까지나 너를 사랑해	4.5
장사의 神	4.0
2억 빚을 진 내게 우주님이 가르쳐준 운이 풀리는 말버릇	2.5
완벽에의 충동	3.5
왕좌의 게임	4.5
큰소리 영어 학습법	3.0
잘 지내나요, 내 인생	3.0
밑줄 따라 말하는 영어 동화	3.5
클라라 죽이기	3.0
사조영웅전	4.5
나를 기억하니	4.0
곰돌이 푸, 행복한 일은 매일 있어	3.5
백만장자 지도	4.0
유리가면	4.5
슬램덩크 오리지널 박스판 세트 - 전5권	4.5
Life of Pi (Paperback, International Edition)	4.5
우리는 사소한 것에 목숨을 건다	2.5
우리는 사소한 것에 목숨을 건다 2	3.0
왓칭 Watching	2.5
오디션	4.0
클레이모어 Claymore 13	4.0
여섯 번째 사요코	3.5
천국에서 만난 다섯 사람	3.0
신조협려	4.5
새로운 발상의 비밀	2.0
원더랜드	2.5
우리 집에서는 아무 일도 일어나지 않는다	3.5
플라나리아	3.0
편의점 인간	3.5
엔젤전설	4.5
소년탐정 김전일	4.0
장난감 수리공	4.0
드래곤 라자	4.0
바람의 마도사	3.5
앙신의 강림	4.0
사라바	2.5
피니시	4.0
아들아 시간을 낭비하기에는 인생이 너무 짧다	2.5
내 아들아 너는 인생을 이렇게 살아라	2.5
백만 번의 프로포즈 - 오디오 CD	2.5
원조! 괴짜가족 27	3.5
엔젤전설 애장판	4.5
신 암행어사 1	4.0
도서실의 바다	3.0
유지니아	3.5
백야행	4.5
플래티나 데이터	3.0
매스커레이드 호텔	4.0
살인의 기술	3.5
해리 포터와 죽음의 성물	4.5
데스 노트 Death Note	4.0
나를 힘들게 한 건 언제나 나였다	4.5
오늘은 서비스데이	2.5
바보	4.5
일쌍다반사	3.0
당신의 모든 순간	4.5
조명가게	4.0
아파트	4.5
마녀	4.0
그대를 사랑합니다	4.5
소설 녹정기 세트 - 전12권	4.0
절망노트	4.5
자물쇠가 잠긴 방	3.0
삼국지	3.5
의천도룡기	4.5
소설 영웅문 제2부 - 영웅의 별	4.0
일하지 않을 권리	3.0
다크 존	3.0
신경 끄기의 기술	4.5
일단 오늘은 나한테 잘합시다	0.5
사랑은 달아서 끈적한 것	2.5
2WEEKS 나를 바꾸는 2주 프로젝트	2.0
하루 벌어 살아도 괜찮아	2.0
미스터 초밥왕	3.0
심야식당	2.0
슬램덩크	4.5
왕들의 전쟁	4.5
클레이모어 Claymore 12 3 15 18 19	4.0
킹덤 Kingdom 1 3 9 10 17 18	4.5
도박묵시록 카이지	4.5
삼국지	3.5
진격의 거인	4.5
배가본드	4.0
성검의 폭풍	4.5
지문사냥꾼	1.5
데일 카네기 자기관리론	5.0
변화의 즐거움	4.5
드래곤 볼	4.0
천재가 된 제롬	2.0
20세기 소년	4.5
베르세르크	5.0
나는 어제 나를 죽였다	4.0
종료되었습니다	3.5
꽃보다 남자	4.0
용의자 X의 헌신	4.5
하늘과 바람과 별과 詩	2.5
해리 포터와 아즈카반의 죄수	4.5
영어공부 절대로 하지마라! 	3.0
기생수	4.5
GTO 애장판	4.5
H2 오리지널	4.0
1cm 경제학	3.5
무궁화 꽃이 피었습니다	2.5
카네기 인간관계론	5.0
사람을 얻는 기술	2.5
악의 교전	4.0
13번째 인격	4.0
크림슨의 미궁	2.5
천사의 속삭임	3.5
푸른 불꽃	4.0
신세계에서	2.5
검은 집	4.5
소설 영웅문 제1부 - 몽고의 별	4.5
설득의 심리학	4.0
나에겐 분명 문제가 있다	3.0
어느 독서광의 생산적 책읽기 50	3.5
장사, 이번엔 제대로 해보자	4.0
평생 단 한번의 만남	1.5
벚꽃지는 계절에 그대를 그리워하네	5.0
모방범	5.0
먼나라 이웃나라	4.5
월리를 찾아라! 	1.5
오체 불만족	3.0
아침형 인간	2.5
해리 포터와 마법사의 돌	5.0
습관의 힘	4.0
해리 포터와 비밀의 방	5.0
해리 포터와 혼혈왕자	5.0
1Q84	3.5
국화꽃 향기	3.5
오만과 편견	4.0
FBI 행동의 심리학	4.0
가시고기	3.5
끌리는 사람은 1%가 다르다	4.5
마시멜로 이야기	4.0
