﻿모바일	4.5
1984	4.5
최신 네트워크 용어 해설	5.0
Why? 세계사 미국	3.5
친절한 과학사전 정보 편	3.5
야밤의 공대생 만화	4.0
사물인터넷	2.5
Why? 로켓과 탐사선	3.5
Why? 물	3.0
Why? 정보통신	4.0
Why? 자연재해	3.0
Why? 바다	3.0
Why? 스포츠 과학	3.5
Why? 날씨	3.0
Why? 지구	2.5
Why? 동물	3.0
Why? 갯벌	3.0
Why? 응급처치	2.5
Why? 미생물	2.5
Why? 별과 별자리	3.0
Why? 환경	3.0
Why? 식물	3.0
Why? 곤충	3.0
Why? 화석	3.0
Why? 생명과학	3.0
Why? 남극.북극	3.0
Why? 동굴	3.0
Why? 화학	3.0
Why? 외계인과 UFO	3.5
Why? 물리	4.0
Why? 인체	3.0
Why? 질병	3.5
Why? 독 있는 동식물	3.0
Why? 우주	3.5
Why? 똥	3.0
Why? 사춘기와 성	3.5
Why? 로봇	3.0
Why? 컴퓨터	4.0
영화로 보는 미국 : 할리우드 영화의 문화적 의미	2.5
신비한 동물 사전	4.5
셰이프 오브 워터	4.5
21세기를 지배하는 10대 공학기술	3.0
클라우스 슈밥의 제4차 산업혁명	2.0
신경망 첫걸음	4.5
동물 상식백과	4.0
퀴즈! 과학상식 : 불가사의	3.5
책 먹는 여우	3.5
정재승의 과학 콘서트	3.5
좀비 서바이벌 가이드	4.0
EBS 수능특강 5분 사탐 사회.문화	3.5
스티브 잡스의 프레젠테이션	4.5
악당의 명언	4.5
과학하고 앉아있네 5 : 윤성철의 별의 마지막 모습, 초신성	3.0
모든 순간의 물리학	2.5
해리 포터와 저주받은 아이 (스페셜 리허설 에디션 대본)	4.5
사향고양이의 눈물을 마시다	5.0
상어는 왜?	4.5
뇌력사전	3.5
기발한 과학책	3.5
인터스텔라의 과학	4.5
모바일	4.5
모바일 트렌드 2017	4.0
모바일 트렌드 2016	4.0
모바일 트렌드 2015	3.5
2016 한국을 바꾸는 10가지 ICT 트렌드	3.5
