﻿종의 기원	3.0
이기적 유전자	5.0
파리의 아파트	3.0
돈이 없을수록 서울의 아파트를 사라	3.5
넛지	4.0
로마인 이야기 	4.5
부동산 투자 이렇게 쉬웠어?	4.0
명견만리 : 새로운 사회 편	3.5
넛셸	2.5
회사의 언어	3.0
이상한 나라의 앨리스	3.0
호모 데우스	4.5
안나 카레니나	5.0
센서티브	3.0
마담 보바리	5.0
위대한 개츠비	5.0
자기만의 방	4.5
에덴의 동쪽	4.5
테레즈 라캥	5.0
그릿 GRIT	4.5
제로 투 원	3.0
오리지널스	4.0
총 균 쇠	5.0
사피엔스	5.0
지적 대화를 위한 넓고 얕은 지식 : 현실 세계 편	4.0
국가란 무엇인가	4.5
클라우스 슈밥의 제4차 산업혁명	3.5
설국	4.5
예감은 틀리지 않는다	3.5
채식주의자	5.0
인간 실격	5.0
롤리타	5.0
나미야 잡화점의 기적	3.5
노르웨이의 숲	5.0
