﻿판결 VS 판결	4.0
2018 제9회 젊은작가상 수상작품집	4.0
호모 데우스	4.5
7년의 밤	4.5
어떻게 살 것인가	4.5
사랑하는 사람이 우울증에 빠졌을 때	4.0
스타벅스, 공간을 팝니다	3.5
운다고 달라지는 일은 아무것도 없겠지만	4.5
파피용	4.5
나무	4.0
앵무새 죽이기	3.5
냉정과 열정사이 Blu	4.5
사람의 아들	4.5
냉정과 열정사이 Rosso	4.0
죽음을 넘어 시대의 어둠을 넘어	4.5
빽넘버	2.0
낭만적 연애와 그 후의 일상	4.0
왜 나는 너를 사랑하는가	4.0
스키너의 심리상자 열기	4.5
잠	4.0
잠	3.0
지모와 책략	3.0
라틴어 수업	3.5
[보급판] 스키너의 심리상자 열기	4.5
부의 추월차선	4.0
나미야 잡화점의 기적	4.0
선대인의 대한민국 경제학	4.0
인문학으로 광고하다	4.0
사피엔스	4.5
말의 품격	3.5
지적 대화를 위한 넓고 얕은 지식 : 현실 세계 편	4.5
종의 기원	4.5
