﻿유미의 세포들	4.0
정치학총론	3.5
행정법 연습	4.0
행정법 핸드북	4.5
2017 진도별 행시.변시.사시기출 행정법 사례연습	3.5
행정법 엑기스	3.5
재미있는 행정학	4.0
미시경제학	4.0
거시경제론 연습문제 해설집	3.5
거시경제학	3.5
거시경제학 연습문제 풀이	3.5
신 암행어사 1	3.5
강철의 연금술사	3.5
라틴어 수업	3.5
만들어진 신	3.5
총 균 쇠	4.0
북유럽 신화	3.5
포켓몬스터 스페셜 	4.0