﻿진격의 거인	2.5
더 파이팅 The Fighting	4.0
소설로 읽는 셰익스피어 4대 비극	4.5
셰익스피어 5대 희극 (소)	4.5
셰익스피어 4대 비극	4.5
셰익스피어 4대비극	4.5
셰익스피어 5대 희극	4.5
셰익스피어 4대 비극 (소)	4.5
셰익스피어 4대 희극	4.5
셰익스피어 4대 비극 5대 희극	4.5
셰익스피어 4대 비극	4.5
셰익스피어 5대 희극	4.5
개밥바라기별	2.5
셰익스피어 4대 비극	4.5
베니스의 상인	4.5
백설공주에게 죽음을	4.0
어린 왕자	5.0
눈먼 자들의 도시	4.0
그리고 아무도 없었다	4.5
살인자의 기억법	3.5
해리 포터와 불사조 기사단	4.5
동물농장	5.0
천 번을 흔들려야 어른이 된다	0.5
멈추면, 비로소 보이는 것들	5.0
멈추면, 비로소 보이는 것들	5.0
무소의 뿔처럼 혼자서 가라	3.0
나는 세계 일주로 경제를 배웠다	2.0
나는 아직, 어른이 되려면 멀었다	2.0
그들이 말하지 않는 23가지	4.0
우동 한 그릇	3.0
지식 e - 시즌 1	4.5
어린왕자	5.0
GTO 애장판	4.5
웃음	3.0
광고천재 이제석	4.5
카산드라의 거울	3.0
그놈은 멋있었다	3.0
즐거운 나의 집	3.0
바람의 검심	4.5
날개	3.0
카네기 인간관계론	5.0
황태자비 납치사건	3.0
배가본드	4.5
광수생각	5.0
베르나르 베르베르의 상상력 사전	4.0
어린 왕자	5.0
도레미파솔라시도	4.0
얼굴 빨개지는 아이	3.0
책은 도끼다	3.0
한여름 밤의 꿈	4.5
네가 어떤 삶을 살든 나는 너를 응원할 것이다	5.0
내 심장을 쏴라	3.0
칼의 노래	4.0
타나토노트	4.0
바리데기	3.0
연을 쫓는 아이	5.0
덕혜옹주	3.0
소나기	4.0
뇌	4.5
반지의 제왕	4.5
데스 노트 Death Note	4.5
어린 왕자	5.0
왜 나는 너를 사랑하는가	4.0
덕혜옹주	3.0
시크릿	4.0
하악하악	1.5
정의란 무엇인가	4.0
구해줘	2.5
빅 픽처	4.5
운수 좋은 날 「현진건」	4.0
7년의 밤	4.5
우리들의 행복한 시간	2.5
도가니	3.0
어린 왕자	5.0
해리 포터와 불의 잔	4.0
해리 포터와 아즈카반의 죄수	4.0
아프니까 청춘이다	0.5
어린 왕자	5.0
엄마를 부탁해	2.5
해리 포터와 혼혈왕자	4.0
해리 포터와 비밀의 방	4.0
해리 포터와 마법사의 돌	4.5
무궁화 꽃이 피었습니다	3.0
노르웨이의 숲	4.5
운수좋은 날	4.0
개미	3.0
1Q84	4.0
마시멜로 이야기	4.5
화성에서 온 남자 금성에서 온 여자	4.5
백야행	3.0
식객	5.0
나미야 잡화점의 기적	4.0
파피용	5.0
나의 라임 오렌지 나무	5.0
어린 왕자	5.0
사랑하기 때문에	3.0
해를 품은 달	3.5
나의 라임 오렌지나무	5.0
용의자 X의 헌신	4.0
신	5.0
어린 왕자	5.0
위대한 개츠비	5.0
은교	4.5
돈키호테	4.0
종이 여자	3.5
동물농장	5.0
천사들의 제국	4.0
채식주의자	4.0
용의자 X의 헌신	4.0
가시고기	4.5
원미동 사람들	3.0
어디선가 나를 찾는 전화벨이 울리고	3.0
원피스 ONE PIECE	3.0
연금술사	3.5
고백	3.0
나무	3.5
해변의 카프카	4.5
난장이가 쏘아올린 작은 공	4.0
향수	3.5
82년생 김지영	0.5
