﻿설국	4.0
루미너리스	3.0
암스테르담	3.0
딴짓의 재발견 첫번째 이야기	3.5
그렇게 쓰여 있었다	1.0
레베카	4.0
강신주의 감정수업	3.0
맨스필드 파크	2.5
결혼하지 않아도 괜찮을까?	3.0
녹턴	3.0
계속해보겠습니다	3.5
여자의 독서	3.0
구스타프 소나타	4.0
유년의 뜰	4.5
고양이 요람	4.0
그리고 신은 얘기나 좀 하자고 말했다	4.0
내 나이 마흔, 오륜서에서 길을 찾다	2.5
국경시장	4.0
총 균 쇠	4.0
하울의 움직이는 성	4.0
대담한 작전	3.0
루시 골트 이야기	3.5
은하철도의 밤 (한국어판)	4.0
여자들은 자꾸 같은 질문을 받는다	4.5
피에로들의 집	3.0
우리는 언젠가 죽는다	4.0
할아버지의 기도	4.0
아르테미스	3.0
세상에 예쁜 것	3.5
여자라는 종족	3.0
조이스 캐롤 오츠 : 작가의 신념	3.0
나미야 잡화점의 기적	3.5
폭스파이어	4.0
태풍이 지나가고	3.5
13.67	4.0
사람아 아, 사람아	4.0
사람아 아, 사람아!	4.0
잃어버린 시간을 찾아서	4.0
목요조곡	2.5
집으로 가는 먼 길	3.0
부유하는 세상의 화가	3.0
긍정의 배신	3.0
사라진 직업의 역사	2.0
타고난 거짓말쟁이들	3.0
철학자와 늑대	3.5
김 박사는 누구인가?	3.5
작가란 무엇인가 1	4.0
작가란 무엇인가 2	3.0
작가란 무엇인가 3	3.5
백석 평전	4.0
베스트셀러의 역사	2.5
타인의 고통	4.0
잠의 사생활	3.0
왜 세계의 절반은 굶주리는가?	4.0
발자크와 바느질하는 중국소녀	3.5
전을 범하다	3.0
잔혹함에 대하여	3.5
인생이 빛나는 정리의 마법	2.5
그들	3.5
금수	4.0
쌤통의 심리학	3.0
인생 수정	4.0
강남의 탄생	2.5
사랑의 생애	3.0
뭇 산들의 꼭대기	4.0
파씨의 입문	4.0
브람스를 좋아하세요...	4.0
멀고도 가까운	4.0
소년이 온다	4.0
L의 운동화	3.5
한 명	3.5
옥수수와 나	4.0
맛	3.0
그저 좋은 사람	3.5
축복받은 집	3.5
밴버드의 어리석음	3.0
오렌지만이 과일은 아니다	3.0
심판	4.0
빨간 머리 앤	4.5
로빈슨 크루소	3.5
마지막 수업.별	4.0
햄릿	3.0
아라비안 나이트 1	2.5
변신.시골의사	3.5
마지막 잎새	3.0
그것	3.5
퀴즈쇼	3.0
기적의 혼자공부법	1.5
그리스인 이야기 	3.5
엄마의 골목	3.0
발터 벤야민의 공부법	2.5
야행	3.0
나를 찾아줘	3.5
나를 부르는 숲	4.0
독서 천재가 된 홍대리	3.0
질문하는 책들	4.0
사랑의 기초 : 한 남자	3.5
할머니는 죽지 않는다	2.0
우리가 얼굴을 찾을 때까지	5.0
은행이 멈추는 날	4.0
누구나 한번쯤 철학을 생각한다	3.0
플래너리 오코너	3.5
엄마는 페미니스트	4.0
한 톨의 밀알	3.5
기적의 인문학독서법	2.0
공자 혁명	3.0
에피소드로 읽는 서양철학사	3.0
하루 2시간 몰입의 힘	2.0
침묵의 봄	4.0
줄무늬 파자마를 입은 소년	3.5
제발 조용히 좀 해요	4.0
추락	3.5
핏빛 자오선	3.5
나의 미카엘	3.5
달콤한 내세	3.5
도넛을 구멍만 남기고 먹는 방법	3.0
디어 라이프	3.5
나무	3.5
소녀들의 심리학	2.5
사랑받을 권리	3.0
생각의 탄생	4.0
떠나간 자와 머무른 자	3.5
홀로서기	3.0
새로운 이름의 이야기	3.5
나의 눈부신 친구	4.5
혐오사회	4.0
같이 걷기	3.0
더 내려놓음	3.0
내려놓음	4.0
기대	3.0
한 말씀만 하소서	4.0
빌 브라이슨 발칙한 영국산책	4.0
천천히, 스미는	4.0
간호사라서 다행이야	3.0
노예 12년	4.0
오늘 더 사랑해	2.0
우리가 사랑한 소설들	3.0
시민의 불복종	3.5
메이드 인 공장	2.0
대책 없이 해피엔딩	3.0
기타노 다케시의 생각노트	2.5
공지영의 수도원 기행 	3.5
어른이 되어 더 큰 혼란이 시작되었다	4.0
밤이 선생이다	3.5
딸에게 주는 레시피	2.5
빨강머리 앤이 하는 말 (스페셜 에디션, 양장)	3.0
월든	3.0
감옥으로부터의 사색	3.5
청춘의 문장들	3.5
베르나르 베르베르의 상상력 사전	3.0
창의융합 콘서트	3.0
1년만 닥치고 영어	3.0
익숙한 것과의 결별	4.0
김병완의 초의식 독서법	4.0
고전혁명	4.0
Rush 러쉬!	3.0
꿈꾸는 다락방 2 - 실천편	3.0
1만 시간의 법칙	3.5
픽사 이야기	3.0
티핑 포인트	3.0
나의 가장 나종 지니인 것	4.5
가장 낮은 데서 피는 꽃	3.0
엄마의 돈 공부	2.0
샐러드를 좋아하는 사자	3.0
채소의 기분, 바다표범의 키스	3.0
시대의 소음	3.5
정민 선생님이 들려주는 한시 이야기	3.0
미스터 모노레일	2.0
기차는 7시에 떠나네	3.0
건지 감자껍질파이 북클럽	4.0
풍금이 있던 자리	4.0
댈러웨이 부인	3.0
그 산이 정말 거기 있었을까	4.0
공무도하	3.0
생의 이면	3.0
당신의 그림자는 월요일	2.5
동급생	4.5
콜레라 시대의 사랑	3.5
여름, 어디선가 시체가	2.0
바이올렛	3.5
향수	4.0
매디슨 카운티의 다리	3.5
벤자민 버튼의 시간은 거꾸로 간다 - 전2권 (한글판 + 영문판)	3.5
악기들의 도서관	2.5
달려라, 아비 (큰글자도서)	4.0
웬만해선 아무렇지 않다	3.5
태연한 인생	3.5
나는 농담이다	3.0
오 해피 데이	3.0
1F/B1 일층, 지하 일층	3.0
악의 꽃	3.5
나의 삼촌 브루스 리	3.5
갈팡질팡하다가 내 이럴 줄 알았지	3.5
에브리맨	4.5
할머니가 미안하다고 전해달랬어요	3.0
침묵의 미래	4.0
달에게 들려주고 싶은 이야기	2.5
소송	3.5
누구를 위하여 종은 울리나	3.0
아라비안 나이트	4.0
내 영혼이 따뜻했던 날들	4.5
젊은베르테르의 슬픔	4.0
종이달	4.0
햇빛사냥	3.0
투명인간	3.5
깊은 슬픔	4.0
어린 왕자	5.0
엄청나게 시끄럽고 믿을 수 없게 가까운	4.5
빨강 머리 앤	4.5
두근두근 내 인생 (큰글자도서)	4.5
이성과 감성	4.0
어두운 상점들의 거리	5.0
속죄	5.0
존재의 세 가지 거짓말	5.0
소공녀	3.5
세계의 끝 여자친구	3.0
검은 꽃	3.5
대성당	4.0
벤자민 버튼의 시간은 거꾸로 간다	3.5
당신들의 천국	3.5
잘못은 우리 별에 있어	3.0
너의 목소리가 들려	3.0
파도가 바다의 일이라면	3.0
농담	3.5
백년 동안의 고독	4.5
페스트	4.5
새의 선물	3.5
엘리베이터에 낀 그 남자는 어떻게 되었나	3.0
달려라, 아비	4.0
무의미의 축제	5.0
우리는 사랑일까	4.0
톰 소여의 모험	4.0
즐거운 나의 집	3.0
작은 아씨들	4.0
남쪽으로 튀어!	3.0
외딴방	5.0
화차	4.0
허클베리 핀의 모험	4.0
허삼관 매혈기	3.5
시간을 달리는 소녀	3.0
달콤한 나의 도시	3.0
자기 앞의 생	4.5
비행운	4.0
반짝반짝 빛나는	3.0
죄와 벌	4.0
마당을 나온 암탉	4.0
고래	4.0
키다리 아저씨	4.0
꾸뻬 씨의 행복 여행	4.0
폭풍의 언덕	4.0
은교	3.0
칼의 노래	4.0
무진기행	4.0
죽은 시인의 사회	3.5
창가의 토토	3.5
두근두근 내 인생	3.5
왜 나는 너를 사랑하는가	3.5
젊은 베르테르의 슬픔	4.0
노인과 바다	3.5
난장이가 쏘아올린 작은 공	3.0
어린 왕자	5.0
그래도 꿈꿀 권리	3.0
독서 천재가 된 홍 팀장	2.5
과학인문학으로의 초대	3.0
고래	3.0
역사를 바꾼 17가지 화학 이야기	3.0
넛지	3.5
다섯째 아이	4.5
개구리	4.0
런어웨이	3.5
로드	4.0
한밤의 아이들	4.0
파이 이야기	4.5
예감은 틀리지 않는다	4.5
숨그네	4.0
페스트	4.0
남한산성	3.0
호모 데우스	3.0
나를 보내지 마	4.5
