﻿공간 침입자	3.5
여자들의 무질서	3.5
역사의 형상들	4.0
푸코 & 하버마스 : 광기의 시대, 소통의 이성	3.5
완전한 여성	3.0
철학과 사건	3.5
감시와 처벌	4.0
조르주 바타이유	3.5
비판이란 무엇인가? 자기 수양	3.0
들뢰즈 이해하기	4.5
철학의 재구성	3.5
데리다 & 들뢰즈 : 의미와 무의미의 경계에서	4.0
미셸 푸코와 현대성	4.0
여성성의 신화	4.0
해체와 윤리	4.5
더 나은 논쟁을 할 권리	3.0
타인의 얼굴	4.0
루이 알튀세르의 이데올로기	3.5
푸코, 바르트, 레비스트로스, 라캉 쉽게 읽기	4.0
실존주의는 휴머니즘이다	3.5
뤼스 이리가레	4.0
라오스 셀프 트래블	3.5
지금 여기의 페미니즘×민주주의	3.5
프레임은 어떻게 사회를 움직이는가	4.0
심미주의 선언	4.0
날개	3.5
처음 읽는 프랑스 현대철학	4.0
말	3.5
한국 남성을 분석한다	4.0
시간의 향기	4.0
아름다움의 구원	4.0
나는 루소를 읽는다	4.0
거부당한 몸	4.0
한눈에 읽는 현대 철학	4.0
잘라라, 기도하는 그 손을	3.5
우리의 노동은 왜 우울한가	3.0
페미니즘 철학과 영화 분석	3.5
철학자와 하녀	4.0
폭력과 상스러움	3.5
고독의 매뉴얼	3.5
편견	3.0
마녀 프레임	2.5
왜 지금 한나 아렌트를 읽어야 하는가?	4.0
매달린 절벽에서 손을 뗄 수 있는가?	3.0
자발적 복종	3.0
포비아 페미니즘	0.5
오빠는 필요없다	5.0
시선은 권력이다	3.5
불가능한 것의 가능성	3.5
혐오사회	3.5
세계사 심리코드	3.5
푸코에게 역사의 문법을 배우다	2.5
불안	3.0
랑시에르의 무지한 스승 읽기	4.0
여성괴물, 억압과 위반 사이	4.5
인기 없는 에세이	3.5
무지한 스승	4.0
남자도 모르는 남성에 대하여	2.5
여성혐오, 그 후	3.5
타자의 추방	4.0
피로사회	3.5
무엇이 아름다움을 강요하는가	3.0
생각하는 사회	4.0
마르크스주의자들의 여성해방론	3.5
우리에게도 계보가 있다	3.5
진중권의 생각의 지도	3.5
아주 친밀한 폭력	3.5
사랑은 사치일까?	3.0
나의 페미니즘 공부법	3.0
페미니즘 리부트	3.5
처음 읽는 서양철학사 (개정증보판)	4.0
그런 남자는 없다	4.0
위험한 철학책	4.0
잠깐 애덤 스미스 씨, 저녁은 누가 차려줬어요?	3.0
악어 프로젝트	3.0
문명이 낳은 철학 철학이 바꾼 역사 2	4.0
문명이 낳은 철학 철학이 바꾼 역사 1	4.0
철학을 만나는 시간	4.5
시작하는 철학여행자를 위한 안내서	4.0
철학 광장	4.0
철학 하는 여자가 강하다	3.0
라플라스의 악마, 철학을 묻다	4.0
철학 브런치	4.0
철학 콘서트 3	3.5
철학카페에서 시 읽기	3.5
철학, 역사를 만나다	4.0
철학 콘서트 2	3.5
철학 콘서트 1	3.5
다시 보는 미디어와 젠더	4.0
젠더와 사회	4.0
여성 혐오를 혐오한다	4.0
페미니스트 모먼트	3.5
나쁜 페미니스트	3.0
현대 페미니즘의 테제들	4.0
그럼에도, 페미니즘	3.5
페미니스트 정신분석이론가들	4.0
젠더 감정 정치	4.0
채식주의자 뱀파이어	4.5
낯선 시선	3.5
여성 혐오가 어쨌다구?	3.5
양성평등에 반대한다	3.5
정희진처럼 읽기	4.0
페미니즘의 도전	5.0
