﻿겉,짓,말	3.0
라이어	4.0
무작정 따라하기 후쿠오카 (유후인.벳푸.나가사키.기타큐슈 포함 17개 핵심 지역 올가이드)	4.0
무작정 따라하기 싱가포르	4.0
퇴사준비생의 도쿄	5.0
English Re-Start Basic : 잉글리시 리스타트 베이직편	5.0
김영철.타일러의 진짜 미국식 영어	3.0
사랑의 온도	5.0
행복한 질문	2.0
대한민국 일하기 좋은 기업	3.0
생활코딩! 자바 프로그래밍 입문	5.0
닥치는 대로 끌리는 대로 오직 재미있게 이동진 독서법	4.0
야밤의 공대생 만화	4.0
블랙코미디	4.0
스탠퍼드식 최고의 수면법	4.0
넛지	4.0
나루토 Naruto	3.0
스모모모모모모 지상 최강의 신부 5 6	2.0
선천적 얼간이들	4.0
멘사 위트 퍼즐	2.0
2012 시나공 컴퓨터활용능력 2급 필기	4.0
무작정 따라하기 오사카.교토	4.0
카드캡터 사쿠라 애장판	2.0
죠죠의 기묘한 모험	4.0
삼국지	4.0
커피우유신화	4.0
바쿠만 BAKUMAN	3.0
도박묵시록 카이지	4.0
어서오세요, 305호에!	4.0
덴마 Denma	5.0
나의 히어로 아카데미아 	5.0
카스텔라 레시피	3.0
마음의 소리	2.0
마조 앤 새디	4.0
마린 블루스 2	4.0
데스 노트 Death Note	4.0
이런 영웅은 싫어 1	2.0
헌터x헌터 HunterXHunter	5.0
헬퍼 Hellper	5.0
원피스 ONE PIECE	4.0
슬램덩크	5.0
장난을 잘치는 타카기양	5.0
치즈 인 더 트랩	3.0
신과 함께 : 신화편	2.0
신과 함께 : 저승편	3.0
신과 함께 : 이승편	2.0
누가 울새를 죽였나?	3.0
발로 차 주고 싶은 등짝	2.0
지혜의 심리학	5.0
한밤중에 행진	3.0
그 놈은 멋있었다	1.0
나는 내일, 어제의 너와 만난다	4.0
폰더 씨의 위대한 하루	3.0
스즈미야 하루히의	4.0
한국의 젊은 부자들	4.0
스마트폰 사진찍기	2.0
해피어	5.0
최진기와 함께 읽는 21세기 자본	4.0
나나의 네버엔딩 스토리	4.0
PRIDE 현대카드가 일하는 방식 50 Edition 2	4.0
안 된다고 하지 말고 아니라고 하지 말고	4.0
미래의 속도	3.0
미라이 공업 이야기	5.0
시크릿	1.0
좋은 기업을 넘어... 위대한 기업으로	4.0
청춘의 독서	4.0
1.4킬로그램의 우주, 뇌	5.0
데스 노트 Another Note	4.0
덕질로 인생역전	3.0
정재승의 과학 콘서트	3.0
광고천재 이제석	2.0
삽질정신	3.0
잃지 않는 투자	3.0
이기적 유전자	5.0
김대식의 빅퀘스천	4.0
김대식의 인간 vs 기계	5.0
FBI 행동의 심리학	2.0
포지셔닝	4.0
정의란 무엇인가	5.0
면역에 관하여	4.0
