﻿아들	3.5
도플갱어	3.5
파운데이션	4.0
어나더 에피소드 S	3.5
어나더	4.0
동물농장	3.5
원펀맨 One Punch Man	4.0
EBSi 강의교재 수능개념 국어영역 윤혜정의 개념의 나비효과	3.0
우주를 떠도는 집 라크라이트	3.5
어린 왕자	4.5
마일즈 보르코시건 : 바라야 내전	4.0
마일즈 보르코시건 : 명예의 조각들	4.0
살인예언자 1	4.0
미생	4.0
박사가 사랑한 수식	4.0
클라우드 아틀라스	4.5
우아한 거짓말	3.5
책만 보는 바보	4.0
신과 함께 : 신화편	4.0
위저드 베이커리	4.0
대학일기	4.0
마시멜로 이야기	2.5
신과 함께 : 저승편	5.0
코믹 메이플 스토리 오프라인 RPG	3.0
모털 엔진	5.0
라스트 새크리피스	4.0
스피릿 바운드	4.0
블러드 프롬이즈	4.0
섀도 키스	3.5
새드 일루전	4.0
뱀파이어 아카데미	4.0
대런 섄	4.0
다크 타워 	4.5
아파트	4.0
아낌없이 주는 나무	4.5
혁명이 후끈후끈	3.0
