﻿여행의 기술	4.5
낭만적 사랑과 사회	3.5
이것도 예술이야?	3.5
최고의 석학들은 어떤 질문을 할까?	3.5
스티브 잡스 이야기	3.0
Linear Algebra with Applications	3.0
돈과 인생의 비밀	4.0
스무 살에 읽었으면 흔들리지 않았을 책들	1.0
무소유	5.0
수능대신 세계일주	3.0
나는 바람처럼 자유롭다	4.0
센서티브	3.5
아프니까 청춘이다	4.0
공부하는 힘	5.0
혼자 있는 시간의 힘	3.5
미라클 모닝	3.5
직장인을 위한 긍정의 힘 성공편	3.0
365 매일 쓰는 메모 습관	2.0
간결한 말씀	2.0
행복의 기원	4.0
데일 카네기 자기관리론	3.5
카네기 인간관계론	4.0
스피치와 토론	4.0
가난하다고 꿈조차 가난할 수는 없다	4.5
이중나선	3.5
베르나르 베르베르의 상상력 사전	2.5
불멸의 원자	4.0
신완선 교수의 리얼 옵션	4.0
박영택 창의발상론	3.0
멈추면, 비로소 보이는 것들	4.0
살아 있는 것은 다 행복하라	5.0
내가 찍고 싶은 사진	4.0
지금 이 순간 라오스	4.0
무탄트 메시지	3.5
스물셋, 죽기로 결심하다	3.5
리콴유와의 대화	4.5
유리벽 안에서 행복한 나라	4.0
집요한 상상	4.0
슈독 : 나이키 창업자 필 나이트 자서전	3.0
스티브 잡스	5.0
성공하는 사람들의 7가지 습관	4.0
건투를 빈다	3.0
정의란 무엇인가	4.5
태도에 관하여	1.0
수레바퀴 아래서	4.0
이방인	5.0
로미오와 줄리엣	3.0
파우스트	4.0
오만과 편견	5.0
위대한 개츠비	4.0
어린 왕자	4.5
5년 후 나에게 - Q&A a day	3.0
꾸뻬 씨의 행복 여행	4.0
꾸뻬 씨의 사랑 여행	3.0
