﻿사람은 무엇으로 사는가	3.5
무한동력 1	3.5
올리버 트위스트	4.0
운수 좋은 날 : 현진건 단편전집	4.0
마당을 나온 암탉	3.5
역사란 무엇인가	3.0
오이디푸스 왕	4.0
변신	4.0
눈길 「이청준」	3.5
연어	3.5
나의 라임 오렌지 나무	3.5
좀머 씨 이야기	3.5
오세암	3.5
오셀로	4.0
셜록 홈즈 전집 1	4.0
톰 소여의 모험	4.0
Y의 비극	4.5
셰익스피어 4대 비극	5.0
ABC 살인사건	4.5
비밀의 숲	4.5
순정만화	3.0
오디션	4.0
고도를 기다리며	4.0
베니스의 상인	4.0
오디션	3.5
고구려	3.5
슬램덩크 오리지널 박스판 세트 - 전5권	5.0
변신.시골의사	4.5
수레바퀴 아래서	3.5
맥베스	4.0
몽실 언니	3.5
어린 왕자	5.0
꽃들에게 희망을	3.5
화이	3.0
기사단장 죽이기	2.5
오리엔트 특급살인	5.0
종의 기원	3.5
채식주의자	3.0
7년의 밤	5.0
내 영혼이 따뜻했던 날들	4.0
수업시간 그녀	4.0
사람은 무엇으로 사는가	3.5
레미제라블	5.0
얼굴 빨개지는 아이	3.5
신과 함께 : 신화편	5.0
