﻿이말년 씨리즈 2	4.0
이말년 씨리즈	4.0
무빙	4.5
이끼	4.0
소피의 세계	3.0
대부 시나리오 & 제작노트	5.0
굴 소년의 우울한 죽음	5.0
관계	3.0
눈사람 아저씨	5.0
오른발, 왼발	3.5
줄무늬가 생겼어요	4.5
톰 소여의 모험	5.0
무지개 물고기	4.0
거미와 파리	4.5
멘사 추리 퍼즐	5.0
파페포포 안단테	5.0
파페포포 메모리즈	5.0
파페포포 투게더	5.0
여탕보고서	4.0
은밀하게 위대하게	4.5
후레자식	4.0
소가 된 게으름뱅이	3.5
짜장 짬뽕 탕수육	4.0
곤충 세계에서 살아남기	5.0
강아지똥	5.0
프레드릭	4.0
생각을 모으는 사람	4.0
행복한 청소부	3.5
보리타작 하는 날	3.0
내 이름은 나답게	3.5
만년샤쓰	3.5
꼬르륵 뱃속여행	4.5
언제까지나 너를 사랑해	5.0
책 먹는 여우	3.5
구석구석 인체 탐험	4.0
난 토마토 절대 안 먹어	4.0
깊은 밤 부엌에서	5.0
나쁜 어린이표	3.5
바다에서 살아남기	5.0
초원에서 살아남기	4.0
화산에서 살아남기	5.0
스펀지	5.0
쇼킹한 게 딱 좋아	4.5
누가 내 머리에 똥 쌌어?	4.0
신과 함께 : 저승편	5.0
최고의 스토리보드 만들기	4.0
죽음에 관하여	5.0
박지성, 11살의 꿈 세계를 향한 도전	4.0
투명인간	4.5
정글북	3.5
톰 소여의 아프리카 모험	5.0
82년생 김지영	4.5
코미디 중심의 시나리오 쓰기	4.0
이야기 파라독스	4.0
Who? 스티븐 스필버그	5.0
먼나라 이웃나라	4.0
바보	3.5
이웃 사람	5.0
아파트	4.0
26년	4.5
마녀	4.5
순정만화	4.0
그대를 사랑합니다	4.0
어게인	4.5
타이밍	5.0
당신의 모든 순간	5.0
꽃들에게 희망을	5.0
아낌없이 주는 나무	5.0
조명가게	5.0
모두 깜언	4.5
영화의 유혹	4.0
영화가 얼레꼴레	5.0
설민석의 조선왕조실록	4.5
청소년 영화 따라잡기	4.5
좋은 시나리오의 법칙	4.0
삐삐는 어른이 되기 싫어	5.0
마법의 설탕 두 조각	5.0
엽기 과학자 프래니	5.0
돼지책 (100쇄 기념판)	5.0
지각대장 존	5.0
종이 봉지 공주	5.0
굿모닝 사회인 야구 2 : 타격, 수비	4.5
굿모닝 사회인 야구 1 : 투구, 스트레칭	4.0
야구의 정석	3.5
동물농장	3.5
영화에 대하여 알고싶은 두세 가지 것들	2.5
요술 연필 페니	5.0
샬롯의 거미줄	4.0
청소년을 위한 서양음악사	2.5
어린 왕자	5.0
즐거운 나의 집	3.5
괴물들이 사는 나라	5.0
아라비안나이트	4.0
파브르 곤충기	4.5
이것만 알면 찍는다	5.0
영화의 이해	4.0
시나리오 가이드	5.0
광고천재 이제석	3.5
탈무드	5.0
윔피 키드	5.0
애니메이션 이렇게 만든다	4.0
영화 스토리텔링	4.0
장발장	5.0
셰익스피어 이야기	5.0
찰리와 거대한 유리 엘리베이터	5.0
찰리와 초콜릿 공장 	5.0
제임스와 슈퍼 복숭아	5.0
내 이름은 삐삐 롱스타킹	5.0
변신	5.0
오즈의 의류 수거함	4.0
영화학교에서 배운 101가지	5.0
회랑정 살인사건	4.5
악의	3.5
통조림을 열지 마시오	5.0
어느 날 내가 죽었습니다	5.0
불량 가족 레시피	4.5
홍당무	4.5
종의 기원	4.5
배트맨 : 다크 나이트 리턴즈	4.5
배트맨 이어 원	4.0
