﻿보건교사 안은영	4.5
내게 무해한 사람	3.5
폴링 인 폴	4.5
계룡선녀전	4.0
에브리데이	3.5
열두 발자국	4.5
소녀의 세계	4.0
하버드 새벽 4시 반	1.5
시로 납치하다	5.0
반 고흐, 영혼의 편지 	4.5
건축학교에서 배운 101가지	5.0
내 ID는 강남미인	3.5
완벽에 대한 반론	4.5
포	2.5
울	5.0
커버	5.0
프린들 주세요	4.0
위고 카브레	4.0
유미의 세포들	4.0
거울 나라의 앨리스	3.5
미러스톰	3.5
미러스케이프	3.5
못된 건축	4.0
한국 전통 건축 장식의 비밀	4.0
이유 있는 디자인	4.5
고양이 낸시	5.0
50인의 디자인	3.5
데미안	5.0
네버 스카이	3.5
킬 오더	4.0
철학 콘서트 1	4.0
좋은 사진을 만드는 정승익의 사진 구도	3.0
인포그래픽 비주얼 씽킹 Idea Book	3.5
나는 찍는다 스마트폰으로	5.0
살인자의 기억법	4.0
The Case of Beasts: Explore the Film Wizardry Of Fantastic Beasts And Where To Find Them	5.0
The Art of 겨울왕국	5.0
디즈니 골든 에이지 포스트카드 컬렉션 100	5.0
꽃들에게 희망을	4.0
아르테미스	4.0
소설가 구보씨의 일일	2.5
날개	5.0
마야력과 고대의 역법	2.0
작은 백마 -	4.5
엔더의 그림자	5.0
시 읽는 밤 : 시 밤	4.0
응답하라 1997	2.0
예술 수업	5.0
사랑의 온도	3.5
외모지상주의 1	2.5
모두에게 완자가	5.0
나이스 진 타임 Nice Jin Time 1	3.5
실질객관동화	3.0
낢이 사는 이야기	5.0
일상날개짓 1	5.0
오늘밤은 어둠이 무서워요	4.0
아랫집 시누이	4.0
스튜디오 짭쪼롬 1	5.0
아는 사람 이야기 4	5.0
낮에 뜨는 달	5.0
내 어린고양이와 늙은개	5.0
용이	4.0
커피우유신화	4.0
샌프란시스코 화랑관	5.0
완벽하지 않은 것들에 대한 사랑	3.5
마법천자문	5.0
호주에서 보물찾기	4.0
코믹 메이플 스토리 오프라인 RPG	5.0
청바지 돌려 입기	4.0
바람의 열두 방향	4.0
환상소설가의 조수	5.0
1cm	4.5
그리고 아무도 없었다	4.0
잘못은 우리 별에 있어	4.5
홍당무	3.5
키다리 아저씨	4.0
수학귀신	4.0
왕자와 거지	4.0
꽃들에게 희망을	4.0
몬테크리스토 백작	4.0
올리버 트위스트	4.0
괴도 신사 뤼팽	5.0
기암성	5.0
뤼팽의 대모험	5.0
수정마개의 비밀	5.0
오즈의 에메랄드 시	5.0
오즈의 착한 마녀 글린다	5.0
도로시와 오즈의 마법사	5.0
오즈의 오즈마 공주	5.0
오즈의 마법사 2 : 환상의 나라 오즈	5.0
위대한 마법사 오즈	5.0
나를 있게 한 모든 것들	4.0
로빈슨 크루소 따라잡기	4.0
이솝 우화집	5.0
아낌없이 주는 나무 (어린이용)	4.0
은밀하게 위대하게	2.5
연애혁명	4.5
조선왕조실톡	4.0
아이들은 즐겁다 	4.5
여중생A	5.0
치즈 인 더 트랩	5.0
낢부럽지 않은 네팔여행기	5.0
낢이 사는 이야기 시즌2	5.0
낢이 사는 이야기 (수첩 포함)	5.0
와라! 편의점	4.0
양반전 호질 허생전	4.5
허생전	5.0
짜장 짬뽕 탕수육	4.0
마법의 설탕 두 조각	3.5
강아지똥	3.5
에밀과 탐정들	4.0
자전거 도둑	4.0
샬롯의 거미줄	5.0
신기한 스쿨버스	5.0
기본 수학의 정석 기하와 벡터 (2017년용)	0.5
기본 수학의 정석 확률과 통계 (2017년용)	0.5
기본 수학의 정석 미적분 2 (2017년용)	0.5
기본 수학의 정석 미적분 1 (2017년용)	0.5
기본 수학의 정석 수학 2 (2017년용)	0.5
기본 수학의 정석 수학 1 (2017년용)	0.5
만화로 보는 그리스 로마 신화	5.0
돌아온 피터팬	4.5
80일간의 세계일주	4.5
15소년 표류기	5.0
데스 큐어	4.0
메이즈 러너	4.5
얼리전트	4.0
스코치 트라이얼	4.0
인서전트	4.0
다이버전트	4.5
조지, 마법의 약을 만들다	4.5
내 친구 꼬마 거인	5.0
제임스와 슈퍼 복숭아	5.0
행복한 왕자	4.0
마녀를 잡아라	4.0
찰리와 초콜릿 공장 	5.0
개를 훔치는 완벽한 방법	4.0
우아한 거짓말	5.0
The Giver	5.0
아라비안 나이트	5.0
로테와 루이제	4.0
마틸다 (반양장)	5.0
찰리와 거대한 유리 엘리베이터	5.0
기상천외한 헨리 슈거 이야기	4.5
Matilda	5.0
George's Marvelous Medicine	4.0
Charlie and the Chocolate Factory	5.0
The Witches	4.0
Fantastic Mr. Fox	4.0
별의 유언	5.0
환상의 나라 오즈	5.0
오즈의 마법사	5.0
하이디	5.0
작은 아씨들	5.0
앤	5.0
뒤죽 박죽 공원의 메리 포핀스	5.0
우산 타고 날아온 메리 포핀스	5.0
과수원을 점령하라	5.0
마당을 나온 암탉 (반양장)	5.0
The Art of WALL-E	5.0
로빈슨 가족의 모험	5.0
기억 전달자	5.0
신비한 동물 사전	5.0
엔더의 게임	5.0
모킹제이	5.0
캣칭 파이어	5.0
헝거 게임	5.0
Harry Potter and the Cursed Child - Parts One and Two	4.5
톰 소여의 모험	5.0
허클베리 핀의 모험	5.0
모비 딕	3.5
하늘과 바람과 별과 詩	5.0
파브르 곤충기	5.0
마시멜로 두 번째 이야기	4.0
종이 여자	4.5
구해줘	4.0
베니스의 상인	3.5
우리들의 일그러진 영웅	4.0
먼나라 이웃나라	5.0
페르마의 마지막 정리	4.0
모모	5.0
연을 쫓는 아이	4.5
리스본행 야간열차 (윈터 리미티드 에디션)	5.0
앨런 튜링의 이미테이션 게임	3.0
구글 신은 모든 것을 알고 있다	4.5
노인과 바다	3.0
꾸뻬 씨의 행복 여행	1.5
마션	4.5
탈무드	5.0
설민석의 조선왕조실록	4.0
나미야 잡화점의 기적	5.0
1cm+ 일 센티 플러스	4.0
동물농장	4.0
오만과 편견	5.0
연금술사	5.0
반지의 제왕	2.0
마시멜로 이야기	4.0
어린 왕자	5.0
걸리버 여행기	4.0
제인 에어 	4.0
위대한 개츠비	4.0
음유시인 비들 이야기	5.0
해리 포터와 혼혈왕자	5.0
해리 포터와 죽음의 성물	5.0
해리 포터와 불사조 기사단	5.0
해리 포터와 아즈카반의 죄수	5.0
해리 포터와 비밀의 방	5.0
해리 포터와 불의 잔	5.0
해리 포터와 마법사의 돌	5.0
나의 라임 오렌지나무	3.5
오페라의 유령	5.0
호두까기 인형	4.0
내 이름은 삐삐 롱스타킹	5.0
나니아 연대기	5.0
멋진 여우 씨	4.5
비밀의 화원	5.0
세드릭 이야기	5.0
세라 이야기	5.0
비밀의 화원	5.0
피터 팬	5.0
천사와 악마	4.5
인페르노	4.5
다 빈치 코드	4.0
나무	4.0
가시고기	4.0