﻿파이 이야기	4.0
서울, 공간의 기억 기억의 공간	4.5
아름다움의 구원	4.0
디자인을 공부하는 사람들을 위하여	4.0
모더니즘	4.5
PRIDE 현대카드가 일하는 방식 50 Edition 2	4.0
이야기 민법	5.0
디자인 지식재산권	4.5
그 개는 무엇을 보았나	3.5
30분 경제학	3.5
와인 상식사전	3.5
보이지 않는 차이	3.5
장하준의 경제학 강의 (반양장)	4.5
한국인, 다음 영웅을 기다려라	2.5
인생고수	3.5
하버드 대학의 공부벌레들	3.0
늦어도 11월에는	3.5
직업으로서의 소설가	4.0
시 읽는 밤 : 시 밤	2.5
파르바나	4.5
직장으로 간 사이코패스	3.5
융합 인문학	4.0
유성의 인연	4.0
하얀거탑	5.0
일반물리학	5.0
블링크	3.5
티핑 포인트	3.5
다윗과 골리앗	3.5
현대 물리학과 동양사상	4.5
52 9 12	4.0
경제고전	3.5
셰익스피어 5대 희극 (소)	5.0
셰익스피어 4대 비극 (소)	5.0
아리랑	5.0
바이 디자인 by Design	4.0
핀란드 디자인 산책	4.0
공부 9단 오기 10단	3.0
나나 너나 할 수 있다	3.5
세상에서 가장 아름다운 집	4.0
열정을 경영하라	4.5
서른 살, 꿈에 미쳐라	4.0
달팽이 식당	4.0
건축의 형태 공간.규범	4.5
블랙 스완	5.0
관점을 디자인하라	3.0
손자병법	5.0
논어 (보급판)	4.5
방법서설	4.5
부자 아빠의 투자 가이드	4.0
어두운 상점들의 거리	4.0
무라카미 하루키 잡문집	4.5
죽은 경제학자의 살아있는 아이디어	4.0
현대건축의 흐름	4.5
이휘소 평전	4.5
박경미의 수학 콘서트	4.0
파피용	4.5
Harry Potter and the Half-Blood Prince	4.5
너는 나에게 상처를 줄 수 없다	3.5
하늘과 바람과 별과 詩 필사책	5.0
나쁜 사마리아인들	4.0
시골의사의 아름다운 동행 2	4.5
체 게바라 평전	5.0
상냥한 폭력의 시대	4.0
스무살에 알았더라면 좋았을 것들	3.5
시골의사 박경철의 자기혁명	4.0
두 도시 이야기	5.0
은하수를 여행하는 히치하이커를 위한 안내서 - 합본	5.0
시골의사의 아름다운 동행 1	4.5
소크라테스의 변명	4.5
2016 제7회 젊은작가상 수상작품집	5.0
경제학 콘서트	4.5
서양미술사	5.0
그놈은 멋있었다	0.5
숨결이 바람 될 때	4.5
토지 	5.0
벤자민 버튼의 시간은 거꾸로 간다	4.0
인페르노	3.5
GTO 애장판	5.0
여행의 기술	5.0
셰익스피어 4대 비극	5.0
돌아온 자살토끼	4.5
오셀로	5.0
성공하는 사람들의 7가지 습관	4.0
카네기 인간관계론	4.5
늑대의 유혹	1.0
백년 동안의 고독	4.5
로마인 이야기 	4.0
TV동화 행복한 세상 1	3.5
안나 카레니나	5.0
무의미의 축제	4.0
리어 왕	5.0
바람이 분다 당신이 좋다	3.5
맥베스	5.0
천사들의 제국	4.5
책은 도끼다	5.0
고도를 기다리며	5.0
악마는 프라다를 입는다	3.5
광장/구운몽	5.0
롤리타	5.0
죄와 벌	5.0
봄.봄 「김유정」	5.0
타나토노트	5.0
지적 대화를 위한 넓고 얕은 지식 : 현실 세계 편	4.5
모리와 함께한 화요일	3.5
왜 나는 너를 사랑하는가	4.5
젊은 베르테르의 슬픔	4.0
안네의 일기	4.0
우동 한 그릇	4.0
스터디 코드	3.0
지적자본론	4.0
2017 제8회 젊은작가상 수상작품집	4.5
해리 포터와 죽음의 성물	4.0
보통의 존재 	4.5
건축, 음악처럼 듣고 미술처럼 보다	4.5
국가란 무엇인가	5.0
여덟 단어	5.0
너무 한낮의 연애	5.0
리딩으로 리드하라	3.0
해리 포터와 불의 잔	5.0
완벽한 공부법	4.0
소년이 온다	5.0
제로 투 원	4.5
쇼코의 미소	5.0
해리 포터와 불사조 기사단	4.5
타이탄의 도구들	3.5
데일 카네기 자기관리론	4.5
한국의 젊은 부자들	3.0
해리 포터와 아즈카반의 죄수	4.5
하루 15분 정리의 힘	3.5
디케의 눈	4.0
빅데이터, 경영을 바꾸다	3.0
꿈꾸는 다락방	2.0
해리포터 사이언스	3.5
토지	5.0
82년생 김지영	4.5
아홉살 인생	4.5
연금술사	3.0
파인만의 물리학 강의 Volume 1, 양장본	4.5
물리학자는 영화에서 과학을 본다	3.5
김상욱의 과학공부	4.0
사피엔스	4.5
미적분학 2+	4.0
정재승의 과학 콘서트	3.0
미적분학 1+	4.0
일반물리학	5.0
마시멜로 두 번째 이야기	2.0
노르웨이의 숲	5.0
설민석의 조선왕조실록	4.0
일렉트릭 유니버스	3.5
하늘과 바람과 별과 詩	4.5
립반윙클의 신부	2.0
인페르노 (스페셜 일러스트 에디션)	3.5
아들러 심리학 입문	3.0
안으로 멀리 뛰기	3.5
하버드의 생각수업	2.0
담론	5.0
시민의 교양	4.5
촘스키, 누가 무엇으로 세상을 지배하는가	3.5
노는 만큼 성공한다	4.0
코끼리 공장의 해피엔드	4.0
도시는 무엇으로 사는가	4.5
노인과 바다	4.5
메모 습관의 힘	3.5
칭찬은 고래도 춤추게 한다	1.0
생각하는 인문학	3.5
마션	2.5
위대한 개츠비	4.5
어떻게 원하는 것을 얻는가	3.5
마시멜로 이야기	2.0
톨스토이 단편선	4.0
채식주의자	4.0
부자 아빠 가난한 아빠 	4.0
그리스인 조르바	4.5
강신주의 감정수업	4.0
오만과 편견	4.5
벤자민 버튼의 시간은 거꾸로 간다 - 전2권 (한글판 + 영문판)	3.5
누가 내 치즈를 옮겼을까?	1.0
차라투스트라는 이렇게 말했다	4.0
아프니까 청춘이다	2.5
해리 포터와 비밀의 방	3.0
그릿 GRIT	2.0
참을 수 없는 존재의 가벼움	3.5
나미야 잡화점의 기적	3.5
다 빈치 코드	3.0
파인만의 여섯가지 물리 이야기	4.0
E=mc2	4.0
아웃라이어	4.0
여자 없는 남자들	4.0
지적 대화를 위한 넓고 얕은 지식 : 현실 너머 편	4.5
하리하라의 과학블로그	3.0
하버드 새벽 4시 반	1.0
1cm+ 일 센티 플러스	2.0
1Q84	3.5
부분과 전체	5.0
만들어진 신	3.5
28	3.5
호밀밭의 파수꾼	4.0
이휘소 평전	4.0
화성에서 온 남자 금성에서 온 여자	3.0
미움받을 용기	3.0
해리 포터와 마법사의 돌	5.0
1984	4.0
해리 포터와 혼혈왕자	4.0
코스모스	5.0
몰입 - 인생을 바꾸는 자기 혁명	3.0
그림으로 보는 시간의 역사	4.5
