﻿그랜드 부다페스트 호텔로 간 클림트	3.0
동백꽃.봄 봄	3.0
이솝 우화집	3.0
동백꽃 외	3.0
해리 포터와 혼혈왕자	3.0
해리 포터와 죽음의 성물	3.0
나무를 심은 사람	3.0
안네의 일기	3.0
해리 포터와 불사조 기사단	3.0
해리 포터와 불의 잔	3.0
해리 포터와 아즈카반의 죄수	3.5
죽음에 관하여	5.0
왕자와 거지	3.0
어느 날 내가 죽었습니다	3.0
모모	3.0
무소유	3.0
연어	3.0
메밀꽃 필 무렵	3.0
허생전	3.0
자전거 도둑	3.0
하이디	3.0
위대한 마법사 오즈	3.0
작은 아씨들	3.0
오페라의 유령	3.0
검은 고양이	3.0
운수 좋은 날 「현진건」	4.0
팥죽 할머니와 호랑이	3.0
하멜른의 피리 부는 사나이	3.0
수학 비타민	3.0
개미와 베짱이	3.0
벌거벗은 임금님	3.0
빨간 모자	3.0
난장이가 쏘아올린 작은 공	4.0
샬롯의 거미줄	3.0
무기 팔지 마세요!	3.0
내 이름은 삐삐 롱스타킹	3.0
마법의 설탕 두 조각	4.0
신기한 스쿨버스	3.0
아낌없이 주는 나무 (어린이용)	3.0
거울나라의 앨리스	3.0
나라의 앨리스	3.0
돼지책 (100쇄 기념판)	3.0
찰리와 거대한 유리 엘리베이터	3.0
마틸다 (반양장)	3.0
피노키오	3.0
오즈의 마법사	3.0
걸리버 여행기	3.0
	3.0
행복한 왕자	3.0
책 먹는 여우	4.0
구두장이 꼬마요정	3.0
구름빵	4.0
앤	3.0
박씨전	3.0
동물과 대화하는 아이 티피	3.0
플랜더스의 개	3.0
돌아온 진돗개 백구	3.0
강아지똥	4.0
마당을 나온 암탉 (반양장)	3.0
가방 들어주는 아이	3.0
팥죽 할멈과 호랑이	3.0
개구리 왕자	2.5
성냥팔이 소녀	3.0
여우와 두루미	3.0
금도끼 은도끼	3.0
별주부전	3.5
이상한 나라의 앨리스	3.5
모차르트 천 번의 입맞춤	3.0
무지개 물고기	3.0
어디로 갔을까 나의 한쪽은	4.0
두근두근 두근거려	4.0
좋아하면 울리는 1	2.0
상상고양이 -	3.0
아는 사람 이야기 4	3.0
십이야	4.5
여중생A	4.0
마음의 소리	3.0
무빙	3.0
창백한 말	3.0
오무라이스 잼잼	3.0
실질객관동화	4.0
후레자식	3.0
하노버에서 온 음악 편지	3.0
그래도 계속 가라	4.0
와라! 편의점	2.0
낢이 사는 이야기	2.0
치즈 인 더 트랩	2.0
낢이 사는 이야기 (수첩 포함)	2.0
2013 마음의 소리 Ver.1	3.0
여탕보고서	3.0
돌아온 자살토끼	3.0
방과 후 전쟁활동	4.0
3단합체 김창남	3.0
삼봉이발소	4.0
목욕의 신	3.0
안나라수마나라	4.0
자살토끼	3.0
선천적 얼간이들	5.0
시크릿	3.0
어린 왕자	5.0
나니아 연대기	4.0
찰리와 초콜릿 공장 	3.5
나는 단순하게 살기로 했다	4.0
