﻿재무제표 모르면 주식투자 절대로 하지마라	4.5
보기왕이 온다	5.0
불황의 경제학	4.5
최고의 팀은 무엇이 다른가	4.5
서평 쓰는 법	3.5
한계를 넘는 기술	3.0
통섭과 투자	4.5
손정의 300년 왕국의 야망	5.0
인간시장	5.0
살인자의 기억법	4.0
쿠팡, 우리가 혁신하는 이유	4.0
베르세르크	5.0
24인의 사이코	4.0
몰입 - 인생을 바꾸는 자기 혁명	4.0
대한민국의 시험	4.0
메모 습관의 힘	3.5
영어책 한 권 외워봤니?	4.0
소설가의 일	4.5
지적자본론	5.0
립잇업	4.0
아키라 AKIRA	5.0
베스트셀러는 어떻게 만들어지는가	4.0
소셜 애니멀	3.5
조직의 능력을 끌어올리는 인적자원관리	4.5
에센셜	4.5
조직의 성과를 이끌어내는 리더십	4.5
개인의 능력을 극대화하는 자기경영	4.5
차별화로 핵심역량을 높이는 경영전략	4.5
삼국지	5.0
의철학의 개념과 이해	3.0
파는 것이 인간이다	4.0
달인	4.5
와우 프로젝트	4.0
당신의 경쟁전략은 무엇인가?	5.0
보랏빛 소가 온다	4.0
볼드 (BOLD)	4.0
테드 토크	4.0
왜 세계는 존재하지 않는가	4.0
습관의 힘	4.0
메시 Messy	5.0
죽음의 수용소에서	4.5
슬램덩크	5.0
드래곤 볼	5.0
무진기행	4.0
파이 이야기	5.0
너의 내면을 검색하라	4.0
디자인에 집중하라	4.0
이만큼 가까운 미국	4.0
이만큼 가까운 일본	4.0
정답부터 보는 꼼수 공부법	3.5
잭 웰치 * 끝없는 도전과 용기	4.0
미국을 발칵 뒤집은 판결 31	5.0
프로페셔널의 조건	4.5
한국의 슈퍼리치	3.5
나의 한국현대사	4.5
습관의 재발견	4.0
내 아버지로부터의 꿈	5.0
안철수의 생각	4.0
아웃라이어	4.0
지루한 사람과 어울리지 마라	4.0
끝까지 해내는 힘	4.0
대한민국 부동산 투자	4.0
7번 읽기 공부법	3.5
당신은 유일한 존재입니까?	3.5
완벽한 공부법	4.0
양과 강철의 숲	4.5
남자의 물건	4.0
개미	4.5
닥치는 대로 끌리는 대로 오직 재미있게 이동진 독서법	3.5
국가란 무엇인가	4.5
어떻게 살 것인가	4.5
자존감 수업	3.0
기사단장 죽이기	4.0
골든 슬럼버	4.0
전략의 적은 전략이다	3.5
당신은 전략가입니까	4.5
언어의 온도	3.5
사람의 아들	4.5
박시백의 조선왕조실록 1	5.0
몬스터	5.0
트레이드 오프	5.0
어떻게 죽을 것인가	4.5
틀 안에서 생각하기	4.5
만약 고교야구 여자 매니저가 피터 드러커를 읽는다면	4.0
노인과 바다	4.0
참을 수 없는 존재의 가벼움	4.5
총 균 쇠	5.0
1등의 습관	4.0
셜록 홈즈 전집 1	4.5
셜록 홈즈 : 모리어티의 죽음	4.5
셜록 홈즈 : 실크 하우스의 비밀	4.5
이재명의 굽은 팔	4.5
강심장 트레이닝	4.5
정의란 무엇인가	5.0
열한 계단	4.0
누구에게나 최고의 하루가 있다	5.0
아트 스피치	3.0
원씽 The One Thing	4.5
인문학으로 광고하다	4.0
미움받을 용기	4.0
이만큼 가까운 중국	4.0
어느 날 400억 원의 빚을 진 남자	5.0
성공하는 사람들의 7가지 습관	3.0
경영이란 무엇인가	5.0
보노보노처럼 살다니 다행이야	5.0
설득의 심리학	4.0
안정효의 글쓰기 만보	5.0
미생	4.5
유시민의 글쓰기 특강	4.5
버락 오바마의 담대한 희망	5.0
지적 대화를 위한 넓고 얕은 지식 : 현실 너머 편	4.0
지적 대화를 위한 넓고 얕은 지식 : 현실 세계 편	4.0
숨결이 바람 될 때	5.0
기하급수 시대가 온다	4.0
대성당	5.0
스토너	5.0
어린왕자	4.5
꿈이 없다고 말하는 그대에게	5.0
위대한 기업의 선택	5.0
좋은 기업을 넘어... 위대한 기업으로	5.0
라플라스의 마녀	4.0
공허한 십자가	4.0
가면 산장 살인 사건	4.0
죽음이란 무엇인가	5.0
향수	4.5
앵무새 죽이기	4.5
링크	4.0
비 내리는 그리스에서 불볕천지 터키까지	4.5
양을 둘러싼 모험	5.0
달리기를 말할 때 내가 하고 싶은 이야기	4.5
라오스에 대체 뭐가 있는데요?	5.0
도쿄 기담집	5.0
잠	3.5
직업으로서의 소설가	5.0
세계의 끝과 하드보일드 원더랜드	5.0
여자 없는 남자들	4.5
색채가 없는 다자키 쓰쿠루와 그가 순례를 떠난 해	5.0
노르웨이의 숲	5.0
한강	4.5
호모 데우스	5.0
행복을 풀다	3.5
위대한 개츠비	5.0
백야행	5.0
가시고기	0.5
1Q84	5.0
정재승의 과학 콘서트	4.0
설민석의 조선왕조실록	3.5
나미야 잡화점의 기적	5.0
호밀밭의 파수꾼	4.5
사피엔스	5.0
데미안	4.5
