﻿라틴어 수업	3.0
영어책 한 권 외워봤니?	3.5
5년 만에 신혼여행	3.5
일하는 마음	3.5
초격차	3.0
어떻게 살 것인가	4.0
파도가 칠때는 서핑을	3.5
원칙 Principles	5.0
계절은 너에게 배웠어	4.0
나는 오늘도 경제적 자유를 꿈꾼다	3.5
밤이 선생이다	4.5
안나 카레니나	5.0
넷플릭스하다	3.0
슈독 : 나이키 창업자 필 나이트 자서전	5.0
업스타트	4.0
성격 급한 부자들	2.5
마케터의 일	3.5
검사내전	3.5
진작 할 걸 그랬어	3.0
초역 논어의 말	3.0
레버리지	2.5
창업가의 브랜딩	3.5
세상을 바꾸는 언어	4.0
스티브 잡스	4.5
카오스 멍키	4.5
장병규의 스타트업 한국	4.0
고발	4.5
바이오그래피 매거진 9 김범수	4.5
취향을 설계하는 곳, 츠타야	4.0
우리는 나란히 앉아서 각자의 책을 읽는다	3.0
진화된 마케팅 그로스 해킹	4.5
옵션 B	3.5
처음부터 다시 읽는 친절한 세계사	2.5
물욕 없는 세계	3.0
개인주의자 선언	4.0
나를 보내지 마	5.0
블랙코미디	3.5
선천적 얼간이들	4.5
신경 끄기의 기술	3.0
무한동력 1	3.0
보이스 퍼스트 패러다임	3.5
야밤의 공대생 만화	4.0
만약 고교야구 여자 매니저가 피터 드러커를 읽는다면	2.0
식객	3.5
군주론	4.5
슬램덩크	5.0
누구	4.0
데스 노트 Death Note	4.5
강철의 연금술사	4.0
사랑하라 한번도 상처받지 않은 것처럼	3.0
모리와 함께한 화요일	4.0
월리를 찾아라! 	4.5
무진기행 「김승옥」	4.0
봄.봄 「김유정」	3.5
코끼리는 생각하지 마	3.0
지금 알고 있는 걸 그때도 알았더라면	3.0
수난이대 「하근찬」	4.0
허생전	4.0
꺼삐딴 리	3.5
당신의 이름을 지어다가 며칠은 먹었다	3.5
키다리 아저씨	3.5
정글만리	3.0
11분	3.0
나의 문화유산답사기 	3.0
브리다	4.0
햄릿	3.5
파우스트	4.5
돈키호테	4.0
구운몽	3.5
이기는 프레임	2.5
민주화 이후의 민주주의	4.0
논어	5.0
리진	3.0
해저 2만리	5.0
수업시간 그녀	5.0
엄청나게 시끄럽고 믿을 수 없게 가까운	5.0
사랑의 역사	4.5
칭찬은 고래도 춤추게 한다	3.0
톨스토이 단편선	4.5
자전거 여행	3.0
제로 투 원	4.5
백년식당	3.0
왜 일하는가	1.0
참여감	5.0
디자인의 디자인	3.0
라면을 끓이며	4.0
1인분의 삶	3.0
무인양품은 90%가 구조다	4.0
지적자본론	3.5
심플을 생각한다	5.0
플레이	4.0
예민해도 괜찮아	4.0
자기신뢰	4.0
오리지널스	4.0
EBS 다큐프라임 자본주의	4.0
사피엔스	3.5
나는 왜 이 일을 하는가?	5.0
기적이 일어나기 2초 전	3.0
라이프스타일 도시	2.5
왜 우리는 집단에서 바보가 되었는가	4.0
대리사회	4.5
안희정의 함께, 혁명	4.0
소유의 종말	4.5
디맨드 Demand	3.0
창의성을 지휘하라	5.0
누운 배	5.0
완벽한 공부법	3.0
감옥으로부터의 사색	4.0
무코다 이발소	3.0
멋진 신세계	4.5
그 여자네 집	3.5
안네의 일기	4.0
창가의 토토	3.0
순간의 꽃	4.0
변신	5.0
걸리버 여행기	4.0
소나기	4.0
종이 여자	3.5
치우천왕기	3.0
해리 포터와 불의 잔	3.0
스무 살, 도쿄	4.0
아버지들의 아버지	4.5
15소년 표류기	3.5
폭풍의 언덕	3.0
구해줘	3.0
당신, 거기 있어 줄래요?	3.0
향수	3.5
베로니카, 죽기로 결심하다	3.5
파이 이야기	5.0
동물농장	5.0
외딴방	5.0
하악하악	2.5
천사와 악마	4.5
개미	4.0
아프니까 청춘이다	2.0
야생초 편지	3.5
먼나라 이웃나라	3.0
오체 불만족	4.5
운다고 달라지는 일은 아무것도 없겠지만	4.0
남한산성	3.0
마션	4.0
천사들의 제국	4.0
플라이, 대디, 플라이	3.0
은교	4.0
묵향	2.5
나음보다 다름	3.5
배민다움 (한정판)	3.5
탈무드	5.0
광고천재 이제석	3.5
배려	3.0
인문학으로 광고하다	3.0
무소유	3.5
도가니	3.0
개밥바라기별	3.5
하늘과 바람과 별과 詩	4.0
거의 모든 IT의 역사	4.0
괭이부리말 아이들	3.0
무궁화 꽃이 피었습니다	3.0
봉순이 언니	3.0
운수 좋은 날 「현진건」	3.0
불안	3.0
언어의 온도	1.0
마시멜로 이야기	3.0
꾸러기 만화일기	4.0
난장이가 쏘아올린 작은 공	4.0
우리들의 일그러진 영웅	4.0
바리데기	4.0
로드	4.5
그리스인 조르바	2.5
우동 한 그릇	3.0
구글은 어떻게 일하는가	4.0
시골의사 박경철의 자기혁명	3.0
칼의 노래	3.0
가시고기	3.0
위대한 개츠비	3.5
나의 라임 오렌지나무	3.5
채식주의자	3.5
린 스타트업	4.0
왜 나는 너를 사랑하는가	2.5
노인과 바다	4.5
해리 포터와 비밀의 방	5.0
지적 대화를 위한 넓고 얕은 지식 : 현실 세계 편	2.5
뇌	4.0
어린 왕자	5.0
1984	5.0
모모	3.5
우리들의 행복한 시간	3.0
연금술사	4.0
다 빈치 코드	3.5
노르웨이의 숲	2.5
누가 내 치즈를 옮겼을까?	3.0
나무	3.5
해리 포터와 아즈카반의 죄수	5.0
오만과 편견	4.0
정의란 무엇인가	3.0
아홉살 인생	3.0
해리 포터와 마법사의 돌	5.0
