﻿뿌리가 튼튼한 사람이 되고 싶어	4.0
개포동 김갑수씨의 사정	3.0
카사네	3.5
사람은 무엇으로 사는가	4.0
눈보라 체이스	4.0
심연의 하늘 1	3.5
전자오락 수호대	3.0
언니의 독설	3.0
몰입 - 인생을 바꾸는 자기 혁명	3.0
변신	3.5
파워 The Power	3.0
사랑의 기술	4.5
엄마를 부탁해	3.0
4개의 통장	3.0
시간 여행자의 아내	4.5
갓 오브 하이스쿨	3.0
와라! 편의점	3.0
빙하에서 살아남기	3.5
