﻿韓國高校生の歷史レポ-ト―ハラボジ·ハルモニへのインタビュ-と日韓交流	1.0
10대들의 역사 리포트	1.0
살바도르 달리	2.5
사물들	2.0
늙어감에 대하여	4.5
혼자만 잘 살믄 무슨 재민겨	1.0
제인 에어 	3.0
위대한 개츠비	3.0
지도 밖으로 행군하라	1.0
먼나라 이웃나라	0.5
모리와 함께한 화요일	1.0
월리를 찾아라! 	1.5
82년생 김지영	1.0
카라마조프 가의 형제들	3.0
언어의 배반	5.0
왜 나는 너를 사랑하는가	0.5
감感에 관한 사담들	5.0
차라투스트라는 이렇게 말했다	4.0
황야의 이리	5.0
나르치스와 골드문트	5.0
게르트루트	5.0
로스할데	5.0
수레바퀴 아래서	5.0
유리알 유희	5.0
크눌프	3.0
데미안	5.0
