﻿오 헨리 단편선	4.0
몫	3.5
전쟁국가 일본	4.0
마광수의 뇌구조	4.0
손병희	4.0
진중권의 미학 오디세이 2 (20주년 기념판)	4.0
철학과 굴뚝청소부	4.0
전란으로 읽는 조선	4.0
기사단장 죽이기	3.5
혐오의 미러링	4.0
큐피드의 장난	4.0
진중권의 서양미술사 : 모더니즘 편	4.0
왜 세계의 절반은 굶주리는가?	3.5
야시	3.5
소멸세계	2.5
후레자식	3.5
마즐토브	3.5
어느 철학과 자퇴생의 나날	4.0
13계단	4.0
정말로 그들이 각성하길 바래?	3.5
진중권의 미학 오디세이 1 (20주년 기념판)	4.0
연쇄 살인마 개구리 남자	3.5
인간 실격	4.5
백의 그림자	3.5
DP 개의 날	4.0
이토준지 자선 걸작집	3.5
추억의 에마논 1	4.0
두더지	4.0
파도여 들어다오	3.5
춘풍의 스녜그로치카	3.5
브래드 할리의 마차	3.0
유레카 Heureka	3.5
청년을 위한 세계사 강의 1	3.0
파운데이션	3.5
시가테라	4.0
구원의 미술관	2.5
개밥바라기별	4.0
로마인 이야기 	4.0
엄마의 역사편지	4.0
먼나라 이웃나라	3.5
에덴의 우리	2.0
두근두근 두근거려	3.5
방과 후 전쟁활동	4.0
휴전선의 무지개	4.0
새의 선물	4.0
UFO를 타다	3.5
나	4.0
외모지상주의 1	1.5
아인슈타인의 편지	4.0
이누야시키	2.5
철학이 필요한 시간	2.0
간츠 Gantz	3.5
진눈깨비 소년	5.0
양과 강철의 숲	2.5
안드로이드는 전기양의 꿈을 꾸는가?	4.0
페이트 스테이 나이트 Fate Stay Night 2 3 4 5 8	3.0
위대한 개츠비	3.0
모킹제이	4.0
캣칭 파이어	4.0
헝거 게임	4.0
완득이	3.0
내 이름은 망고	4.0
멈추면, 비로소 보이는 것들	2.0
친구가 되기 5분 전	3.5
초콜릿 레볼루션	4.0
사라진 조각	3.5
위저드 베이커리	4.0
가시고백	3.5
어쩌다 한국은	3.5
퀴즈쇼	3.0
명탐정 코난	4.0
공포의 물고기	4.0
나비지뢰	4.0
나이트런 '프레이'	5.0
제노사이드	4.5
싸드 THAAD	3.0
제3인류	4.0
리딩으로 리드하라	0.5
3일간의 행복	3.0
아픈 것아, 아픈 것아, 날아가라	3.0
세상의 중심에서 사랑을 외치다	4.5
도쿄 구울	4.0
3단합체 김창남	3.5
죽음에 관하여	3.5
독소소설	4.0
공허한 십자가	3.0
백야행	4.0
천사들의 제국	3.0
소금	4.0
대한민국사	3.5
1968년 2월 12일	3.5
지금 이 순간의 역사	3.5
잔혹함에 대하여	3.0
전태일 평전	5.0
세계는 왜 싸우는가?	3.5
황토	3.0
국경 없는 괴짜들	3.0
책으로 다시 살다	3.5
사람이, 아프다	3.5
소년을 위로해줘	4.0
한국이 싫어서	3.5
빙과	2.5
벚꽃지는 계절에 그대를 그리워하네	3.0
도가니	4.0
소희의 방	3.5
스프링벅	4.0
우아한 거짓말	3.5
기억 전달자	3.0
유진과 유진	4.0
여중생A	5.0
여덟 단어	4.5
외딴방	3.5
가면 산장 살인 사건	3.0
책은 도끼다	4.5
사랑하기 때문에	2.5
은교	3.5
덕혜옹주	3.5
소년이 온다	3.5
해변의 카프카	4.5
꿈꾸는 다락방	0.5
이방인	2.5
7년의 밤	4.0
노르웨이의 숲	4.0
1984	4.0
파피용	4.0
나미야 잡화점의 기적	3.5
