﻿왜 일하는가	3.0
책 잘 읽는 방법	4.0
선천적 얼간이들	5.0
슬램덩크	5.0
헬퍼 Hellper	5.0
살인자ㅇ난감 -	5.0
마케터의 일	5.0
원피스 ONE PIECE	5.0
덴마 Denma	5.0
나무	4.0
강철의 연금술사	5.0
매거진 B	5.0
매거진 B	4.0
매거진 B (Magazine B) Vol.40 : 산 펠레그리노(S.Pellegrino)	5.0
매거진 B (Magazine B) Vol.50 : 서울(SEOUL)	4.0
인생사용설명서	3.5
매거진 F	5.0
매거진 B (Magazine B) Vol.54 : 메종 마르지엘라 (Maison Margiela)	4.5
우리는 달빛에도 걸을 수 있다	4.0
해리 포터와 혼혈왕자	5.0
해리 포터와 죽음의 성물	4.5
해리 포터와 불사조 기사단	5.0
해리 포터와 불의 잔	5.0
해리 포터와 아즈카반의 죄수	5.0
해리 포터와 비밀의 방	4.5
해리 포터와 마법사의 돌	5.0
인간	4.5
파피용	4.0
신	4.5
아버지들의 아버지	4.5
개미	4.5
미 비포 유	4.5
살인자의 기억법	5.0
나무를 심은 사람	4.0
매거진 B	5.0
매거진 B (Magazine B) Vol.34 : 라이카(Leica)	4.0
매거진 B (Magazine B) Vol.38 : 파타고니아(PATAGONIA)	5.0
매거진 B	4.5
매거진 B (Magazine B) Vol.47 : 하겐다즈(Haagen-Dazs)	4.5
매거진 B (Magazine B) Vol.48 : 에어비앤비(Airbnb)	4.5
매거진 B (Magazine B) Vol.56 : 미쉐린 가이드 (Michelin Guide)	5.0
매거진 B	5.0
매거진 B	4.5
매거진 B	4.5
매거진 B (Magazine B) Vol.01 : 프라이탁 (FREITAG)	4.0
매거진 B (Magazine B) Vol.53 : 무인양품 (MUJI)	5.0
처음 읽는 진화심리학	5.0
설득의 심리학	5.0
모든 비즈니스는 브랜딩이다	4.5
나음보다 다름	5.0
배민다움 (한정판)	4.5
기획은 2형식이다	4.5
