﻿토리코	4.5
반쪽이	4.0
즐거운 상어 가족 연주곡집	3.0
기생수	4.0
학교에서 배울 수 없는 일본문화 : 시네마편	5.0
마당을 나온 암탉 (반양장)	5.0
해리 포터와 비밀의 방	5.0
해리 포터와 마법사의 돌	5.0
양파의 왕따일기	4.0
꼬마 곰과 작은 배	3.5
부자와 거지는 왜 있는 걸까?	3.0
테일즈런너	3.5
참	3.0
신용림객잔	3.0
부자가 되는 좋은 경제 습관 거지가 되는 나쁜 경제 습관	3.0
영어 잘하는 아이 영어 못하는 아이	3.0
천재를 이기는 끈기 있는 아이 바보에게 지는 끈기 없는 아이	3.0
과학은	3.5
친구들에게 인기 있는 아이 인기 없는 아이	3.0
백점 계획! 스스로 공부법 빵점 계획! 억지로 공부법	3.0
어린이를 위한 마시멜로 이야기	4.0
노빈손의 올레올레 스페인 탐험기	4.0
노빈손의 좌충우돌 로마 오디세이 (책)	4.0
남아공에서 보물찾기	3.0
만화보고	3.0
퀴즈	4.0
신비한 바다 어드벤처 : 해양 산업.경제편	4.0
Why? 실험관찰	4.0
오성과 한음	3.0
만화 스펀지 12	3.0
꿈꾸는 작은 오리	4.0
엄마는	3.0
B사감선생님과 예쁜 글씨 쓰기	4.0
그림이 좋아지는 매일매일 일러스트 트레이닝 : 기초편	5.0
Why? 인류	3.0
Why? 자연재해	3.0
Why? 날씨	3.0
Why? 미생물	3.0
Why? 교통수단	3.0
Why? 화석	3.0
Why? 지구	3.0
Why? 발명.발견	3.0
Why? 동굴	3.0
Why? 별과 별자리	3.0
Why? 식물	3.0
Why? 환경	3.0
Why? 곤충	3.0
Why? 남극.북극	4.0
Why? 로봇	3.0
Why? 외계인과 UFO	3.0
Why? 독 있는 동식물	4.0
Why? 컴퓨터	3.0
Why? 인체	3.0
Why? 공룡	4.0
Why? 우주	3.0
갈팡질팡 가쿠로	3.0
만화 자연도감	4.0
그리스에서 보물찾기	4.0
그림으로 보는 영어사전 - 초등학교	4.5
어린이를 위한 배려	4.0
어린이 공룡백과	5.0
노빈손 조선 최고의 무역왕이 되다	4.0
일상날개짓	5.0
과학공화국 화학법정	4.0
친구를 이끄는 적극적인 아이 & 친구를 따라가는 소극적인 아이	3.0
세계 100 나라 대표동화	3.5
제로니모의 환상모험 1	5.0
제로니모의	5.0
과학카페	4.0
만화 동사의 맛	4.5
우선순위 영단어	3.0
초원에서 살아남기	4.0
바다에서 살아남기	4.0
남극에서 살아남기	3.0
지진에서 살아남기	3.0
산에서 살아남기	4.0
동굴에서 살아남기	3.0
열두 띠 이야기	4.0
팥죽 할머니와 호랑이	3.0
The Blue Day Book 누구에게나 우울한 날은 있다	5.0
늑대가 들려주는 아기돼지 삼형제 이야기	3.0
황소와 도깨비	3.0
반 고흐와 해바라기 소년	4.0
웅진 만만 수학 1-나	3.0
퀴즈 천자문 1	4.0
초등만화 맞춤법	3.0
크레이지레이싱 카트라이더 세계일주	3.0
전쟁 이야기 3 (근대에서 현대까지)	3.0
도라에몽 컬러작품집	3.0
Why? 정보통신	3.0
코믹 메이플 스토리 한자도둑 1	4.0
한자숙어	4.0
극장판 도라에몽 진구의 공룡대탐험 애니메이션북	4.0
일상이 즐거워지는 일러스트 그리기 1	3.0
포켓몬스터 블랙.화이트 하나도감 미니	3.5
Why? 스포츠 과학	3.0
Why? 갯벌	3.0
Why? 응급처치	3.0
과학공화국 생물법정	3.0
과학공화국 수학법정	3.0
2011 마음의 소리 Ver.1	4.0
각시탈	3.5
구름빵	3.5
바보	4.0
공룡둘리에 대한 슬픈 오마주	1.5
이말년 씨리즈	5.0
이말년 씨리즈 2	5.0
이말년 서유기 1	5.0
실질객관동화	5.0
닥터 프로스트 7 : 페르소나	5.0
닥터 프로스트 10 : 터널의 끝에는 빛이 있는가	5.0
닥터 프로스트 11 : Merry Christmas Dr. Frost	5.0
닥터 프로스트 9 : 거울	5.0
닥터 프로스트 8 : 인섬니아	5.0
닥터 프로스트 6 : 두 사람의 개기일식	5.0
닥터 프로스트 5 : 하얀 방의 심리학자와 파블로프의 개	5.0
닥터 프로스트 4 : 평강공주의 눈물	5.0
닥터 프로스트 3 : 소심한 연군의 열흘	5.0
닥터 프로스트 2 : 검은 파도	5.0
닥터 프로스트 1 : 텅 빈 남자	5.0
그대를 사랑합니다	4.0
생활의 참견	2.5
아랫집 시누이	4.5
외모지상주의 1	0.5
패션왕	0.5
일쌍다반사	2.0
전자오락 수호대 2 (일반판)	5.0
전자오락 수호대 3 (일반판)	5.0
명탐정 코난	4.0
코믹 메이플 스토리 수학도둑	3.0
강철의 연금술사	5.0
신기한 스쿨버스	5.0
무서운 게 딱! 좋아!	4.0
플랜더스의 개	3.0
짱뚱이의 우리는 이렇게 놀았어요	5.0
짱뚱이의 나의 살던 고향은	5.0
수학귀신	3.0
심야식당	5.0
무기 팔지 마세요!	4.0
이라크에서 보물찾기	3.5
결혼해도 똑같네 1	4.5
마음의 소리	2.0
공룡세계에서 살아남기	3.5
터키에서 보물찾기	3.5
바이러스에서 살아남기	4.0
중국에서 보물찾기	3.5
쇼킹한 게 딱 좋아	3.0
황당한게 딱! 좋아!	3.0
Why? 사춘기와 성	3.0
노블레스 Noblesse season	4.0
노블레스 Noblesse season	4.0
오무라이스 잼잼	4.0
삼봉이발소	4.5
만화 스펀지	3.0
목욕의 신	4.0
코믹 메이플 스토리 오프라인 RPG	4.0
코믹 메이플 스토리 오프라인 RPG 17	4.0
갓 오브 하이스쿨	5.0
식객	5.0
전자오락 수호대	5.0
마녀	4.5
소가 된 게으름뱅이	3.0
곤충 세계에서 살아남기	4.0
강아지똥	3.0
돌아온 진돗개 백구	3.0
피라미드에서 살아남기	4.0
돼지책 (100쇄 기념판)	4.0
시 읽는 밤 : 시 밤	3.0
배려	3.0
TV동화 행복한 세상 1	3.0
걸리버 여행기	3.0
책 먹는 여우	3.5
먼나라 이웃나라	3.5
아낌없이 주는 나무	3.5
경선식의 수능 영단어 초스피드 암기비법 (휴대용 암기장 별매)	0.5
기본 수학의 정석 미적분과 통계 기본 (2015년 고3용)	3.0
기본 수학의 정석 기하와 벡터 (2015년 고3용)	3.0
기본 수학의 정석 수학 2 (2017년용)	3.0
기본 수학의 정석 미적분 1 (2017년용)	3.0
기본 수학의 정석 확률과 통계 (2017년용)	3.0
기본 수학의 정석 수학 1 (2017년용)	3.0
노빈손의 무인도 완전정복	4.5
로빈슨 크루소 따라잡기	4.0
월리를 찾아라! 	5.0
위기탈출 넘버원	3.5
마법천자문	4.0
Why? 화학	4.0
Why? 질병	4.0
Why? 똥	4.0
Why? 물리	4.0
만화로 보는 그리스 로마 신화	5.0
빙하에서 살아남기	3.0
사막에서 살아남기	3.0
아마존에서 살아남기	4.0
무인도에서 살아남기	3.0
네이버 정복자의 영화 평론 : 참, 붕, 어	4.0
은밀하게 위대하게	4.0
미생	5.0
조선왕조실톡	4.0
송곳	4.5
죽음에 관하여	5.0
헬퍼 Hellper	4.0
연애혁명	4.0
노블레스	4.5
2012 마음의 소리 Ver.1	3.0
2013 마음의 소리 Ver.1	3.0
선천적 얼간이들	5.0
우동 한 그릇	3.0
구운몽	3.5
운수 좋은 날 「현진건」	5.0
봄.봄 「김유정」	3.5
완득이	4.0
서울 시	3.0
아낌없이 주는 나무 외	3.0
자전거 도둑	3.0
정재승의 과학 콘서트	3.0
꿈꾸는 다락방	2.0
멘사 수학 퍼즐 디스커버리	3.5
칭찬은 고래도 춤추게 한다	2.0
멘사 사고력 퍼즐 프리미어	3.5
추리력 퍼즐	3.5
두뇌력 퍼즐	3.5
읽어보시집	3.0
멘사 사고력 퍼즐	3.5
동물농장	5.0
멘사 시각 퍼즐	3.5
어린이 마시멜로 이야기	3.0
마시멜로 이야기	4.0
허생전	4.0
신과 함께 : 신화편	5.0
오체 불만족	3.0
고령화 가족	3.0
마션	4.5
나루토 Naruto	5.0
블리치	3.0
블리치	3.5
신과 함께 : 이승편	5.0
신과 함께 : 저승편	5.0
원피스 ONE PIECE	5.0
