﻿호모 데우스	2.0
사피엔스	4.0
지상 최대의 쇼	3.5
풀하우스	4.5
핀치의 부리	4.5
진화 : 모든 것을 설명하는 생명의 언어	4.0
총몽	3.5
꽁치가 먹고 싶습니다	3.5
프랑켄슈타인	4.0
나는 독자를 위해 글을 쓴다	4.0
제0호	4.0
골든아워	4.5
파국의 지형학	3.5
최후의 인간	4.5
노래하던 새들도 지금은 사라지고	3.5
판데믹: 바이러스의 위협	4.0
말하는 보르헤스	4.5
알레프	4.0
모사드	4.0
게놈 익스프레스	3.5
일본의 검은 안개 -	3.5
황무지	4.0
구로사와 아키라 자서전 비슷한 것	4.0
재와 빨강	3.5
아오이가든	4.0
부활	2.0
아웃	4.0
