﻿만화로 보는 영화의 역사	3.0
그리고 당신이 죽는다면	3.0
필사의 탐독	3.5
비둘기	3.0
고도를 기다리며	3.0
대머리 여가수	2.5
인형의 집	3.0
대실 해밋	3.5
깨끗하고 밝은 곳	3.5
지하에 부는 서늘한 바람	3.5
노변의 피크닉	3.0
더 포스	3.5
문신	3.5
두 사람의 거리 추정	3.0
??킨 이야기	3.5
소년	3.5
페스트	3.0
매듭과 십자가	2.5
이방인	3.5
영화를 찍으며 생각한 것	3.5
스마일리의 사람들	4.0
육체의 악마	3.0
미스터리 클락	3.0
박찬욱의 몽타주	3.5
오에 겐자부로	3.0
명암	4.5
역사 권력 인간	4.0
금오신화	3.0
북호텔	4.0
시인장의 살인	3.5
구운몽	3.5
면도날	4.0
초크맨	2.5
스탠리 큐브릭	3.0
구로사와 아키라 자서전 비슷한 것	4.0
이집트 십자가 미스터리	3.5
인 콜드 블러드	5.0
짐 자무시	4.0
Saga,	4.5
칼리의 노래	3.0
길 위의 생	3.5
긴 봄날의 소품	3.0
리디머	4.0
기울어진 저택의 범죄	3.0
봄철 한정 딸기 타르트 사건	2.0
달과 6펜스	4.5
행인	4.0
쿠사마쿠라	3.0
도서관의 살인	3.5
가제가오카 50엔 동전 축제의 미스터리	3.5
거미줄에 걸린 소녀	3.5
갱부	3.5
설국	3.5
소름	3.5
흑백	4.0
미인	4.0
흔들리는 바위	3.0
말하는 검	3.0
나는 고양이로소이다	2.5
베르세르크	4.5
꿈꾸는 책들의 미로	2.5
무의미의 축제	3.0
악몽을 파는 가게	3.5
시인	4.0
박찬욱의 오마주	3.0
가이아의 복수	3.0
강자의 조건	3.5
사치코 서점	3.5
괴물	3.0
까막눈 삼디기	3.0
아몬드	3.5
개미혁명	3.0
여자 없는 남자들	2.5
편의점 인간	3.5
블랙 머니	3.5
사랑손님과 어머니	3.0
운수좋은 날	3.0
데이빗 린치의 빨간방	3.0
춘분 지나고까지	3.5
한눈팔기	3.5
기사단장 죽이기	3.5
배트맨 : 올빼미	4.0
팬텀	3.5
레디 플레이어 원	3.0
헌터x헌터 HunterXHunter	4.0
드래곤 볼	4.0
문	3.5
태풍	4.0
풀베개	3.0
도련님	4.0
이제 와서 날개라 해도	3.5
멀리 돌아가는 히나	3.0
쿠드랴프카의 차례	3.0
꿈꾸는 책들의 도시 - 전2권 세트	4.5
바보의 엔드 크레디트	3.0
우미인초	5.0
빙과	3.0
불을 가지고 노는 소녀	3.5
벌집을 발로 찬 소녀	4.5
여자를 증오한 남자들	4.0
마음	5.0
에리크 로메르	4.0
디 그레이 맨 1 4 5 6 8 (단행본 + 11 13 16 9 12 19	3.0
아이들의 권선생님	4.0
이끼	4.0
입시명문 사립 정글고등학교	3.5
와라! 편의점	3.0
일상날개짓	3.5
일상날개짓 1	3.5
싸우자 귀신아! 벚꽃	3.0
메이크 미	4.0
도쿄 구울	2.0
미래일기	4.0
포켓몬스터 스페셜 	3.5
언어의 온도	1.5
산시로	3.5
영웅 초한지 - 전5권	3.5
그 후	4.0
홍상수의 인간희극	4.0
수족관의 살인	3.5
체육관의 살인	4.0
파운데이션	4.0
지상 최악의 소년	3.0
쿠엔틴 타란티노	4.5
인생에 쉼표가 필요할 때	3.0
잘린 머리처럼 불길한 것	4.5
해바라기가 피지 않는 여름	4.5
심연	3.5
XYZ의 비극	4.0
해양오염	1.5
방과 후 전쟁활동	3.5
한국 공포 문학 단편선 4 	3.5
바스커빌 가의 사냥개	3.5
데스 노트 Death Note	4.0
모던 타임스	2.5
그것	5.0
독 초콜릿 사건	3.0
메멘토 모리	3.0
여우와 별	2.0
채식주의자	3.5
탐정은 진실을 말하지 않는다	3.0
한국 공포 문학 단편선	2.5
붉은 머리 가문의 비극	3.5
아름다운 혁명가 체 게바라	3.5
에덴의 우리	3.0
무한동력 1	3.0
배틀로얄	3.5
살인해드립니다	4.5
XXX 홀릭	3.5
힐 하우스의 유령	2.0
짜장 짬뽕 탕수육	3.0
가방 들어주는 아이	3.0
오줌 멀리싸기 시합	3.0
프랑스 문화 교양강의 18	3.0
유엔미래보고서 2040	3.0
얼굴 빨개지는 아이	3.0
레드브레스트	3.5
고양이 이야기 (흑)	3.0
어른을 위한 잔혹동화	3.0
하치 이야기	3.0
괴짜 이야기	4.0
사가	4.5
고양이 이야기 (백)	3.5
달력 이야기	3.0
사랑 이야기	3.0
미끼 이야기	3.5
꽃 이야기	3.0
가짜 이야기 	3.5
역사 ⓔ	3.0
역사 ⓔ 2	4.0
지구를 살리는 7가지 불가사의한 물건들	3.0
흑설공주 이야기	3.0
불로의 인형	3.0
무서운 게 딱! 좋아!	3.0
Why? 환경	3.0
Why? 생명과학	3.0
최태성 한국사 능력 검정시험 고급	4.0
경영학의 이해	3.0
스룰릭	3.5
모든 사람을 위한 빅뱅 우주론 강의	3.5
구로사와 아키라의 영화세계	4.5
마법천자문	3.0
소나기	3.0
별주부전	3.0
금도끼 은도끼	3.0
스펀지	3.0
이말년 씨리즈 2	4.0
이말년 씨리즈	4.0
(뉴 52) 배트맨 2 : 올빼미 도시	4.0
소가 된 게으름뱅이	3.0
(뉴 52) 배트맨 1 : 올빼미 법정	4.0
전쟁 전 한 잔	3.5
누구나 이해할 수 있는 양자론	4.0
문명과 수학	3.5
누구나 이해할 수 있는 상대성 이론	4.0
중국 읽어주는 남자	3.5
가난하다고 꿈조차 가난할 수는 없다	3.0
하늘길	3.0
츠바사	4.0
우리 누나	3.5
파브르 곤충기	3.0
아주 특별한 우리 형	3.0
가로세로 세계사	3.0
21세기 먼나라 이웃나라	3.5
피노키오	3.0
서울쥐와 시골쥐	3.0
영화야 놀자	3.0
과학의 전도사 리처드 파인만	3.0
하늘을 나는 돼지	3.0
맹꽁이 서당	3.0
소울이터 Soul Eater	4.0
지구라는 행성	3.0
(뉴 52) 배트맨 3 : 가족의 죽음	4.0
(뉴 52) 배트맨 5 : 제로 이어 - 어둠의 도시	4.0
21세기 먼나라 이웃나라 9	3.5
마지막 잎새	3.0
콩쥐팥쥐	3.0
개미와 베짱이	3.0
성냥팔이 소녀	3.0
여우와 두루미	3.0
스티븐 킹 단편집	3.0
어느 날 내가 죽었습니다	3.0
어린왕자 두 번째 이야기	3.0
어린왕자	3.5
0시를 향하여	3.0
조선의 음담패설	3.0
10년 후, 한국	3.0
EBSi 강의교재 사회탐구영역 큰	4.0
EBSi 강의교재 사회탐구영역 큰	4.0
누들 로드	3.5
S라인	3.5
지식 e - 시즌 4	3.0
지식 e - 시즌 3	3.0
지식 e - 시즌 2	3.0
지식 e - 시즌 1	3.0
말벌	2.0
다이고로야, 고마워	3.0
살인자ㅇ난감 -	3.5
안나라수마나라	3.0
연민의 굴레	3.5
죽기 전에 꼭 봐야 할 영화 1001	3.5
내게는 아직 한쪽 다리가 있다	3.0
듀이 : 세계를 감동시킨 도서관 고양이	3.0
자전거 도둑	3.0
공포의 물고기	3.0
아인	3.5
나쁜 책	3.0
거울 속	3.0
바보처럼 공부하고 천재처럼 꿈꿔라	3.0
선천적 얼간이들	3.5
죽음에 관하여	3.5
돌아온 자살토끼	3.0
지도 밖으로 행군하라	3.0
약소국 그랜드 펜윅의 달나라 정복기	4.0
약소국 그랜드 펜윅의 월스트리트 공략기	3.5
약소국 그랜드 펜윅의 뉴욕 침공기	4.0
이문열 이희재 만화 삼국지 세트 -	3.5
아인슈타인과 호킹의 블랙홀 랑데부	3.5
49일간의 비밀	3.5
크림슨 리버	3.0
당신 옆을 스쳐간 그 소녀의 이름은	4.0
한국스릴러문학 단편선	3.5
몸	4.0
수학귀신	3.5
손톱	2.5
한국 공포 문학 단편선 2	3.5
한국 공포 문학 단편선	3.5
리틀 드러머 걸	3.0
시인의 계곡	3.0
시인	4.0
셀	3.0
스키다마링크	2.0
자살토끼	3.0
바다에서 살아남기	3.0
심야식당	3.0
강철의 연금술사	4.5
몬스터	4.5
생명이 있는 것은 다 아름답다	3.0
식객	3.5
노빈손 정조대왕의 암살을 막아라	3.0
모리와 함께한 화요일	3.5
80일간의 세계일주	3.5
만화로 보는 그리스 로마 신화	3.5
빙하에서 살아남기	3.0
사막에서 살아남기	3.0
아마존에서 살아남기	3.0
무인도에서 살아남기	3.0
기생수	4.0
나일 강의 죽음	3.5
오리엔트 특급살인	3.5
벌집을 발로 찬 소녀	4.5
불을 가지고 노는 소녀	3.5
여자를 증오한 남자들	4.0
셜록 홈즈 전집 2 : 배스커빌의 개	4.0
셜록 홈즈 : 실크 하우스의 비밀	3.0
사라진 소녀들	3.0
초신성과 블랙홀	3.5
E=mc²	3.5
백범일지	3.0
에코와 소름마법사	3.0
노인을 위한 나라는 없다	4.0
신과 함께 : 신화편	3.0
봄.봄 「김유정」	3.0
운수 좋은 날 「현진건」	3.0
스타일즈 저택의 죽음	3.0
빙의 이야기	3.0
귀신 이야기	3.0
상처 이야기	3.5
키켄	3.0
신과 함께 : 이승편	3.5
신과 함께 : 저승편	4.0
모스트 원티드 맨	3.0
15소년 표류기	3.5
수수께끼 풀이는 저녁식사 후에	3.5
개를 산책시키는 남자	3.5
수레바퀴 아래서	3.5
살고 싶다	4.0
소금	3.0
로드	4.0
아홉살 인생	3.5
팅커, 테일러, 솔저, 스파이	5.0
나는 전설이다	4.0
만약 고교야구 여자 매니저가 피터 드러커를 읽는다면	3.0
호박방	2.5
인페르노	4.0
천사와 악마	3.5
맏물 이야기	3.0
너무 친한 친구들	3.0
천사의 나이프	3.5
바람을 뿌리는 자	3.0
백설공주에게 죽음을	4.0
살인의 해석	3.0
맥베스	3.5
빅 픽처	3.5
연산군	3.5
왕을 참하라 -	3.0
빅 히스토리	4.0
백은의 잭	2.5
킹을 찾아라	2.5
녹스머신	3.0
목 조르는 로맨티스트	4.0
사이코로지컬	3.5
목매다는 하이스쿨	3.0
카니발 매지컬	3.0
잘린머리 사이클	3.0
괭이부리말 아이들	3.0
재미있는 일본이야기	4.0
레일리가 들려주는 빛의 물리 이야기	4.0
홍당무	3.0
멘델레예프가 들려주는 주기율표 이야기	4.0
슈뢰딩거가 들려주는 양자물리학 이야기	3.0
볼츠만이 들려주는 열역학 이야기	3.0
아인슈타인이 들려주는 상대성원리 이야기	3.0
페르미가 들려주는 핵분열, 핵융합 이야기	4.0
모랫말 아이들	3.0
당신의 그림자는 월요일	3.5
(뉴 52) 배트맨 7 : 엔드 게임	4.0
호밀밭의 파수꾼	3.0
죄와 벌	3.5
천사의 속삭임	4.0
검은 집	4.0
타나토노트	4.0
천사들의 제국	3.5
베르나르 베르베르의 상상력 사전	3.0
카산드라의 거울	2.5
외딴섬 퍼즐	3.0
빅 슬립	3.0
왓치맨 Watchmen	4.5
헝거 게임	2.5
할로우 시티	3.0
페러그린과 이상한 아이들의 집	3.0
궁극의 아이	3.5
트레이더	3.5
우익의 전쟁	3.0
스트롱맨의 시대	3.5
그래스호퍼	3.0
천년의 금서	2.5
무궁화 꽃이 피었습니다	3.0
新 황태자비 납치사건	1.5
싸드 THAAD	2.5
삼성 컨스피러시	2.5
웃음	4.0
B파일	2.5
그림자 정부 (정치편)	4.5
그림자 정부 (미래사회편)	4.5
E=mc2	3.5
시크릿 하우스	3.5
혼돈의 도시	3.0
꿈꾸는 책들의 도시	4.5
리틀 스트레인저	3.0
시계태엽 오렌지	5.0
로트레크 저택 살인 사건	3.5
천계살의	3.5
모방살의	3.5
터널	2.5
반물질	4.5
보이드	3.5
하우스 오브 카드	4.0
애완동물 공동묘지 -	3.0
닥터 슬립 1	3.5
그레이맨	3.5
하카타 돈코츠 라멘즈	3.0
듀마 키	2.5
개의 힘	5.0
에드거 앨런 포 단편선	3.5
검은 고양이	3.5
모모	4.0
박시백의 조선왕조실록 1	4.5
염매처럼 신들리는 것	4.0
사관장	3.0
백사당	2.5
모나드의 영역	1.5
먼나라 이웃나라	3.0
레오파드	4.0
박쥐	3.5
네메시스	4.5
데빌스 스타	4.5
스노우맨	4.5
아들	4.0
바퀴벌레	3.0
밀실살인게임	3.0
밀실살인게임 2.0	3.5
밀실살인게임 마니악스	3.0
우리 집에 놀러 오세요	3.5
더 드롭	2.5
해리 포터와 죽음의 성물	4.5
해리 포터와 불사조 기사단	4.5
빛의 물리학	4.0
불가능은 없다	4.5
유쾌한 우주강의	4.0
퀀텀스토리	3.0
로스트 심벌	2.5
소나기	3.0
우동 한 그릇	3.0
앵무새 죽이기	3.5
나무	3.0
총 균 쇠	4.0
공중그네	2.5
7년의 밤	3.5
이종필의 아주 특별한 상대성이론 강의	3.0
해리 포터와 혼혈왕자	3.0
오만과 편견	4.0
1984	4.0
뇌	4.0
개미	4.0
신	3.0
정글만리	3.0
미적분으로 바라본 하루	3.5
파피용	4.0
해리 포터와 비밀의 방	4.5
해리 포터와 마법사의 돌	4.0
창문 넘어 도망친 100세 노인	3.5
나미야 잡화점의 기적	3.0
리브 바이 나이트 : 밤에 살다	3.5
그리고 누군가 없어졌다	3.0
환상의 여인	4.0
그리고 아무도 없었다	5.0
위험한 과학책	4.0
13계단	4.0
그레이브 디거	3.5
제노사이드	5.0
1Q84	4.5
노르웨이의 숲	3.5
잠	2.0
애프터 다크	3.0
별도 없는 한밤에	4.0
아버지들의 죄	3.0
Y의 비극	5.0
Z의 비극	4.0
드루리 레인 최후의 사건	3.0
X의 비극	4.0
키리고에 저택 살인사건	4.5
평행우주	4.5
레드 스패로우	4.0
매스커레이드 호텔	3.0
가면 산장 살인 사건	2.5
플래티나 데이터	3.0
패러독스 13	3.0
라플라스의 마녀	3.0
악의	4.5
크림슨의 미궁	4.0
악의 교전	4.0
다크 존	3.0
신세계에서	4.0
조이랜드	3.0
미스터 메르세데스	3.0
샤이닝 	4.0
