﻿피카소	2.0
사소한 정의	4.0
13.67	4.0
백래시	3.5
진중권의 서양미술사 : 모더니즘 편	3.5
김상욱의 양자 공부	3.5
조선에서 백수로 살기	3.0
결혼 시장	3.0
제2파운데이션	3.0
파운데이션과 제국	3.0
플라네테스	3.5
슈독 : 나이키 창업자 필 나이트 자서전	3.0
낙태에 대한 옹호	3.0
파운데이션	3.5
실격당한 자들을 위한 변론	5.0
아몬드	3.0
편의점 인간	3.0
달리기를 말할 때 내가 하고 싶은 이야기	3.5
우리는 왜 이슬람을 혐오할까?	3.5
기본소득이 세상을 바꾼다	3.0
은하영웅전설	3.5
현대미술은 처음인데요	3.0
운명과 분노	4.0
개인주의자 선언	3.5
프루프	3.0
미술관에 간 화학자	3.5
당신, 거기 있어 줄래요?	3.0
빅 픽처	3.5
살인자의 기억법	3.5
어린 왕자	5.0
나무	3.5
연금술사	3.0
오리지널스	3.5
사장을 죽이고 싶나	3.0
SQL 첫걸음	3.0
GO! 히로미	4.0
우주형제 1 2 3 5	4.0
3월의 라이온	4.5
용오	4.0
히스토리에 Historie	4.5
크게 휘두르며 6 9 10 4 13 15	4.0
제멋대로 함선 디오티마	5.0
MARS 마르스 애장판	4.0
H2 오리지널	4.0
허니와 클로버	4.0
노다메 칸타빌레	4.0
바나나 피시 Banana Fish	5.0
피아노의 숲	5.0
어떻게 좀 안 될까요	5.0
헌터x헌터 HunterXHunter 신장판	5.0
칼바니아 이야기	5.0
세븐시즈 7SEEDS 13	5.0
세키네씨의 사랑	4.5
요리사가 너무 많다	2.5
테마 현대미술 노트	3.5
인생	3.0
신부이야기	4.0
엠마	4.0
박진영의 공룡 열전	4.0
곤충 연대기	5.0
자기 앞의 생	4.0
시녀 이야기	4.0
도시는 무엇으로 사는가	3.5
지지 않는다는 말	3.0
LGBT+ 첫걸음	3.5
연애하지 않을 자유	3.5
모순	3.5
사피엔스	4.0
삼체	3.5
검사내전	3.5
불멸의 신성가족	3.5
로봇의 부상	3.5
반 고흐를 읽다	3.0
나의 지구를 지켜줘	4.0
숨결이 바람 될 때	3.5
던전밥	4.0
공생 멸종 진화	4.0
영화를 찍으며 생각한 것	4.5
군주론	3.0
읽지 않은 책에 대해 말하는 법	3.5
강철의 연금술사	5.0
슬램덩크	5.0
프리다 칼로 & 디에고 리베라	3.0
아픔이 길이 되려면	5.0
피프티 피플	5.0
히끄네 집	3.0
중력파, 아인슈타인의 마지막 선물	3.5
너의 췌장을 먹고 싶어	4.0
세상물정의 물리학	3.5
마션	5.0
바닷마을 다이어리	4.0
시빌 워	3.0
배트맨 킬링 조크 BATMAN The Killing Joke : 디럭스 에디션 The Deluxe Edition (양장)	3.5
일본직설	3.0
연애, 안 하는 게 아니라 못 하는 겁니다	3.0
소설 마시는 시간	3.0
무라카미 하루키의 위스키 성지여행	3.0
서양 미술사	2.5
Paint it Rock 1	3.5
여혐민국	5.0
5년 만에 신혼여행	3.5
헬페미니스트 선언, 그날 이후의 페미니즘	5.0
어메이징 그래비티	4.0
맨박스	4.0
울트라 소셜	3.0
행복의 기원	3.5
시티 그리너리	5.0
아낌없이 주는 나무	4.0
반짝반짝 빛나는	3.5
소프트웨어 객체의 생애 주기	3.5
오직 두 사람	3.0
스물아홉 생일, 1년 후 죽기로 결심했다	3.0
원더우먼 허스토리	3.0
여중생A	5.0
가시고기	3.0
뇌	3.0
이갈리아의 딸들	4.0
방각본 살인 사건 -	4.0
바리데기	3.0
엄마를 부탁해	3.5
모모	4.5
앵무새 죽이기	5.0
당신 인생의 이야기	5.0
위대한 개츠비	1.5
좀머 씨 이야기	3.5
어린 왕자	5.0
더 리더 - 책 읽어주는 남자	3.5
대성당	3.5
개미	5.0
그리스인 조르바	1.0
고래	3.5
모리와 함께한 화요일	3.5
7년의 밤	3.5
구해줘	3.0
나의 라임 오렌지나무	5.0
그리고 아무도 없었다	3.5
끝없는 이야기 1	4.0
유혹하는 글쓰기	3.5
파이 이야기	5.0
호밀밭의 파수꾼	2.0
스밀라의 눈에 대한 감각	4.0
서양미술사	4.0
심야 이동도서관	5.0
먼 곳에서 온 이야기들	4.0
문구의 모험	3.5
공각기동대	4.0
13계단	4.5
고백	4.5
백설공주에게 죽음을	3.5
스노우맨	3.5
나미야 잡화점의 기적	4.0
82년생 김지영	5.0
