﻿투명한, 반투명한, 불투명한 미술	3.5
흰	4.0
달의 궁전	3.5
변신	4.0
나의 라임 오렌지 나무	3.0
은하수를 여행하는 히치하이커를 위한 안내서	4.0
어린 왕자	4.5
정원에서 보내는 시간	4.0
한국	3.0
광장/구운몽	3.5
사물 유람	3.5
빈센트 반 고흐 Vincent van Gogh (아몬드꽃 표지)	3.5
두나's 런던놀이	1.5
두나's 도쿄놀이	2.0
그러나 나는 살아가리라	2.5
마시멜로 이야기	3.0
혼자만 잘 살믄 무슨 재민겨	3.0
괭이부리말 아이들	4.0
창작의 힘	4.0
예술가의 항해술	4.0
두터운 삶을 향하여	3.5
미술, 뉴에이지를 만나다	3.0
파워 오브 아트	4.0
앤디 워홀 이야기	2.5
앤디 워홀의 철학	3.0
세상을 바꾼 예술 작품들	3.5
개념 미술	3.0
은밀한 갤러리	3.5
그가 걸음을 멈추었을 때	2.5
나는 영화가 좋다	3.0
나는 예술가다	4.0
색에 미친 청춘	1.5
스물은 그립고 서른은 두려운	3.0
디지털 아트	2.5
박찬욱의 몽타주	3.5
박찬욱의 오마주	3.0
마더 이야기	3.0
영화로 보는 세상	3.0
1960년 이후의 현대미술	3.5
영화 그 기호학적 해석의 즐거움	3.5
한국의 영화감독 7인을 말하다 1	3.5
테마 현대미술 노트	3.5
숭고의 미학	4.5
정치적인 것의 가장자리에서	2.5
모더니즘의 영화미학	2.5
현대미술의 풍경	3.0
백남준, 그 치열한 삶과 예술	4.0
editorial 에디토리얼	3.5
기술복제시대의 예술작품 / 사진의 작은 역사 외	4.0
크레이지 아트, 메이드 인 코리아	3.5
마그리트와 시뮬라크르	3.0
올드보이 BOOK	3.5
걸작의 뒷모습	2.0
관계의 미학	3.0
13인의 아해가 도로로 질주하오	4.0
그대, 청춘	3.0
문학과 예술의 사회사	3.0
아름다움은 왜?	2.5
Hint	3.0
나는 천천히 울기 시작했다	3.5
예술가의 작업실	3.5
편안함의 배신	2.0
미술대학에서 가르쳐주지 않는 것들	3.5
현대미술을 찾아서	3.5
달로 가는 제멋대로 펜	2.5
나는 왜, 그림을 그리는가?	4.0
부디 성공합시다	2.5
샤를 보들레르 : 현대의 삶을 그리는 화가	3.5
아티스트 신드롬	3.0
작가의 붓	3.0
백남준, 나의 유치원 친구	3.0
인간의 조건	2.0
이 경계를 지나면 당신의 승차권은 유효하지 않다	3.0
밤의 고아	4.0
그게 아닌데	3.0
재현이란 무엇인가	3.0
쉽게 하는 현대미술 컬렉팅	2.5
존재하나 존재하지 않는 - 소실형	4.0
선화	3.0
푸른 수염	3.0
섬	3.5
클링조어의 마지막 여름	3.5
금오신화	3.0
1984	4.0
구운몽	3.0
인간 실격	4.0
광고천재 이제석	2.0
파페포포 안단테	3.0
우리들의 행복한 시간	4.0
칭찬은 고래도 춤추게 한다	3.0
야생초 편지	3.0
내 생애의 아이들	3.0
난장이가 쏘아올린 작은 공	3.5
마당깊은 집	3.0
꽃으로도 때리지 말라	4.0
연탄길	4.0
오체 불만족	3.0
아홉살 인생	3.5
자전거 도둑	3.0
감자	2.5
동백꽃	3.5
스토너	4.0
삼포 가는 길	3.0
뉴욕 3부작	3.5
삼대	3.5
당신들의 천국	4.0
사람은 무엇으로 사는가	4.0
당신의 조각들	3.0
서울, 1964년 겨울	3.0
운수좋은 날	3.5
서울 시	2.5
꺼삐딴 리	3.5
소설가 구보씨의 일일	3.0
무궁화 꽃이 피었습니다	3.0
고도를 기다리며	4.0
좀머 씨 이야기	4.5
꾸뻬 씨의 행복 여행	3.0
세상의 중심에서 사랑을 외치다	3.0
키다리 아저씨	3.5
무진기행	3.5
모랫말 아이들	3.5
봄.봄 「김유정」	4.5
국화꽃 향기	3.5
하늘과 바람과 별과 詩	4.5
창가의 토토	3.0
변신	3.5
몽실 언니	3.5
원미동 사람들	3.0
냉정과 열정사이 Blu	3.0
어린 왕자	4.0
냉정과 열정사이 Rosso	3.5
앵무새 죽이기	3.5
봉순이 언니	3.5
창문 넘어 도망친 100세 노인	3.5
이방인	4.0
노르웨이의 숲	4.5
용의자 X의 헌신	3.5
개미	3.5
향수	3.0
그리고 아무도 없었다	4.0
호밀밭의 파수꾼	4.0
채식주의자	3.5
오만과 편견	4.0
위대한 개츠비	3.5
가시고기	3.5
동물농장	3.5
나의 라임 오렌지나무	3.0
다 빈치 코드	3.0
어린 왕자	4.0
데미안	4.5
