﻿골든아워	5.0
12가지 인생의 법칙	5.0
초격차	5.0
통섭과 투자	5.0
문병로 교수의 메트릭 스튜디오	5.0
나루토 Naruto	3.5
블리치	3.0
강철의 연금술사	5.0
원피스 ONE PIECE	3.0
주식투자 무작정 따라하기 2 : ETF편	2.5
가상화폐 투자 마법 공식	5.0
언스크립티드 부의 추월차선 완결판	4.5
야밤의 공대생 만화	4.5
할 수 있다! 퀀트 투자	5.0
한눈에 재무제표 보는 법	4.5
부자 아빠 가난한 아빠 	5.0
회계는 어떻게 역사를 지배해왔는가	5.0
삼성의 임원은 어떻게 일하는가	3.5
불구가 된 미국	1.0
거래의 기술	1.5
언어 공부	1.0
알리바바 마윈의 12가지 인생 강의	3.5
블록체인노믹스	4.5
토론의 기술	5.0
나를 사랑하지 못하는 나에게	4.0
유시민의 경제학 카페	3.5
대통령의 글쓰기	4.0
유시민의 글쓰기 특강	4.5
재무제표 모르면 주식투자 절대로 하지마라	5.0
경제기사 궁금증 300문 300답	4.5
차트분석 무작정 따라하기	2.5
주식투자 무작정 따라하기	2.5
겟 스마트	3.0
모든 것이 되는 법	5.0
