﻿신과 함께 : 신화편	4.0
신과 함께 : 이승편	4.0
브루클린의 소녀	3.5
쥐	4.0
유미의 세포들	4.0
자수라	3.5
지금 우리 학교는	4.0
노빈손의 겨울나기	4.0
노빈손의 가을여행	4.0
노빈손의 여름사냥	4.0
노빈손의 봄 나들이	4.0
무서운 그림	3.5
만화로 보는 가시고기	4.0
목욕의 신	4.0
구두장이 꼬마요정	3.5
곰 사냥을 떠나자	3.5
순이와 어린동생	4.0
반쪽이	4.0
난쟁이 코	4.0
언어의 온도	3.5
쌉니다! 천리마 마트	4.0
21세기 먼나라 이웃나라 9	3.5
새 먼나라 이웃나라	3.5
슈퍼 시크릿	4.0
마음의 소리	4.0
편안하고 사랑스럽고 그래	4.0
고릴라	4.0
내 남자친구 이야기	4.0
내 여자친구 이야기	4.0
개구리와 두꺼비의 하루하루	4.0
개구리와 두꺼비의 사계절	4.5
신만이	3.5
죽기 전에 꼭 봐야 할 영화 1001편	5.0
어린 왕자	4.5
크레용 신짱	3.5
무술소년 꼬망	4.0
초등학생이 꼭 알아야 할 아름다운 우리말	3.5
대학일기	4.0
금요일	4.0
위기탈출 넘버원	3.5
만화로 보는 요정 이야기	3.5
오싹오싹 몬스터 세상	3.5
까막눈 삼디기	4.0
열 살이면 세상을 알 만한 나이	3.5
이제 와서 날개라 해도	4.0
나미야 잡화점의 기적	5.0
프랑켄슈타인	4.0
신과 함께 : 저승편	4.5
마린 블루스 2	4.0
39층 나무 집	3.5
26층 나무 집	4.0
13층 나무 집	4.0
구덩이	4.0
여중생A	5.0
행복한 왕자	4.0
고 녀석 맛있겠다	4.0
수학마왕	3.5
누가 내 머리에 똥 쌌어?	4.0
내겐 드레스 백 벌이 있어	3.5
부들부들 바이킹 신화	4.0
잉카가 이크이크	4.0
학교에 간 개돌이	4.0
영모가 사라졌다	4.0
율리시스 무어 7	3.5
유치한게 딱! 좋아!	3.5
날아라, 슛! 어린이 월드컵	3.5
스펀지	3.5
깃털 없는 기러기 보르카	3.5
여우누이	4.0
쌍둥이 빌딩 사이를 걸어간 남자	4.5
Peter Pan	3.5
풀꽃과 친구가 되었어요	4.0
내가 그린 히말라야시다 그림	3.5
탐정영화	3.5
마지막 수업	4.0
어린이 공룡백과	3.5
82년생 김지영	4.0
네 손가락의 피아니스트 희아의 일기	4.0
피에트라 강가에서 나는 울었네	4.0
작은 백마 -	3.5
시베리아에서 살아남기	4.0
뤼팽 대 홈스의 대결	3.5
실크웜	4.0
데스 노트 Death Note	4.0
도라에몽 플러스	4.0
가면 산장 살인 사건	4.0
예담이는 열두 살에 1000만원을 모았어요	3.5
폭풍우 치는 밤에	4.0
얘들아, 역사로 가자	4.0
왕따와 학교폭력 이겨내기 작전 1호	4.0
이상한 화요일	3.5
명탐정 셜록 홈즈의 사건집	4.0
님의 침묵	4.0
일기 감추는 날	4.0
멋진 내 남자 친구	4.0
	4.0
코뿔소 한 마리 싸게 사세요!	3.5
밥 힘으로 살아온 우리 민족	4.0
별을 헤아리며	4.0
위대한 여행	4.0
국어실력이 밥 먹여준다	3.5
오발탄 외	4.0
휠체어를 타는 친구	3.5
장화 신은 고양이	3.5
월리를 찾아라! 	3.5
어린이 이슬람 바로 알기	3.5
복제인간 사냥꾼	4.0
일곱 개의 고양이 눈	4.0
사오정시리즈	3.5
뢰제의 나라	4.0
프린들 주세요	3.5
나쁜 어린이표	4.0
우리 반 인터넷 사이트 고민의 방	3.5
빨간 모자	4.0
벌거벗은 임금님	4.0
오성과 한음	4.0
친구들에게 인기 있는 아이 인기 없는 아이	3.5
엄마는 단짝친구 1	4.5
늑대와 일곱 마리 아기염소	3.5
애거서 크리스티 전집 (완전판)	4.0
게임동화 메이플 스토리	3.5
엿보기 구멍 1	3.5
멈추지 않는 도전 박지성	4.0
인구조절구역	3.5
알쏭달쏭 과학상식	3.5
마시멜로 세 번째 이야기	3.0
하멜표류기	4.0
우선순위 영단어	3.0
괴물	3.5
두 얼굴의 여친	3.5
포켓몬스터 스페셜 	4.0
지킬 박사와 하이드	4.5
캔디	3.5
돌아온 자살토끼	4.0
수호지	4.0
오싹오싹 팡팡 공포특급	3.0
서프라이즈 대탈출	3.5
으악! 너무 너무 무섭다!	3.5
구성애 아줌마의 초딩 아우성	4.0
깊은 밤 부엌에서	3.5
눈의 여왕	3.5
개미와 베짱이	3.5
여우와 두루미	3.5
미술관에 간 윌리	4.0
19 Nineteen	3.0
아름다운 단편동화	4.0
열두 사람의 아주 특별한 동화	4.0
양파의 왕따일기	4.0
너무 예쁜 소녀	4.0
톰 소여의 모험	4.0
제랄다와 거인	3.5
고마워, 다행이야	3.0
두근두근 두근거려	3.5
이말년 서유기 1	4.0
진화가 진짜진짜	3.5
별볼일 있는 별자리여행	3.5
공룡이 용용 죽겠지	3.5
자동차가 부릉부릉	3.5
고려가 고마워요	4.0
사랑해요 삼국시대	4.0
축구가 으랏차차	3.5
연극이 희희낙락	4.0
켈트족이 꿈틀꿈틀	4.0
혁명이 후끈후끈	4.0
새콤달콤 셰익스피어 이야기	3.5
아슬아슬 아스텍	4.0
바다가 바글바글	4.0
화산이 왈칵왈칵	4.0
감쪽같은 가상현실	3.5
쿵쾅쿵쾅 크리스마스	3.5
인터넷이 이럴수가	3.5
컴퓨터가 키득키득	3.5
소리가 슥삭슥삭	4.0
전기가 찌릿찌릿	4.0
수학 비타민	3.5
방송이 신통방통	4.0
지진이 우르쾅쾅	4.0
벌레가 벌렁벌렁	4.0
식물이 시끌시끌	4.0
파고 파헤치는 고고학	3.5
뜨끔뜨끔 동화 뜯어보기	4.0
새록새록 성경이야기	4.0
재주많은 다섯친구	4.0
물리가 물렁물렁	4.0
구석구석 인체 탐험	4.0
난 토마토 절대 안 먹어	4.0
팥죽 할머니와 호랑이	3.5
늑대가 들려주는 아기돼지 삼형제 이야기	3.5
책 먹는 여우	4.0
여자는 힘이 세다 : 한국편	4.0
여자는 힘이 세다 : 세계편	4.0
갑수는 왜 창피를 당했을까	4.0
어린이를 위한 흑설공주 이야기	4.0
언제까지나 너를 사랑해	4.0
똥벼락	4.0
선인장 호텔	4.0
만화로 배우는 21세기 명심보감	4.0
로마 미스터리	3.5
뚱딴지 조선시대	4.0
조폭 아가씨 2부	3.5
레밍 딜레마	4.0
아찔아찔 아서왕 전설	4.0
백악관을 기도실로 만든 대통령 링컨 (반양장)	3.5
핵 폭발 뒤 최후의 아이들	4.0
노빈손의 으랏차차 중국 대장정	4.0
도리언 그레이의 초상	4.0
다니엘 학습법	3.5
드래곤 볼	4.0
청년 노동자 전태일	4.0
장 크리스토프 1	4.0
짬 시즌 2	4.0
짬	4.0
무한동력 1	4.5
우주가 우왕좌왕	4.0
내 고추는 천연 기념물	4.0
수학이 자꾸 수군수군 -	4.0
질병이 지끈지끈	4.0
동물이 뒹굴뒹굴	4.0
꼬르륵 뱃속여행	4.0
화학이 화끈화끈	4.0
수학이 또 수군수군	4.0
수학이 수군수군	4.0
꾸벅꾸벅 클래식	4.0
성냥팔이 소녀	3.5
금도끼 은도끼	4.0
콩쥐팥쥐	3.5
올록볼록 올림픽	4.0
야구가 야단법석	4.0
와글와글 월드컵	4.5
영차영차 영국축구	4.0
만년샤쓰	4.0
엄마의 마흔번째 생일	4.0
살아 있는 동안 꼭 해야 할 49가지	3.5
한밤중 톰의 정원에서	3.5
미노스	4.0
영화가 얼레꼴레	4.5
배려	4.0
명탐정 코난	3.5
내 이름은 나답게	4.0
은밀하게 위대하게	3.5
제임스와 슈퍼 복숭아	4.0
식객	4.0
보리타작 하는 날	4.0
오줌 멀리싸기 시합	4.0
사금파리 한 조각	4.0
마법천자문	4.5
코믹 메이플 스토리 오프라인 RPG	3.5
원숭이, 빨간 피터	3.5
지팡이 경주	4.5
산적의 딸 로냐	4.0
지각대장 존	4.5
종이 봉지 공주	4.5
행복한 청소부	4.0
생각을 모으는 사람	4.0
프레드릭	4.0
짱뚱이의 아빠	5.0
짱뚱이의 내 동생은 거북이	5.0
짱뚱이의 우리집은 흥부네 집	5.0
짱뚱이의 우리는 이렇게 놀았어요	5.0
짱뚱이의 보고 싶은 친구들	5.0
짱뚱이의 나의 살던 고향은	5.0
플랜더스의 개	4.5
운수 좋은 날 「현진건」	3.5
태평천하	4.0
봄.봄 「김유정」	4.0
삼대	4.0
소나기	4.0
광수생각	3.5
TV동화 행복한 세상 1	4.5
이라크에서 보물찾기	4.0
노빈손, 피라미드의 비밀을 풀어라	4.0
노빈손의 버뮤다 어드벤처	4.0
무서운 게 딱! 좋아!	3.5
아로와 완전한 세계	4.5
큰바위 얼굴	4.0
목걸이	3.5
달빛 조각사	3.0
베르사이유의 장미	4.5
달님은 알지요	3.5
오페라의 유령	4.0
십팔사략	3.5
마시멜로 두 번째 이야기	3.5
노빈손의 남극 어드벤처	4.0
작은 아씨들	4.0
아주 특별한 우리 형	4.0
신기한 스쿨버스	4.0
반갑다, 논리야	4.0
악마와 미스 프랭	4.0
Why? 사춘기와 성	4.0
황당한게 딱! 좋아!	4.0
쇼킹한 게 딱 좋아	4.0
오즈의 착한 마녀 글린다	4.5
오즈의 에메랄드 시	4.0
기암성	5.0
뤼팽의 대모험	4.0
하이디	4.0
피터 래빗 시리즈 전집	4.0
명탐정 셜록 홈즈의 공포의 계곡	4.0
명탐정 셜록 홈즈의 바스커빌 가문의 개	5.0
명탐정 셜록 홈즈의 네 개의 서명	4.0
엄마를 부탁해	4.0
기본 수학의 정석 미적분 1 (2017년용)	3.0
기본 수학의 정석 수학 1 (2017년용)	3.0
돌아온 진돗개 백구	4.0
스프링벅	4.0
호첸플로츠 또 다시 나타나다 3	4.5
호첸플로츠 다시 나타나다! 2	4.5
왕도둑 호첸플로츠 1	5.0
에밀과 탐정들	4.0
강아지똥	4.0
마법의 설탕 두 조각	4.0
곤충 세계에서 살아남기	4.0
압록강은 흐른다 -	3.5
자전거 도둑	4.0
샬롯의 거미줄	4.0
가방 들어주는 아이	3.5
안내견 탄실이	4.0
짜장 짬뽕 탕수육	4.0
너도 하늘말나리야 	4.0
창가의 토토	4.0
어린이 피아노 소곡집	3.5
우동 한 그릇	4.0
무지개 곶의 찻집	4.0
셰익스피어 이야기	4.0
이문열 이희재 만화 삼국지 세트 -	5.0
소가 된 게으름뱅이	3.5
허생전	4.0
박씨전	4.0
후레자식	4.0
여탕보고서	3.5
이웃 사람	4.0
총을 거꾸로 쏜 사자 라프카디오	4.0
아낌없이 주는 나무 (어린이용)	4.5
논리야 놀자	4.0
누가 내 치즈를 옮겼을까?	4.0
대지	4.0
이솝 우화집	4.0
탈무드	4.0
내 영혼이 따뜻했던 날들	4.0
로빈슨 크루소 따라잡기	4.0
노빈손의 무인도 완전정복	4.0
노빈손... 해적 선장의 보물을 찾아라	3.5
노빈손의 아마존 어드벤처	3.5
노빈손의 시끌벅적 일본 원정기	4.0
노빈손 에버랜드에 가다!	4.0
메밀꽃 필 무렵	3.5
시간의 퍼즐 조각	4.0
백야	4.0
위대한 유산	3.5
전쟁과 평화	3.5
사람의 아들 예수	4.0
별	4.0
딥스	4.0
지도 밖으로 행군하라	4.0
몽실 언니	4.0
돼지가 한 마리도 죽지 않던 날	4.0
사흘만 볼 수 있다면	4.0
연어	4.0
무소유	4.0
나를 있게 한 모든 것들	4.0
99번째 주검	3.5
폰더 씨의 위대한 하루	4.0
천국에서 만난 다섯 사람	4.0
클로디아의 비밀	4.5
기적은 당신 안에 있습니다	4.5
니벨룽의 노래	4.0
군주론	3.5
플루타르크 영웅전	4.0
크라바트	4.5
톰 아저씨의 오두막집	4.0
100년 후에도 읽고 싶은 세계명작단편	4.5
에이드리언 몰의 비밀일기	4.0
사랑의 유산	3.5
덕혜옹주	3.5
노빈손 아이스케키 공화국을 구하라	4.0
오렌지소녀	4.0
나는 까칠하게 살기로 했다	4.0
찰리 챈, 중국 앵무새	4.0
화차	4.5
엘론 머스크, 대담한 도전	4.0
작은 보석	3.5
프레임	3.5
나는 매일 진화한다	4.0
사랑을 찾아 돌아오다	4.0
마녀와 성녀	3.5
파리의 노트르담	4.0
레미제라블	4.5
톨스토이 단편선	4.0
한밤중에 개에게 일어난 의문의 사건	4.0
도로시와 오즈의 마법사	4.5
오즈의 오즈마 공주	4.5
오즈의 마법사 2 : 환상의 나라 오즈	4.0
위대한 마법사 오즈	5.0
청소년 토지	4.5
수정마개	4.0
자유의 감옥	3.5
모모	4.5
올리버 트위스트	4.0
세라 이야기	4.0
세드릭 이야기	4.5
하리하라의 생물학 카페	4.0
연금술사	4.5
정재승의 과학 콘서트	4.0
열세 살 키라	3.5
열두 살에 부자가 된 키라	4.0
호밀밭의 파수꾼	4.0
햇빛사냥	3.5
나의 라임 오렌지나무	4.5
돼지책 (100쇄 기념판)	4.0
허삼관 매혈기	4.5
책은 도끼다	4.0
어두운 상점들의 거리	3.5
Y의 비극	5.0
클림트, 황금빛 유혹	4.0
디케의 눈	4.0
생각 사용 설명서	4.0
템테이션	4.0
무비스타 왕조현	4.0
돈키호테	4.0
어느 날 내가 죽었습니다	3.5
걸리버 여행기	4.5
삼총사	4.5
몬테크리스토 백작	4.5
갈매기의 꿈	4.0
이방인	4.0
고딕 소녀	3.5
수업시간 그녀	4.0
노인과 바다	4.0
꽃들에게 희망을	4.0
비밀의 화원	4.5
스물아홉 생일, 1년 후 죽기로 결심했다	4.0
책읽기의 달인, 호모 부커스	4.0
파페포포 안단테	4.0
그림자 전쟁	4.0
나카노네 고만물상	3.5
Alice - 이상한 나라의 앨리스.거울 나라의 앨리스	4.5
피터팬	4.0
왕자와 거지	4.0
오체 불만족	3.0
감정사용설명서	3.5
손도끼	4.0
로빈슨 크루소	4.0
크리스마스 캐럴	4.0
수학귀신	3.5
오 해피 데이	4.0
난쟁이 피터	4.0
에너지 버스	3.5
천 번을 흔들려야 어른이 된다	3.0
80일간의 세계일주	4.5
술 취한 코끼리 길들이기	4.0
멋진 신세계	4.0
파리대왕	4.5
동물농장	4.5
테스	4.0
제인 에어 	4.0
키다리 아저씨	4.0
홍당무	4.0
남한산성	4.0
칼의 노래	4.0
졸업	3.5
프로이트의 의자	4.0
꾸뻬 씨의 행복 여행	3.5
마당을 나온 암탉 (반양장)	4.0
콩, 너는 죽었다	4.0
스크루테이프의 편지 	4.0
행복이 담긴 통조림	4.0
명탐정 따위 두렵지 않다	4.0
듀이 : 세계를 감동시킨 도서관 고양이	4.0
1만 시간의 법칙	3.5
두 개의 혼	4.0
마시멜로 이야기	4.0
안 된다고 하지 말고 아니라고 하지 말고	4.0
SPEED	4.0
플라이, 대디, 플라이	4.0
잘못은 우리 별에 있어	4.0
내 심장을 쏴라	4.0
7년의 밤	4.5
키스를 찾아서	3.5
똑똑하게 사랑하라	3.5
왜 그 이야기는 음악이 되었을까	4.0
너는 나에게 상처를 줄 수 없다	4.0
어린왕자 두 번째 이야기	4.0
세상의 중심에서 사랑을 외치다	4.0
해를 품은 달	4.5
규장각 각신들의 나날	4.5
성균관 유생들의 나날	4.5
신	4.5
천사들의 제국	4.0
타나토노트	4.5
뇌	4.0
아버지들의 아버지	4.0
파라다이스	4.0
나무	4.5
파피용	4.5
라비린토스	4.0
내 이름은 빨강	3.5
독일인의 사랑	3.5
위대한 개츠비	4.0
내 아들아 너의 인생의 선택은 이렇게 하며 살아라	4.0
공허한 십자가	4.0
코끼리에게 날개 달아주기	4.0
군대심리학	4.0
완득이	4.0
우아한 거짓말	4.0
개를 훔치는 완벽한 방법	4.0
창문 넘어 도망친 100세 노인	4.5
모리와 함께한 화요일	4.5
어나더 에피소드 S	3.5
어나더	4.0
심야식당	4.0
카지노	4.0
선물	4.0
빅 픽처	4.0
나는 다만, 조금 느릴 뿐이다	4.0
나는 세상의 모든 것을 군대에서 배웠다	4.0
하루 10분 독서의 힘	4.0
찰리와 거대한 유리 엘리베이터	4.5
찰리와 초콜릿 공장 	5.0
마틸다 (반양장)	4.5
널 그리는 바다	3.5
시머트리	4.0
데스 큐어	4.0
스코치 트라이얼	4.0
메이즈 러너	4.0
만약 고교야구 여자 매니저가 피터 드러커를 읽는다면	3.5
꿈이 있는 거북이는 지치지 않습니다	4.5
월하의 연인	3.5
구해줘	4.0
왜 책을 읽는가	3.5
굿바이! 떨림증	4.0
내게는 아직 한쪽 다리가 있다	5.0
1리터의 눈물	4.0
나일 강의 죽음	4.0
쥐덫	5.0
애크로이드 살인사건	5.0
오리엔트 특급살인	5.0
그리고 아무도 없었다	5.0
살인자의 기억법	4.0
일곱 번 죽은 남자	4.5
괴도 신사 뤼팽	5.0
셜록 홈즈 : 실크 하우스의 비밀	4.0
명탐정 셜록 홈즈의 회상 - 완역판	5.0
명탐정 셜록 홈즈의 모험	5.0
노는 만큼 성공한다	4.0
남극에서 살아남기	4.0
지진에서 살아남기	4.0
산에서 살아남기	4.0
동굴에서 살아남기	4.0
바다에서 살아남기	4.0
초원에서 살아남기	4.0
화산에서 살아남기	4.0
납치당하고 싶은 여자	4.0
개를 산책시키는 남자	4.0
축하해	4.5
고백	4.5
노인의 전쟁	4.5
모든 집에는 비밀이 있어	4.0
글자전쟁	3.5
불타는 구두를 신어라	4.0
언틸유아마인	4.0
걸 온 더 트레인	4.0
슬럼독 밀리어네어	4.5
노르웨이의 숲	4.0
여덟 단어	4.0
자살토끼	4.0
천년의 금서	4.0
흐르는 강물처럼	4.0
공포의 헬멧	3.5
당신의 과거를 지워드립니다	4.0
사랑하기 때문에	4.0
검은 고양이	4.0
구운몽	4.0
폭풍의 언덕	4.5
은교	3.5
죽음에 관하여	5.0
선천적 얼간이들	5.0
언어천재 조승연의 이야기 인문학	4.5
빙하에서 살아남기	4.0
사막에서 살아남기	4.0
아마존에서 살아남기	4.5
무인도에서 살아남기	5.0
수레바퀴 아래서	4.0
데미안	4.0
향수	3.5
당신, 거기 있어 줄래요?	4.0
페넬로피아드	4.0
그 후에	3.5
스도쿠 살인 사건	3.5
계속모드	4.0
미치도록 나를 바꾸고 싶을때	3.5
유진과 유진	4.0
유머가 이긴다	4.0
율리시스 무어	4.0
컨설턴트	3.5
눈먼 자들의 도시	4.0
나니아 연대기	4.5
호감도 200% up 시키는 경청 기술	3.5
만화로 보는 그리스 로마 신화	5.0
무게	3.5
서경석의 병영일기	4.0
당신 없는 나는?	4.0
잠	3.5
종이 여자	4.5
다 빈치 코드	3.5
로테와 루이제	4.0
하늘을 나는 교실	4.0
에드워드 툴레인의 신기한 여행	4.0
개포동 김갑수씨의 사정	3.0
천사의 부름	5.0
나는 왜 눈치를 보는가	3.5
원피스식, 세계 최강의 팀을 만드는 힘	4.0
로드	4.0
영화로 만나는 치유의 심리학	4.0
야심만만 심리학	3.5
그림에, 마음을 놓다	4.0
가끔은 제정신	4.0
녹턴	4.0
1cm+ 일 센티 플러스	4.0
1cm	4.0
해리 포터와 죽음의 성물	5.0
해리 포터와 혼혈왕자	5.0
해리 포터와 불사조 기사단	5.0
해리 포터와 불의 잔	5.0
해리 포터와 아즈카반의 죄수	5.0
해리 포터와 비밀의 방	5.0
해리 포터와 마법사의 돌	5.0
바보들이 도망간다	3.5
독서 천재가 된 홍대리	3.5
절대강자	4.0
Paris, 영화 속 풍경을 걷다	4.0
조제는 언제나 그 책을 읽었다	4.0
하악하악	4.0
날아다니는 김C의 휴지통 비우기	4.0
프러포즈 메모리	4.0
파페포포 투게더	4.0
파페포포 메모리즈	4.5
면장 선거	4.5
인 더 풀	5.0
공중그네	5.0
불량 가족 레시피	4.0
뱀에게 신발신기기	4.0
그 섬에 가고 싶다	4.0
거절의 미학	3.5
이기는 대화	3.5
11분	3.5
20대, 공부에 미쳐라	3.0
꼬마 니콜라	4.0
우리 동네	4.0
아프니까 청춘이다	3.0
모킹제이	4.0
캣칭 파이어	4.5
헝거 게임	4.0
농무	4.0
리버 보이	4.0
위저드 베이커리	4.0
용의자 X의 헌신	4.0
카산드라의 거울	3.5
그 사람을 본 적이 있나요?	4.0
모래톱 이야기	4.0
영혼을 위한 닭고기 수프 1	4.0
나는 아직, 어른이 되려면 멀었다	4.0
바보 빅터	4.0
스페인, 너는 자유다	4.0
자살가게	4.0
폭스 밸리	4.0
잇츠 온리 토크	3.5
시크릿	3.0
게임	4.0
28	4.5
나는 죽을 때까지 재미있게 살고 싶다	4.0
절대인문상식	4.0
헬프	4.0
미소 짓는 사람	4.0
이름을 말해줘	4.0
나는 왜 혼자가 편할까?	3.5
달팽이 식당	4.0
FBI 행동의 심리학	4.0
다크 플레이스	4.0
나를 찾아줘	4.0
호빗	4.0
두근두근 내 인생	4.0
바보의 알파벳	3.5
꿈꾸는 다락방	4.0
웃지마	3.0
시간을 달리는 소녀	3.0
안네의 일기	4.0
사람은 무엇으로 사는가	4.5
방과 후	3.5
나를 버리다	4.5
책만 보는 바보	4.0
신의 로직 인간의 매직	3.5
가슴이 시키는 일	4.0
너무 친한 친구들	4.0
사랑받지 못한 여자	4.0
화를 다스리면 인생이 달라진다	4.0
빨간 장화	4.0
사자의 꿀	4.0
야경	4.0
한 글자	4.0
쿠쿠스 콜링	4.0
7년 후	4.0
킹을 찾아라	4.0
걱정도 습관이다	4.0
소파 전쟁	4.0
내 옆에는 왜 이상한 사람이 많을까?	4.0
수수께끼 풀이는 저녁식사 후에	5.0
마법사는 완전범죄를 꿈꾸는가	4.0
잘생긴 개자식	3.0
세상에 너를 소리쳐!	3.5
더 리더 - 책 읽어주는 남자	4.0
독서는 절대 나를 배신하지 않는다	4.0
싸드 THAAD	3.5
밀실살인게임 마니악스	4.0
밀실살인게임 2.0	4.0
밀실살인게임	4.0
욕망해도 괜찮아	4.0
나무를 심은 사람	5.0
왜 나는 나를 아프게 하는가	4.0
연을 쫓는 아이	4.0
견딜 수 없어지기 1초쯤 전에	3.5
감정은 습관이다	4.0
위대한 영화감독들 A To Z	4.5
사부의 요리	4.0
원피스식 인생철학	4.0
모든 것이 F가 된다	3.5
얼리전트	4.0
인서전트	4.0
다이버전트	4.0
세계만화	4.5
두려워 마라 지나고 나면 별것 아니다	4.5
나는 참 괜찮은 사람이고 싶다	5.0
두 사람의 거리 추정	4.5
멀리 돌아가는 히나	4.0
쿠드랴프카의 차례	4.0
바보의 엔드 크레디트	4.0
빙과	4.0
내가 잠들기 전에	4.0
베르나르 베르베르의 상상력 사전	5.0
동주	4.5
좀머 씨 이야기	4.0
한없이 투명에 가까운 블루	3.5
아름다운 마무리	4.0
센트럴파크	4.5
향수	5.0
골든 슬럼버	4.0
일곱 개의 별을 요리하다	4.0
종이달	4.0
채식주의자	3.5
악의 교전	4.0
우리들의 일그러진 영웅	4.0
원피스 ONE PIECE	4.5
먼나라 이웃나라	4.0
