﻿인간 실격	3.0
슬픔이 없는 십오 초	4.5
여우와 별	3.5
이방인	3.5
지금 알고 있는 걸 그때도 알았더라면	4.0
에드거 앨런 포 단편선	3.5
우주의 끝에서 철학하기	2.5
농담	4.5
왜냐하면 우리는 우리를 모르고	3.5
너의 아름다움이 온통 글이 될까봐	4.0
모두를 위한 페미니즘	2.5
생활의 사상	3.0
예술로서의 삶	3.5
Story 시나리오 어떻게 쓸 것인가	5.0
멈추면, 비로소 보이는 것들	2.5
해리 포터와 저주받은 아이 (스페셜 리허설 에디션 대본)	3.0
열두 살에 부자가 된 키라	3.0
갈매기의 꿈	3.5
미 비포 유	3.0
모모	4.5
어린 왕자	5.0
데미안	4.0
엄마의 말뚝	1.5
페르마의 마지막 정리	3.0
별 헤는 밤 천문우주 실험실	2.5
앨런 튜링의 이미테이션 게임	3.5
해리 포터와 마법사의 돌	3.5
밤의 피크닉	3.0
꽃이 없어서 이것으로 대신합니다	2.5
허클베리 핀의 모험	3.5
작가의 시작	4.0
여행, 혹은 여행처럼	2.0
우리는 서로 조심하라고 말하며 걸었다	2.5
기사단장 죽이기	3.0
하늘 호수로 떠난 여행	4.0
쓰잘데없이 고귀한 것들의 목록	3.5
살아야 할 이유	4.0
나의 친애하는 적	4.0
버티는 삶에 관하여	4.0
파피용	5.0
잠	3.5
아내를 모자로 착각한 남자	4.5
오두막	4.0
한낮의 달을 쫓다	3.0
해변의 카프카	4.0
태양계 연대기	3.0
우주 vs. 알렉스 우즈	5.0
무한으로 가는 안내서	5.0
십대, 별과 우주를 사색해야 하는 이유	5.0
A Walk in the Woods: Rediscovering America on the Appalachian Trail	5.0
신의 영혼 오로라	5.0
여행자의 책	5.0
수능대신 세계일주	3.5
명화남녀	3.5
This is Film Poster	3.5
건축이란 무엇인가	3.5
딸과 함께 떠나는 건축여행	3.0
나는 건축가다	4.0
Sherlock: Chronicles	3.5
안도 다다오	3.0
건축, 생활 속에 스며들다	4.0
시나리오 쓰기의 모든 것	5.0
영화, 감독을 말하다	3.0
Sherlock : The Casebook	3.0
한국의 영화감독 7인을 말하다 1	3.0
클린트 이스트우드	4.0
반 고흐의 태양, 해바라기	3.0
예술은 언제 슬퍼하는가	4.0
The Wes Anderson Collection	4.0
The Wes Anderson Collection: The Grand Budapest Hotel	4.0
패션을 뒤바꾼 아이디어 100	3.5
반 고흐, 영혼의 편지 2	4.5
디자이너의 스케치북	4.5
그랜드 부다페스트 호텔로 간 클림트	5.0
죽기 전에 꼭 들어야 할 팝송 1001	4.0
시나리오 이렇게 쓰지 마라!	5.0
그냥 좋은 장면은 없다	3.5
건축가들의 20대	4.0
건축을 뒤바꾼 아이디어 100	3.5
죽기 전에 꼭 들어야 할 앨범 1001	3.0
집을, 순례하다	3.5
반 고흐 인생수업	3.5
영화 수업	5.0
웨스 앤더슨 컬렉션 : 일곱 가지 컬러	4.0
영화연출론	3.5
영화를 뒤바꾼 아이디어 100	3.5
나, 건축가 안도 다다오	3.0
건축학교에서 배운 101가지	4.0
위대한 영화감독들 A To Z	3.0
패션의 탄생	3.0
영화학교에서 배운 101가지	4.0
철학, 영화를 캐스팅하다	3.0
영화를 좋아하는 사람이라면 꼭 알아야 할 70가지	3.0
행복의 건축	3.5
반 고흐, 영혼의 편지 	4.5
나를 보는 당신을 바라보았다	4.0
영화의 이해	5.0
뇌과학자는 영화에서 인간을 본다	4.5
인터스텔라의 과학	3.5
물리학자는 영화에서 과학을 본다	4.0
페르마의 마지막 정리	3.0
꾸뻬 씨의 행복 여행	2.5
창가의 토토 (애장판)	2.0
세계의 끝과 하드보일드 원더랜드	4.0
1984	3.5
내가 알고 있는 걸 당신도 알게 된다면	2.5
마시멜로 두 번째 이야기	3.0
꿈꾸는 다락방	3.0
도시는 무엇으로 사는가	2.5
열한 계단	3.5
나는 나로 살기로 했다	3.0
흐르는 강물처럼	3.5
아프니까 청춘이다	3.0
누가 내 치즈를 옮겼을까?	3.0
은하수를 여행하는 히치하이커를 위한 안내서 - 합본	3.5
꿈의 해석	4.0
직업으로서의 소설가	4.5
죽여 마땅한 사람들	3.0
그랜드 부다페스트 호텔	3.5
혼자 있는 시간의 힘	4.0
5년 후 나에게 - Q&A a day	3.5
하버드 새벽 4시 반	3.0
당신 인생의 이야기	5.0
제3인류	3.5
광고천재 이제석	3.0
나쁜 페미니스트	3.0
샬롯의 거미줄	3.0
레미제라블	3.5
모킹제이	4.5
하늘과 바람과 별과 詩	4.0
캣칭 파이어	4.5
마션	4.5
차라투스트라는 이렇게 말했다	3.5
악의	4.0
죽은 시인의 사회	4.5
이기적 유전자	3.0
코스모스	4.0
걸리버 여행기	2.0
백설공주에게 죽음을	2.0
헝거 게임	4.5
창가의 토토	1.5
모리와 함께한 화요일	2.0
정재승의 과학 콘서트	2.5
달과 6펜스	3.5
시크릿	3.0
눈먼 자들의 도시	3.5
참을 수 없는 존재의 가벼움	3.5
멈추면, 비로소 보이는 것들	2.0
개미	3.0
위대한 개츠비	4.0
엄마를 부탁해	2.0
동물농장	3.0
마시멜로 이야기	2.5
나미야 잡화점의 기적	5.0
연금술사	4.0
어린 왕자	4.0
