﻿브람스를 좋아하세요...	3.5
타인의 고통	4.0
악의 마음을 읽는 자들	4.0
슬픔을 공부하는 슬픔	5.0
시대의 소음	3.5
홀	4.0
클레브 공작부인	3.0
검은 튤립	4.5
밤은 부드러워라	3.5
자기 앞의 생	3.5
나의 눈부신 친구	5.0
목화밭의 고독 속에서	3.0
폭풍의 언덕	4.0
아우라	3.5
설득	4.0
닫힌 방.악마와 선한 신	4.0
정체성	4.0
고독한 산책자의 몽상	3.0
나는 왜 쓰는가	3.5
벌집을 발로 찬 소녀	3.5
불을 가지고 노는 소녀	3.5
여자를 증오한 남자들	3.5
여자를 증오한 남자들	4.0
사라진 배심원	3.5
몰락하는 자	4.0
지금 사랑하지 않는 자, 모두 유죄	3.0
진 브로디 선생의 전성기	3.0
야간 비행	3.5
직업으로서의 소설가	2.5
밤이 선생이다	4.5
경애의 마음	3.5
또하나의 재즈 에세이	3.5
결혼은, 미친 짓이다	3.0
세대 게임	4.0
YES24 블로그 축제 수상자 서른일곱 명의 내 삶의 쉼표	5.0
거의 모든 시간의 역사	2.5
내게 무해한 사람	4.0
붉은 낙엽	3.5
영화를 찍으며 생각한 것	4.0
그 후	4.0
반딧불이	3.0
2018 제9회 젊은작가상 수상작품집	4.0
지상의 노래	4.0
송곳	5.0
나를 보내지 마	4.5
인생 따위 엿이나 먹어라	4.0
잃어버린 아이 이야기	4.0
뭐라도 되겠지	3.0
달콤한 노래	4.0
가능한 꿈의 공간들	3.0
연애하지 않을 자유	4.0
그들에게 린디합을	3.5
나쁜 페미니스트	4.0
아날로그의 반격	3.5
떠나간 자와 머무른 자	4.5
밀리언달러 힙합의 탄생	4.0
닥치는 대로 끌리는 대로 오직 재미있게 이동진 독서법	3.0
새로운 이름의 이야기	4.5
생의 이면	4.5
이탈리아 100배 즐기기	3.5
모르는 사람들	4.5
매드 사이언스 북	4.0
쌤통의 심리학	4.0
사피엔스	4.0
미생	4.0
피로사회	4.0
위대한 패배자	4.0
세속적 영화, 세속적 비평	3.5
당신 인생의 이야기	2.0
환상의 빛	5.0
풍금이 있던 자리	3.0
월리를 찾아라! 	2.5
어디선가 나를 찾는 전화벨이 울리고	3.5
화성에서 온 남자 금성에서 온 여자	1.5
삼국지	4.0
오만과 편견	3.0
블루 오션 전략 	2.0
1984	3.0
칭찬은 고래도 춤추게 한다	2.0
설득의 심리학	2.5
아프니까 청춘이다	0.5
닥치고 정치	3.0
앨런 튜링의 이미테이션 게임	3.5
멋진 신세계	3.0
마시멜로 이야기	1.5
사랑의 생애	4.0
은어낚시통신	3.0
센티멘털도 하루 이틀	2.5
체스의 모든 것 Everything About Chess	4.0
속죄	5.0
인생이 빛나는 정리의 마법	3.0
바깥은 여름	4.5
신의 축복이 있기를, 닥터 키보키언	3.0
인생 수정	4.0
연쇄살인범 파일	3.5
침저어	3.5
정의란 무엇인가	3.5
삼성을 생각한다	3.0
변신	3.0
정도전을 위한 변명	4.0
기사단장 죽이기	3.0
나는 아내와의 결혼을 후회한다	4.0
글쓰기 생각쓰기	2.5
카네기 인간관계론	2.0
고민하는 힘	4.0
다시 읽는 50가지 유명한 이야기	3.0
정글만리	2.0
인간 실격	3.0
앵무새 죽이기	4.0
이반 데니소비치, 수용소의 하루	4.0
명탐정 코난	5.0
어린 왕자	3.0
슬램덩크	4.0
언젠가 기억에서 사라진다 해도	4.0
밤의 피크닉	3.0
대안의 그녀	3.5
연애시대	3.0
우리들의 일그러진 영웅	3.0
논리야 놀자	2.5
달콤한 악마가 내 안으로 들어왔다	2.5
69	2.5
탈무드	3.0
소송	4.0
더 리더 - 책 읽어주는 남자	4.0
구해줘	2.5
월플라워	4.0
좀머 씨 이야기	2.5
체 게바라 평전	2.0
어린 왕자	2.5
나의 라임 오렌지나무	3.5
누가 내 치즈를 옮겼을까?	1.5
로빈슨 크루소	3.0
레볼루셔너리 로드	4.0
비비안 마이어 : 셀프 포트레이트	4.0
비비안 마이어 : 나는 카메라다	3.5
톨스토이 단편선	4.0
편의점 인간	3.5
나는 소망한다 내게 금지된 것을	4.0
원미동 사람들	3.5
비즈니스	2.5
소금	3.5
7인 7색 21세기를 바꾸는 교양	3.0
멋진 신세계	2.5
부의 미래	3.5
깊이에의 강요	4.0
책읽기의 달인, 호모 부커스	4.0
서른 살이 심리학에게 묻다	3.5
YES24 블로그 축제 수상자 서른한 명의 내 삶의 쉼표	4.5
벌집을 발로 찬 소녀	4.0
불을 가지고 노는 소녀	4.0
스노우맨	2.5
빅 픽처	3.5
얼어붙은 송곳니	2.5
그 많던 싱아는 누가 다 먹었을까	3.0
낯익은 타인들의 도시	3.5
박종진의 쾌도난마	3.0
위험한 독서	4.0
고령화 가족	3.5
인연	3.5
나는 고양이로소이다	2.5
유리문 안에서	4.0
개인주의자 선언	4.0
판사유감	3.5
불멸의 신성가족	3.5
나라 없는 사람	3.5
오래된 정원	3.0
강남몽	3.5
삼포 가는 길	3.5
개밥바라기별	3.5
바리데기	3.0
황석영 : 삼포 가는 길 The Road to Dampo	3.5
삼국지	3.0
삼국지	3.5
데미안	3.0
나오미와 가나코	2.5
테레즈 라캥	3.5
남한산성 (100쇄 기념 아트 에디션)	3.5
남한산성	3.5
밥벌이의 지겨움	3.0
고독이 나를 위로한다	4.0
강산무진	4.5
코리안 쿨	3.0
4001	3.0
걷는 듯 천천히	3.0
배를 엮다	3.5
모스트 원티드 맨	4.5
눈먼 자들의 도시	3.5
나를 보는 당신을 바라보았다	3.5
김기덕, 야생 혹은 속죄양	4.5
사랑을 말할 때 우리가 이야기하는 것	3.5
제발 조용히 좀 해요	3.0
내가 필요하면 전화해	4.0
풋내기들	3.0
체실 비치에서	4.5
울분	4.0
포트노이의 불평	2.0
상냥한 폭력의 시대	3.0
오늘의 거짓말	4.0
낭만적 사랑과 사회	2.0
죽은 왕녀를 위한 파반느	4.0
정확한 사랑의 실험	4.5
벽으로 드나드는 남자	3.5
맛	3.5
성소녀	3.0
나의 한국현대사	4.0
운명이다	4.0
청춘의 독서	2.5
후불제 민주주의	3.5
불안	4.0
여행의 기술	3.5
우리는 사랑일까	3.5
뉴스의 시대	3.0
희박한 공기 속으로	4.5
멋진 하루	4.0
64	4.0
사라진 이틀	3.5
저물어 가는 여름	3.0
분노	3.5
사랑에 난폭	3.0
사요나라 사요나라	2.5
악인	4.0
7월 24일 거리	3.5
푸른 불꽃	3.5
검은 집	3.0
속죄	3.5
고백	3.0
호텔 로열	3.5
백야행	2.5
다잉 아이	2.5
악의	2.0
방황하는 칼날	3.5
비밀	2.5
새벽 거리에서	3.0
용의자 X의 헌신	4.0
나를 부르는 숲	4.0
A Walk in the Woods: Rediscovering America on the Appalachian Trail	4.0
빌 브라이슨 발칙한 미국산책	2.5
엄마를 부탁해	4.0
아내가 결혼했다	3.0
솔로몬의 위증	3.5
모방범	4.0
낙원	3.5
외딴집 	3.0
이름 없는 독	3.5
마술은 속삭인다	2.5
이유	4.0
친구가 모두 나보다 잘나 보이는 날엔	3.0
걷기예찬	2.5
기타노 다케시의 생각노트	3.5
김혜리 기자의 영화야 미안해	4.0
박찬욱의 오마주	3.0
나를 찾아줘	4.0
상속	3.0
마이너리그	3.5
2016 제7회 젊은작가상 수상작품집	4.0
2017 제8회 젊은작가상 수상작품집	4.5
레가토	4.0
체스의 모든 것	3.0
유혹하는 글쓰기	3.0
건지 감자껍질파이 북클럽	3.5
공중그네	2.5
달의 궁전	4.0
블론드	3.5
빛과 물질에 관한 이론	4.5
심플 플랜	2.5
암스테르담	4.0
언더 더 스킨	3.0
올리브 키터리지	2.0
왜 나는 너를 사랑하는가	3.5
인 콜드 블러드	3.5
책 읽어주는 남자	4.5
추락	4.0
태엽 감는 새	3.0
팅커, 테일러, 솔저, 스파이	4.0
한없이 투명에 가까운 블루	2.5
여자 없는 남자들	3.5
포트레이트 인 재즈	4.0
샐러드를 좋아하는 사자	3.5
저녁 무렵에 면도하기	2.0
잠	2.0
밸런타인데이의 무말랭이	2.5
코끼리 공장의 해피엔드	3.0
세일러복을 입은 연필	2.5
해 뜨는 나라의 공장	2.0
쿨하고 와일드한 백일몽	3.0
채소의 기분, 바다표범의 키스	4.0
무라카미 하루키 잡문집	3.0
1Q84	4.0
달리기를 말할 때 내가 하고 싶은 이야기	2.0
국경의 남쪽, 태양의 서쪽	2.5
렉싱턴의 유령	4.0
무라카미 라디오	4.0
노르웨이의 숲	4.5
무라카미 하루키 최고 단편선 - TV 피플	3.5
세계의 끝과 하드보일드 원더랜드	3.0
무라카미 하루키 수필집	3.0
무라카미 하루키 단편걸작선	3.5
해변의 카프카	4.0
갈팡질팡하다가 내 이럴 줄 알았지	2.0
너무 한낮의 연애	3.5
달려라, 아비	3.0
백의 그림자	2.5
새의 선물	4.0
쇼코의 미소	4.5
안녕 주정뱅이	4.5
투명인간	3.5
파씨의 입문	2.5
고래	3.0
7년의 밤	4.0
은교	3.0
화차	4.5
에브리맨	4.5
싱글맨	2.5
태연한 인생	4.0
타고난 거짓말쟁이들	4.0
참을 수 없는 존재의 가벼움	4.5
철학자와 늑대	3.5
파이 이야기	3.0
생존자	4.0
예감은 틀리지 않는다	4.5
위대한 개츠비	3.0
비행운	3.5
색채가 없는 다자키 쓰쿠루와 그가 순례를 떠난 해	4.0
28	3.0
우리는 언젠가 죽는다	4.5
무진기행	2.5
호밀밭의 파수꾼	4.0
작가란 무엇인가 1	3.0
빌 브라이슨 발칙한 유럽산책	5.0
다섯째 아이	4.5
신라를 뒤흔든 12가지 연애스캔들	2.5
무의미의 축제	3.0
그저 좋은 사람	3.0
축복받은 집	4.0
50년간의 세계일주	2.5
우리가 좋아했던 것	1.5
1F/B1 일층, 지하 일층	3.0
당신의 그림자는 월요일	3.5
이동진의 부메랑 인터뷰 그 영화의 비밀	4.0
밤은 책이다	3.0
이동진의 부메랑 인터뷰 그 영화의 시간	4.5
우리가 사랑한 소설들	3.0
질문하는 책들	4.0
박시백의 조선왕조실록 1	4.0
존재의 세 가지 거짓말	2.5
잠의 사생활	3.5
대성당	5.0
발자크와 바느질하는 중국소녀	3.5
인체재활용	4.0
전을 범하다	2.5
스토너	4.5
종이달	3.5
스톤 다이어리	3.0
마션	4.0
버리면서 채우는 정리의 기적	2.0
발칙한 현대미술사	4.0
금수	4.5
핑거스미스	4.0
채식주의자	3.0
머리부터 천천히	2.0
나는 가해자의 엄마입니다	4.5
나는 농담이다	2.0
숨결이 바람 될 때	3.0
로드	3.5
설국	5.0
토니와 수잔 (영화 포스터 표지)	3.0
강남의 탄생	4.0
왜 그들은 우리를 파괴하는가	4.0
쳇 베이커	5.0
살인자의 기억법	3.0
랄랄라 하우스	3.5
너의 목소리가 들려	2.5
나는 나를 파괴할 권리가 있다	4.0
호출	4.0
옥수수와 나	3.0
무슨 일이 일어났는지는 아무도	4.0
엘리베이터에 낀 그 남자는 어떻게 되었나	3.0
빛의 제국	4.5
검은 꽃	2.5
퀴즈쇼	4.0
오직 두 사람	3.5
