﻿체호프 단편선	4.5
부메랑	5.0
플래시 보이스	5.0
엘리베이터에 낀 그 남자는 어떻게 되었나	4.5
오직 두 사람	4.5
사랑을 말할 때 우리가 이야기하는 것	4.0
이반 일리치의 죽음	4.5
캐치-22	4.5
검은 꽃	4.0
표백	4.5
모래의 여자	4.0
한밤의 아이들	5.0
관객모독	3.0
카운슬러	4.5
하얀 성	4.0
임금 인상을 요청하기 위해 과장에게 접근하는 기술과 방법	3.5
새들은 페루에 가서 죽다	5.0
대성당	5.0
시계태엽 오렌지	4.0
라디오헤드로 철학하기	4.0
어두운 상점들의 거리	4.0
권태	3.5
엄청나게 시끄럽고 믿을 수 없게 가까운	5.0
카타리나 블룸의 잃어버린 명예	4.0
나는 형제들에게 전화를 거네	4.0
남아 있는 나날	4.0
자기 앞의 생	5.0
바른 마음	4.5
어니스트 헤밍웨이	5.0
아바나의 시민들	4.5
불안	4.5
죽음이란 무엇인가	4.5
미스터 메르세데스	2.0
세상의 끝	3.5
나는 나를 파괴할 권리가 있다	4.0
시대의 소음	4.0
소문의 벽	4.5
예감은 틀리지 않는다	5.0
픽션들	4.0
넌 동물이야, 비스코비츠!	4.5
세상의 마지막 밤	4.5
나를 보내지 마	4.5
선셋 리미티드	5.0
핏빛 자오선	5.0
로드	5.0
페스트	5.0
넛셸	4.0
죄와 벌	5.0
변신.시골의사	5.0
더블린 사람들	3.0
멋진 신세계	5.0
소송	5.0
바다	5.0
당신들의 천국	5.0
해변의 카프카	4.5
똑똑한 사람들의 멍청한 선택	3.5
빅 숏 Big Short	5.0
죽음에 관하여	3.5
낭만적 연애와 그 후의 일상	4.0
Me Before You	2.5
한국 자본주의	3.5
개미	4.5
채식주의자	4.0
반지의 제왕	4.5
톨스토이 단편선	3.5
자존감 수업	3.5
농담	5.0
앵무새 죽이기	3.5
시지프 신화	5.0
슬픔이 없는 십오 초	4.5
제5도살장	5.0
EBS 다큐프라임 자본주의	5.0
부의 추월차선	4.0
책은 도끼다	3.5
모멸감	5.0
눈먼 자들의 도시	4.0
제3인류	3.5
송곳	5.0
열한 계단	3.5
호모 데우스	5.0
난장이가 쏘아올린 작은 공	5.0
마음	4.5
7년의 밤	4.0
클라우스 슈밥의 제4차 산업혁명	3.5
향수	5.0
빅 픽처	3.0
약속된 장소에서	4.5
국가란 무엇인가	5.0
종의 기원	4.5
나는 왜 너를 사랑하는가	4.5
살인자의 기억법	5.0
미움받을 용기	4.0
마션	4.0
파리대왕	4.0
카라마조프 가의 형제들	5.0
당신 인생의 이야기	4.5
1984	5.0
파피용	4.0
이기적 유전자	4.0
총 균 쇠	3.5
지적 대화를 위한 넓고 얕은 지식 : 현실 너머 편	3.5
그리스인 조르바	5.0
한국의 젊은 부자들	5.0
이방인	5.0
에고라는 적	3.5
나무	3.5
오베라는 남자	4.0
동물농장	5.0
참을 수 없는 존재의 가벼움	5.0
여자 없는 남자들	4.5
사피엔스	5.0
신	4.0
1Q84	5.0
나미야 잡화점의 기적	4.0
위대한 개츠비	5.0
차라투스트라는 이렇게 말했다	4.5
데미안	5.0
그리고 아무도 없었다	5.0
원피스 ONE PIECE	4.0
색채가 없는 다자키 쓰쿠루와 그가 순례를 떠난 해	4.0
피로사회	5.0
호밀밭의 파수꾼	5.0
아내를 모자로 착각한 남자	4.5
만들어진 신	4.5
해리 포터와 마법사의 돌	3.0
상대적이며 절대적인 지식의 백과사전	3.5
