﻿돌이킬 수 없는 약속	0.5
인체재활용	4.0
꿈꾸는 책들의 도시	4.0
고양이는 참지 않아	2.5
당신의 글에는 결정적 한방이 있는가	4.0
캐릭터 공작소	3.5
내가 죽기 일주일 전	1.5
잃어버린 임금을 찾아서	5.0
괜찮지 않습니다	4.0
죽고 싶지만 떡볶이는 먹고 싶어	4.0
기초영양학	3.5
마녀식당으로 오세요	3.0
피아니스트의 뇌	4.5
스토리 트레이닝 : 실전편	3.0
스토리 트레이닝 : 이론편	1.0
가스등 이펙트	5.0
대머리 여가수	3.5
구해줘	2.0
수상한 식모들	1.0
꿈을 파는 남자	4.5
변신	4.5
관객모독	3.5
죽이러 갑니다	3.0
생쥐와 친구가 된 고양이	4.0
종의 기원	4.0
방주로 오세요	3.0
소년이 온다	5.0
파과	4.0
달의 바다	3.0
음흉하게 꿈꾸는 덱스터	2.0
워터멜론 슈가에서	3.5
Q&A	4.0
로트레크 저택 살인 사건	1.5
사서함 110호의 우편물	3.0
편의점 인간	3.5
절망의 구	2.5
범죄의 해부학	4.0
한 글자 사전	4.0
마음사전	5.0
두근두근	3.5
처음 시작하는 그리스 신화	3.5
생각의 완성	4.0
맥베스	4.5
로빈슨 크루소	3.0
청소년을 위한 한국현대문학사	3.5
융 심리학 입문	3.0
느낌의 공동체	4.0
셜록 홈즈의 사건집	5.0
즐거운 식사	5.0
바르다 영문 필기체 노트	4.0
그의 마지막 인사	5.0
한국의 연쇄 살인범 X파일	2.5
현남 오빠에게	4.0
나는 이제 소멸에 대해서 이야기하련다	2.0
어두워진다는 것	5.0
지금 알고 있는 걸 그때도 알았더라면	4.0
혼자 가는 먼 집	3.5
도화 아래 잠들다	4.0
셜록 홈즈 전집 7 : 셜록 홈즈의 귀환	5.0
지적 대화를 위한 넓고 얕은 지식 : 현실 너머 편	4.0
시녀 이야기	5.0
고양이 학교	5.0
방송드라마 창작론	4.5
핵 폭발 뒤 최후의 아이들	5.0
양파의 왕따일기	4.5
나쁜 어린이표	3.5
프린들 주세요	3.5
항아리	2.5
셜록 홈즈의 회고록	4.0
그랜드 부다페스트 호텔	3.5
강남역 10번 출구, 1004개의 포스트잇	4.5
세상에서 가장 재미있는 심리학 백과사전	3.0
보노보노처럼 살다니 다행이야	2.5
낭만적 사랑과 사회	4.0
죽이는 화학	4.5
숙녀의 기분	5.0
거미	3.5
바람의 사생활	4.0
오만과 편견, 그리고 좀비	2.0
리어 왕	4.0
마사코의 질문	3.5
길모퉁이 행운돼지	5.0
거짓말 학교	4.0
프랑켄슈타인	5.0
위저드 베이커리	5.0
김연아의 7분 드라마	4.0
내 친구가 마녀래요	5.0
멍청씨 부부 이야기	4.0
창문닦이 삼총사	4.0
나는 언제나 옳다	3.5
만화로 보는 그리스 로마 신화	4.0
단편소설 쓰기의 모든 것	4.5
타로 카드 한 권으로 끝내기	4.0
셜록 홈즈의 모험	4.0
야옹야옹 고양이 대백과	4.0
낮에 뜨는 달	5.0
여중생A	5.0
치즈 인 더 트랩	5.0
수업시간 그녀	3.5
안나라수마나라	3.0
찌질의 역사	3.0
3단합체 김창남	2.5
삼봉이발소	2.0
오렌지 마말레이드	1.0
후레자식	1.0
방과 후 전쟁활동	3.0
피그말리온	4.0
신기한 시간표	4.5
가출 기차	4.0
수일이와 수일이	4.0
지킬 박사와 하이드	4.0
조금만, 조금만 더	3.5
내 이름은 삐삐 롱스타킹	4.5
축복	3.0
컨설턴트	3.5
셜록 홈즈 전집 1 : 공포의 계곡	4.0
용의자 X의 헌신	4.0
고도를 기다리며	3.5
코뿔소	4.0
은밀하게 위대하게	2.0
선천적 얼간이들	3.0
죽음에 관하여	4.0
서울 시 2	1.0
서울 시	1.0
시간을 달리는 소녀	1.5
유진과 유진	3.5
달맞이언덕의 안개	2.5
타라 덩컨	3.5
1분 영어 말하기 Speaking Matrix	3.5
하루 1분 추리게임	2.0
바스커빌 가의 사냥개	4.0
네 사람의 서명	4.0
시골빵집에서 자본론을 굽다	2.0
경제성장이 안되면 우리는 풍요롭지 못할 것인가	4.0
채링크로스 84번지	4.5
사무원	4.0
삼류 극장에서의 한때	0.5
무슨 일이 일어났는지는 아무도	3.5
껌	4.0
이상한 나라의 앨리스	4.0
갈매기에게 나는 법을 가르쳐준 고양이	4.0
남자가 월경을 한다면	4.0
뚱보, 내 인생	3.5
글쓰기 달인이 되려면 잘못된 문장부터 고쳐라	4.0
도쿄 타워	4.0
여자로 산다는 것	3.0
모래의 여자	5.0
한국사 편지	5.0
어느 날 내가 죽었습니다	4.0
셜록 홈즈 : 주홍색 연구	4.0
두뇌혁명	4.0
나는 나를 파괴할 권리가 있다	3.5
인간의 75가지 감정 표현법	4.0
내 문장이 그렇게 이상한가요?	3.5
열정, 같은 소리 하고 있네	3.0
스키너의 심리상자 열기	4.0
제3의 남자	3.5
두 얼굴의 나라 미국 이야기	3.0
내 귀는 거짓말을 사랑한다	3.5
입 속의 검은 잎	3.5
역사를 이끈 아름다운 여인들	3.0
시나리오 이렇게 쓰지 마라!	4.0
드라마 작법 실전 노하우	4.0
5분 심리게임	4.0
뜻도 모르고 자주 쓰는 우리말 1000가지	3.0
여성 혐오를 혐오한다	5.0
악어 프로젝트	4.5
노 키드 : 아이를 낳지 말아야 하는 40가지 이유	3.5
방과 후	3.5
내가 그를 죽였다	4.0
둘 중 누군가 그녀를 죽였다	3.5
글쓰기 더 좋은 질문 712	3.5
글쓰기 좋은 질문 642	3.5
나는 이제 참지 않고 말하기로 했다	3.5
고백	4.0
해리 포터와 비밀의 방	4.0
수수께끼 풀이는 저녁식사 후에	2.5
심야 배스킨라빈스 살인사건	4.0
리트머스	4.0
7년의 밤	3.5
신참자	3.5
예고살인	3.5
미녀는 괴로워	3.5
82년생 김지영	4.5
시그널	5.0
영화 언어	4.0
나는 오늘부터 피아노를 치기로 했다	4.0
나는 단호해지기로 결심했다	3.5
중독의 심리학	2.5
잠	3.5
베르나르 베르베르의 상상력 사전	5.0
너무 사랑하는 여자들	4.0
세 얼간이	3.0
Y의 비극	4.0
색채의 연상	2.5
빨강 연필	4.0
그리스 신화밖에 모르는 당신에게	4.0
신화 속의 여성, 여성 속의 신화	5.0
죽은 왕녀를 위한 파반느	4.0
카스테라	4.0
한 스푼의 시간	4.0
빨간구두당	4.5
그것이 나만은 아니기를	5.0
아가미	5.0
피그말리온 아이들	4.0
위저드 베이커리	5.0
고의는 아니지만	5.0
지적 대화를 위한 넓고 얕은 지식 : 현실 세계 편	3.0
거짓말, 딱 한 개만 더	4.0
해리 포터와 마법사의 돌	5.0
사랑하라 한번도 상처받지 않은 것처럼	4.0
엄마를 부탁해	1.0
그리고 아무도 없었다	5.0
고래	5.0
정확한 사랑의 실험	5.0
유혹하는 글쓰기	5.0
파피용	4.5
위대한 개츠비	5.0
호밀밭의 파수꾼	4.0
5년 후 나에게 - Q&A a day	3.5
청소부 밥	3.0
동물농장	4.5
나미야 잡화점의 기적	3.0
살인자의 기억법	4.0
이갈리아의 딸들	4.5
채식주의자	4.0
