﻿주식투자자의 시선	5.0
주식 해부학	4.0
좋은 기업을 찾기 위한 12가지 투자 분석	3.0
초보 투자자를 위한 12가지 투자 기초	3.5
재무제표 모르면 주식투자 절대로 하지마라	4.5
왜 주식인가	4.0
주식 가치평가를 위한 작은 책	3.5
치과의사 피트씨의 똑똑한 배당주 투자	4.0
매개하라	3.5
플랫폼 제국의 미래	4.0
현명한 초보 투자자	5.0
통섭과 투자	4.0
전설로 떠나는 월가의 영웅	5.0
워렌 버핏 평전	4.5
엄마, 주식 사주세요	5.0
Why? 물리	3.5
최무영 교수의 물리학 강의	4.0
Why? 컴퓨터	3.5
컴퓨터 과학이 여는 세계	4.5
엘론 머스크, 대담한 도전	4.0
누워서 읽는 법학 : 민사법 1	4.5
표백	5.0
내가 주식을 사는 이유	4.0
이기적 유전자	3.5
댓글부대	4.0
에덴의 용	3.0
코스모스	4.5
당선, 합격, 계급	4.5
난생 처음 한번 공부하는 미술 이야기 	5.0
남아 있는 나날	4.0
당신의 이름을 지어다가 며칠은 먹었다	4.0
불곰의 주식투자 불패공식	4.0
적당히 벌고 잘 살기	3.5
불안	3.0
이채원의 가치투자	4.5
바깥은 여름	3.5
개인주의자 선언	4.5
페미니즘의 도전	4.0
우리는 모두 페미니스트가 되어야 합니다	3.5
내가? 정치를? 왜?	3.5
청년을 위한 세계사 강의 1	4.5
자본주의 어디서 와서 어디로 가는가	4.0
국가란 무엇인가	4.0
82년생 김지영	4.5
수레바퀴 아래서	4.5
차라투스트라는 이렇게 말했다	4.5
정의를 부탁해	4.0
피로사회	5.0
감시와 처벌	5.0
한국 자본주의	4.5
사랑의 기술	4.5
나미야 잡화점의 기적	3.0
정의란 무엇인가	4.0
나의 친애하는 적	4.0