﻿신과 함께 : 신화편	5.0
서울 부동산의 미래	2.0
묵향	4.0
용의자 X의 헌신	4.0
7년의 밤	4.0
이말년 씨리즈	5.0
이말년 서유기 1	5.0
수호지	3.5
의천도룡기	4.5
신조협려	4.5
사조영웅전	5.0
베르베르 독자들이 쓴 나무 2	2.5
데스 노트 Death Note	4.0
슬램덩크	5.0
드래곤 볼	5.0
배가본드	5.0
베르세르크	5.0
월리를 찾아라! 	4.0
오체 불만족	5.0
언플러그드 보이	5.0
오디션	5.0
오디션	5.0
바람의 딸 걸어서 지구 세바퀴 반	5.0
변신	5.0
시크릿	4.0
나의 라임 오렌지나무	5.0
어린 왕자	5.0
1일 30분	4.0
맛	4.0
Charlie and the Chocolate Factory	4.0
Matilda	5.0
이름 없는 자들의 도시	3.5
눈뜬 자들의 도시	4.0
눈먼 자들의 도시	5.0
허수아비춤	5.0
반삼국지 -하	4.0
삼국지	5.0
우리들의 일그러진 영웅	3.5
삼국지	4.5
젊음의 탄생	4.0
디지로그 digilog	4.0
영혼을 위한 닭고기 수프 1	3.0
하늘 호수로 떠난 여행	5.0
지구별 여행자	3.5
마음을 열어주는 101가지 이야기 - 완결편	3.5
마음을 열어주는 101가지 이야기 1	3.5
술 취한 코끼리 길들이기	3.5
무탄트 메시지	5.0
향수	5.0
아리랑	4.0
덴마 Denma	5.0
갈매기의 꿈	4.0
컬처 코드	4.0
당신의 꿈은 무엇입니까	5.0
트렌드 코리아 2017	4.0
바리데기	3.0
나무	5.0
개미	5.0
대한민국 20대, 재테크에 미쳐라	2.5
뇌	5.0
멈추면, 비로소 보이는 것들	4.0
살인자의 기억법	4.0
인생 수업	3.5
아프니까 청춘이다	3.5
하악하악	4.0
가시고기	4.0
연금술사	4.0
1만권 독서법	3.5
누가 내 치즈를 옮겼을까?	3.5
미움받을 용기	5.0
영어공부 절대로 하지마라! 	0.5
왓칭 Watching	5.0
지적 대화를 위한 넓고 얕은 지식 : 현실 너머 편	5.0
다 빈치 코드	4.0
논리야 놀자	3.5
마시멜로 이야기	4.0
칭찬은 고래도 춤추게 한다	4.0
파피용	3.5
상대적이며 절대적인 지식의 백과사전	4.0
