﻿연애 소설 읽는 노인	3.5
갈매기에게 나는 법을 가르쳐준 고양이	4.0
생 텍쥐페리의 우연한 여행자	4.0
고독한 밤의 코코아	3.5
드래곤과의 춤	3.5
명랑한 갱이 지구를 돌린다	3.5
성검의 폭풍	4.0
나쓰미의 반딧불이	3.5
왕들의 전쟁	4.0
위쳐 : 엘프의 피 1	4.0
9일의 묘	4.0
까마귀의 향연	3.5
운수 좋은 날	4.0
봄봄	4.0
벽장 속의 치요	3.0
타임머신	4.0
내 슬픈 창녀들의 추억	4.0
줄어드는 남자	3.5
페이스 오프	2.5
허클베리 핀의 모험	4.0
이상한 나라의 앨리스	3.0
자물쇠가 잠긴 방	3.0
프랑켄슈타인	4.5
무녀도	4.0
그림 동화집	4.0
이솝 우화집	3.5
삼국유사	5.0