﻿모비 딕	3.5
열두 띠 이야기	3.0
현대시작법	4.0
철학카페에서 시 읽기	3.5
이별의 능력	3.5
오늘 아침 단어	3.0
어서오세요, 305호에!	3.5
조국 현상을 말한다 - 개정판	2.5
몰아 쓴 일기	3.0
불가능한 대화들	3.0
황현산의 사소한 부탁	3.5
향수	3.0
서울, 1964년 겨울	3.0
상처적 체질	3.0
개를 데리고 다니는 부인	3.0
인간 실격	4.0
눈사람 여관	3.0
선천적 얼간이들	3.0
성	3.5
신과 함께 : 이승편	3.0
헌터x헌터 HunterXHunter	3.5
데미안	3.5
괴괴한 날씨와 착한 사람들	4.5
꿈	3.5
명탐정 코난	3.5
훔쳐가는 노래	3.0
소설가의 일	3.0
헬싱	4.0
1984	3.5
소설가 구보씨의 일생	3.5
쥐	3.5
송곳	4.0
변신	4.0
피프티 피플	4.0
플루토 Pluto	3.0
내가 알고 있는 걸 당신도 알게 된다면	3.0
마당을 나온 암탉 (반양장)	3.5
원미동 사람들	3.0
초판본 데미안	4.0
철과 오크	3.0
어떻게 살 것인가	3.0
나미야 잡화점의 기적	3.0
라틴어 수업	3.5
읽지 않은 책에 대해 말하는 법	3.0
죽고 싶지만 떡볶이는 먹고 싶어	2.5
2018 제9회 젊은작가상 수상작품집	3.5
책도둑	3.0
새의 선물	3.5
미국을 발칵 뒤집은 판결 31	3.5
소년이 온다	4.5
까마귀 소년	4.0
프레드릭	4.5
해리 포터와 저주받은 아이 (스페셜 리허설 에디션 대본)	3.0
남자의 물건	2.0
설득의 심리학	3.0
오리엔트 특급 살인	3.5
그리고 아무도 없었다	3.5
정의란 무엇인가	3.0
괭이부리말 아이들	1.5
설득의 심리학	1.0
차라투스트라는 이렇게 말했다	4.5
단테의 신곡 살인	1.0
아버지가 세운 허수아비	3.0
또 다른 별에서	3.0
달력 공장 공장장님 보세요	3.0
한 잔의 붉은 거울	3.0
나의 우파니샤드, 서울	3.0
불쌍한 사랑 기계	3.0
피어라 돼지	4.0
슬픔치약 거울크림	3.0
당신의 첫	3.5
불세출	3.5
총체성	4.5
광기의 다이아몬드	4.5
필경사 바틀비	4.0
스푸트니크의 연인	3.0
1973년의 핀볼	2.0
연어	0.5
늑대의 유혹	2.5
반짝반짝 빛나는	3.0
무궁화 꽃이 피었습니다	2.5
세상에 너를 소리쳐!	0.5
바늘	3.5
오래된 정원	2.0
맨발로 글목을 돌다	3.0
기차는 7시에 떠나네	2.5
낭만적 사랑과 사회	3.0
몽고반점	4.0
몬테크리스토 백작	4.0
무소의 뿔처럼 혼자서 가라	1.0
연어	1.0
키친	3.5
해변의 카프카	3.0
인간 실격	4.0
향수	3.5
동물농장	3.5
다 빈치 코드	2.0
어린 왕자	3.0
누가 내 치즈를 옮겼을까?	1.5
풍경소리	3.0
아프니까 청춘이다	1.0
그 많던 싱아는 누가 다 먹었을까	2.5
1984	4.0
봉순이 언니	2.5
닥치고 정치	2.0
나무	2.5
해리 포터와 마법사의 돌	3.5
6	3.5
아마도 아프리카	3.0
빵가게를 습격하다	3.5
에코의 초상	3.5
하얀 로냐프 강	2.0
에듀케이션	4.0
서른, 잔치는 끝났다	3.0
나는 유령작가입니다	2.0
문장강화	2.5
육체쇼와 전집	4.0
마지막 춤은 나와 함께	2.0
악의 꽃	3.5
깊은 슬픔	2.0
라이터 좀 빌립시다	3.0
뒹구는 돌은 언제 잠 깨는가	4.0
캐비닛	2.0
그림자 자국	2.5
왜냐하면 우리는 우리를 모르고	3.0
눈앞에 없는 사람	3.5
나는 이 세상에 없는 계절이다	4.5
왜란 종결자	2.0
세월의 돌	2.5
여장남자 시코쿠	4.0
공의 경계	2.0
퀴디치의 역사	1.0
리진	2.0
갈팡질팡하다가 내 이럴 줄 알았지	3.5
양을 쫓는 모험 (하)	3.5
오 자히르	2.0
눈뜬 자들의 도시	3.0
빵가게 재습격	3.5
구관조 씻기기	4.0
희지의 세계	3.5
피를 마시는 새	3.0
룬의 아이들 - 데모닉	2.5
엄마의 말뚝	2.5
퓨처 워커	3.5
국경의 남쪽, 태양의 서쪽	2.0
바람의 노래를 들어라	3.0
눈물을 마시는 새	3.5
서랍에 저녁을 넣어 두었다	2.5
세계의 끝과 하드보일드 원더랜드	3.5
개미혁명	1.0
태엽 감는 새	4.5
디지털 포트리스	2.0
희랍어 시간	3.5
퀴즈쇼	2.5
침이 고인다	3.5
백의 그림자	4.5
외눈박이 물고기의 사랑	1.5
달빛 조각사	1.5
장미의 이름	4.0
GO	2.5
슬픔이 없는 십오 초	4.0
모방범	2.5
발로 차 주고 싶은 등짝	3.5
한없이 투명에 가까운 블루	2.5
ABC 살인사건	2.5
입 속의 검은 잎	4.0
룬의 아이들 - 윈터러	3.0
눈먼 자들의 도시	3.0
등대지기	1.5
허클베리 핀의 모험	2.5
드래곤 라자	4.5
황태자비 납치사건	2.5
11분	2.0
당신의 이름을 지어다가 며칠은 먹었다	4.0
천사들의 제국	2.5
변신	3.5
고도를 기다리며	4.5
오리엔트 특급살인	3.5
어디선가 나를 찾는 전화벨이 울리고	2.0
베로니카, 죽기로 결심하다	2.0
갈매기의 꿈	3.5
내 심장을 쏴라	2.5
두근두근 내 인생	2.5
파이 이야기	3.0
해리 포터와 죽음의 성물	3.0
공중그네	2.5
해리 포터와 불의 잔	4.0
노르웨이의 숲	4.0
개미	3.5
해리 포터와 불사조 기사단	3.0
해리 포터와 아즈카반의 죄수	3.0
천사와 악마	2.0
연금술사	3.5
모랫말 아이들	2.0
마시멜로 이야기	1.0
조대리의 트렁크	3.0
촐라체	2.5
유년의 뜰	5.0
풀이 눕는다	3.0
어떤 작위의 세계	4.0
레고로 만든 집	2.5
목화밭 엽기전	4.0
두근두근 내 인생 (큰글자도서)	2.5
바이올렛	2.5
부석사	3.0
마이너리그	3.0
근처	4.0
달려라, 아비 (큰글자도서)	3.5
황만근은 이렇게 말했다	2.0
아오이가든	4.0
사육장 쪽으로	4.0
미나	3.0
친절한 복희씨	2.5
최순덕 성령충만기	4.5
식물들의 사생활	2.5
생의 이면	4.5
달의 바다	2.5
내 여자의 열매	3.5
펭귄뉴스	3.0
오늘의 거짓말	3.0
일곱시 삼십이분 코끼리열차	3.5
핑퐁	3.0
지구영웅전설	3.0
악기들의 도서관	3.0
바람이 분다, 가라	3.5
폴라리스 랩소디	3.5
화장	3.5
아침의 문	3.5
세계의 끝 여자친구	3.0
당신들의 천국	4.5
검은 꽃	3.5
아내가 결혼했다	2.5
마당깊은 집	3.0
빛의 제국	3.5
절망의 구	3.0
카스테라	4.0
달려라, 아비	4.0
삼미 슈퍼스타즈의 마지막 팬클럽	3.5
죽은 왕녀를 위한 파반느	2.0
흰	2.5
나는 나를 파괴할 권리가 있다	3.5
고래	5.0
외딴방	4.5
소설가 구보씨의 일일	4.0
달콤한 나의 도시	3.5
완득이	3.0
운수 좋은 날 「현진건」	3.0
우리들의 일그러진 영웅	3.5
난장이가 쏘아올린 작은 공	4.0
가시고기	2.5
해리 포터와 비밀의 방	3.0
채식주의자	4.5
도가니	2.5
그리고 아무도 없었다	4.0
에브리맨	3.0
신	2.5
해리 포터와 혼혈왕자	3.0
강신주의 감정수업	3.0
1Q84	2.5
데미안	4.0
