﻿낭만적 연애와 그 후의 일상	4.5
Do it! 점프 투 파이썬	4.0
한국형 4차 산업혁명의 미래	2.0
클라우스 슈밥의 제4차 산업혁명	2.5
비트코인 현상, 블록체인 2.0	4.5
그리스인 조르바 - 전2권 (한글판 + 영문판)	4.5
승자의 게임	2.0
풀꽃도 꽃이다	2.5
잠	2.5
도리언 그레이의 초상	2.5
틀리지 않는 법	4.5
일리아스	3.0
1984	3.5
노인과 바다	4.0
공허한 십자가	3.5
한국을 뒤흔든 금융권력	2.5
나미야 잡화점의 기적	4.0
채식주의자	3.0
오베라는 남자	3.5
토끼와 잠수함	2.0
넛지	2.5
생각에 관한 생각	4.5
하늘 모험	2.0
태양은 움직이지 않는다	3.5
퍼레이드	5.0
파크 라이프	4.5
문병로 교수의 메트릭 스튜디오	4.5
여자 없는 남자들	3.5
퀀트	4.5
그 섬에 내가 있었네	2.0
11/22/63 	3.0
미생	4.5
그 후	4.0
이상한 도서관	2.5
런던탑/취미의 유전	2.5
길 위의 생	3.0
유리문 안에서	3.5
문	4.5
도련님	4.0
마음	3.5
토스카나	2.5
이탈리아, 낭만 혹은 현실	2.5
1만 시간 동안의 아시아 3	4.5
1만 시간 동안의 아시아 2	4.5
1만 시간 동안의 아시아 1	4.5
색채가 없는 다자키 쓰쿠루와 그가 순례를 떠난 해	4.5
The Way	4.5
체호프 단편선	3.5
반딧불이	3.0
하루키의 여행법 - 사진편	3.0
샐러드를 좋아하는 사자	4.0
무라카미 하루키 잡문집	3.0
잠	3.0
4월의 어느 맑은 아침에 100퍼센트의 여자를 만나는 것에 대하여	5.0
언더그라운드	4.5
쿨하고 와일드한 백일몽	3.5
무라카미 하루키의 위스키 성지여행	4.0
1Q84	5.0
현명한 투자자	4.5
웃음과 망각의 책	1.0
취하기에 부족하지 않은	4.0
연을 쫓는 아이	4.0
참을 수 없는 존재의 가벼움	4.0
걸	3.0
일의 기쁨과 슬픔	2.0
빵가게 재습격	3.0
사랑을 말할 때 우리가 이야기하는 것	1.0
The Catcher in the Rye	2.5
퀀트, 물리와 금융에 관한 회고	3.5
신	5.0
전설로 떠나는 월가의 영웅	4.0
The Curious Incident of the Dog in the Night-Time (Paperback)	2.5
고독한 자유	4.0
비밀의 숲	2.5
신의 아이들은 모두 춤춘다	4.0
The Scrap	4.0
먼 북소리	4.0
이윽고 슬픈 외국어	4.0
회전목마의 데드히트	4.5
개똥벌레 (보급판 문고본)	3.0
남자의 남자, 푸틴	2.0
금융상식 완전정복	3.0
풍요한 사회	2.5
경제학 콘서트	4.0
양을 쫓는 모험 (하)	4.0
양을 쫓는 모험 (상)	4.0
플라스틱 피플	2.0
죽은 경제학자의 살아있는 아이디어	4.0
괴짜 경제학 (개정증보판)	1.5
태엽 감는 새	4.5
박사가 사랑한 수식	3.0
인 더 풀	3.5
한밤중에 행진	3.5
공중그네	3.0
남쪽으로 튀어!	5.0
배려	3.5
헤지펀더, 추악한 미국인들	2.0
해변의 카프카	5.0
렉싱턴의 유령	4.0
내 이름은 빨강	2.0
어린 왕자	4.5
노름꾼	2.5
바람의 노래를 들어라	4.0
코끼리 공장의 해피엔드	4.0
해 뜨는 나라의 공장	4.5
불륜과 남미	3.5
산시로	4.0
채소의 기분, 바다표범의 키스	3.5
호밀밭의 파수꾼	3.5
도시여행자	4.0
빅 픽처	2.0
밤은 부드러워	3.0
의미가 없다면 스윙은 없다	3.5
벤자민 버튼의 시간은 거꾸로 간다	4.0
달리기를 말할 때 내가 하고 싶은 이야기	4.0
종이 여자	3.0
위기 경제학	4.0
백년 동안의 고독	4.5
1만 시간 동안의 남미	4.5
엄마를 부탁해	2.5
지리 교사들, 남미와 만나다	4.0
세상의 바보들에게 웃으면서 화내는 방법	1.0
면장 선거	4.0
나는 고양이로소이다	4.0
파라다이스	4.5