﻿사피엔스	5.0
이성과 감성	3.0
타자기가 들려주는 이야기	4.5
그대 눈동자에 건배	3.0
차가운 피부	4.0
결혼.여름	5.0
우주만화	5.0
우주 만화	5.0
마왕 신해철	5.0
베를린 일기	4.5
라마와의 랑데부	4.5
게르트너 부부의 여행	4.0
먹이	4.5
잃어버린 세계	4.0
악몽을 파는 가게	4.5
염소의 맛	4.5
폴리나	4.5
SF 세계에서 안전하게 살아가는 방법	4.5
만화가의 여행	3.5
사랑을 잃고 나는 쓰네	5.0
입 속의 검은 잎	5.0
그해, 여름 손님	3.5
왓치맨 Watchmen	5.0
나만이 없는 거리	3.0
창백한 푸른 점	5.0
신혼여행	3.0
별도 없는 한밤에	5.0
한밤이여, 안녕	3.5
기면관의 살인	3.0
한번은,	5.0
레벌루션 No.0	4.0
세계 배낭여행자들의 안식처, 빠이	3.0
브리짓 존스의 일기	4.0
쇼퍼홀릭	3.0
터치	5.0
나는 빠리의 택시운전사	2.5
제노사이드	3.5
달의 궁전	2.5
레디 메이드 인생	4.0
아즈망가 대왕	4.5
은하수를 여행하는 히치하이커를 위한 안내서 - 합본	4.5
배가본드	3.5
69	4.0
인연	4.0
콘트라베이스	2.5
살인자ㅇ난감 -	3.0
호텔 선인장	3.0
지문사냥꾼	3.5
진격의 거인	3.5
흑설공주 이야기	1.5
드래곤 볼	4.0
마지막 잎새	4.5
좀머 씨 이야기	3.5
죽은 시인의 사회	4.0
월리를 찾아라! 	2.5
야생초 편지	3.0
국화꽃 향기	2.0
파페포포 다이어리	2.0
키다리 아저씨	4.0
원미동 사람들	3.0
어린 왕자	4.5
초역 니체의 말	4.5
지식 e - 시즌 1	4.5
프로즌 플래닛	5.0
애니멀 로직	3.5
담요	4.5
당신의 주말은 몇 개입니까	1.5
웨하스 의자	1.5
리바이벌	4.0
스티븐 킹 단편집	5.0
문명의 배꼽, 그리스	4.5
방콕느낌	4.0
체 게바라 자서전	5.0
퀸의 리드 싱어 프레디 머큐리	4.0
체 게바라 평전	4.5
소유의 종말	4.0
바람 없는 천지에 꽃이 피겠나	3.5
보통의 존재 	3.0
슬램덩크	5.0
크로스 : 정재승 + 진중권	3.5
사회복지학	1.0
어디서 무엇이 되어 다시 만나랴	4.5
댄싱러버	5.0
점프트리 A+	5.0
블루	4.0
바람의 나라	5.0
미생	5.0
나를 찾아줘	3.5
너를 놓아줄게	2.5
쥬라기 공원	5.0
해리 포터와 마법사의 돌	4.0
러프 소장판	5.0
H2 오리지널	5.0
셀	4.0
내 젊은 날의 숲	4.5
개포동 김갑수씨의 사정	4.0
좀비 서바이벌 가이드	4.0
세계대전 Z	4.5
지상 최대의 쇼	4.0
나는 전설이다	4.5
옥중서신	4.5
몽고반점	3.5
봄.봄 「김유정」	4.0
키스 앤 텔	4.5
진주 귀고리 소녀	3.0
닥터스 1	4.0
굿바이 마이 프렌드	3.0
더 리더 - 책 읽어주는 남자	3.5
꼬마 니콜라	3.5
오페라의 유령	3.5
기형도 전집	5.0
자살토끼	3.5
퇴마록 : 국내편	4.0
기본 수학의 정석 미적분과 통계 기본 (2015년 고3용)	0.5
왜 세계의 절반은 굶주리는가?	4.0
피터 팬	5.0
피터 팬	5.0
존재의 기술	5.0
자유로부터의 도피	5.0
소유냐 삶이냐	5.0
일본은 없다	0.5
삼국지	4.5
오래된 정원	4.5
제인 에어 	3.5
지도 밖으로 행군하라	1.0
프루스트가 우리의 삶을 바꾸는 방법들	4.5
슬픔이 주는 기쁨	4.5
일의 기쁨과 슬픔	4.0
네가 어떤 삶을 살든 나는 너를 응원할 것이다	1.0
꿈의 해석	3.5
부의 미래	4.0
제3의 물결	4.5
마션	4.5
경제학 콘서트	2.5
플라이, 대디, 플라이	3.5
