﻿허니문 인 파리	3.5
독서불패	4.0
엄마, 힘들 땐 울어도 괜찮아	1.0
3초만에 행복해지는 명언 테라피	4.0
선물	3.5
영혼을 위한 닭고기 수프 2	3.0
멈추지 않는 도전 박지성	3.5
1cm 첫 번째 이야기	3.5
멈추지 마, 다시 꿈부터 써봐 +	4.0
영혼을 위한 닭고기 수프 1	3.0
CEO의 다이어리엔 뭔가 비밀이 있다	4.0
갈매기의 꿈	2.5
만화로 배우는 카네기 리더십	3.5
독서 천재가 된 홍대리	4.0
감정을 다스리는 사람 감정에 휘둘리는 사람	3.5
1cm art 일센티 아트	2.5
1cm+ 일 센티 플러스	3.5
미 비포 유	3.0
누가 내 치즈를 옮겼을까?	3.0
미움받을 용기	2.5
