﻿달과 6펜스	4.0
채식주의자	3.0
종이 여자	3.5
역사의 역사	3.0
설득의 심리학	4.0
셈을 할 줄 아는 까막눈이 여자	4.0
새의 선물	5.0
생각정리스피치	2.5
나는 나를 파괴할 권리가 있다	3.5
소년이 온다	4.5
고래	5.0
기획자의 습관	3.0
안나 카레니나	4.0
라틴어 수업	3.0
담론	2.5
1984	4.0
흰	4.0
당신과 나 사이	3.5
수레바퀴 아래서	5.0
기획의 정석	4.5
관찰의 힘	2.0
미움받을 용기	3.0
생각의 탄생	3.5
가시고기	4.5
색채가 없는 다자키 쓰쿠루와 그가 순례를 떠난 해	4.0
엄마를 부탁해	2.5
그대 눈동자에 건배	4.0
어떻게 살 것인가	5.0
82년생 김지영	3.5
바깥은 여름	5.0
