﻿남자도 모르는 남성에 대하여	2.0
오직 두 사람	4.0
조총과 장부	3.5
만화로 보는 비디오 게임의 역사	2.5
한국, 남자	4.0
어른은 어떻게 돼?	4.0
자본론 공부	3.5
잠깐 애덤 스미스 씨, 저녁은 누가 차려줬어요?	4.0
이브 프로젝트	3.5
신들의 계보	3.5
피로사회	3.0
풍요와 거품의 역사	3.0
수부타이	3.0
직설 연애 상담	2.5
실례합니다만, 매너를 지켜 주시겠어요?	2.5
우리가 꿈꾸는 나라	4.0
김대중 자서전 - 전2권	4.0
곰돌이 푸, 서두르지 않아도 괜찮아	1.5
한국 행정학	3.0
어떻게 민주주의는 무너지는가	3.5
일본, 국수에 탐닉하다	3.0
아기 낳는 만화	4.0
논어	4.0
동물원	3.5
후서유기	2.5
세설신어	3.0
귀호선괴 귀호선귀	3.0
당시삼백수	2.5
당시사걸	2.5
대취협	2.5
봉신방	4.0
백사전	3.5
육조괴담	3.5
십팔사략	3.5
송사	2.0
선	4.0
육도삼략	3.0
오자병법	3.5
손자병법	4.0
소림사	3.5
채근담	4.0
중용	3.5
대학	3.5
한비자	4.0
노자	3.5
공자의 일생	4.0
효경	3.0
열자	3.0
백년전쟁	3.0
우리는 마약을 모른다	2.5
당선, 합격, 계급	4.5
평양 자본주의 백과전서	4.0
스타워즈로 본 세상	3.0
환상의 여인	4.0
일의 미래, 무엇이 바뀌고 무엇이 오는가	3.0
애주가의 대모험	2.5
그리스인 이야기 	3.0
그리스인	3.5
그리스인	3.5
대담한 작전	3.0
인간의 섹스는 왜 펭귄을 가장 닮았을까	3.0
어떻게 휘둘리지 않는 개인이 되는가	4.0
원펀맨 One Punch Man	3.5
개와 늑대들의 정치학	3.5
저는 남자고, 페미니스트입니다	4.0
비잔티움 제국 최후의 날	4.5
천관율의 줌아웃	4.5
1453 콘스탄티노플 최후의 날	4.0
고대, 한반도로 온 사람들	1.5
먹는 즐거움은 포기할 수 없어!	3.0
1996년 종로, 노무현과 이명박	4.0
무굴 황제	3.5
셜록 홈즈의 책	3.0
로마의 일인자	4.0
정유정, 이야기를 이야기하다	4.0
테트리스: 세계를 정복한 작은 게임	2.5
테무진 to the 칸	4.0
악어 프로젝트	4.0
월드 오브 워크래프트 연대기 1	4.5
생리 공감	3.5
미국 헌법을 읽다	3.5
오리진 : 세상 모든 것의 기원 2. 에티켓	3.5
오리진 : 세상 모든 것의 기원 1. 보온	3.0
조선왕조실록 1 : 태조	2.5
마이 버자이너	3.5
모든 지식의 시작 1	3.0
우리 몸 연대기	3.5
냉면의 품격	3.0
FC 바르셀로나 축구전술 수비편	3.0
한단고기	0.5
월든	3.5
그가 그립다	3.5
청춘의 독서	4.0
주진우의 이명박 추격기	3.5
맛 이야기	3.5
	4.0
학교 없는 사회	2.5
한국인은 왜 이렇게 먹을까?	3.5
더 믹서 The Mixer	4.0
누구보다 아스널 전문가가 되고싶다	3.5
일본 VS 옴진리교	4.5
귀로 보고 눈으로 듣는 영화 이야기 딴지영진공	2.5
훈요십조의 진실	2.0
역사의 역사	4.0
인간 실격	4.0
닥치는 대로 끌리는 대로 오직 재미있게 이동진 독서법	3.5
이토록 황홀한 블랙	3.5
소돔의 120일	1.0
표준 한글 펜글씨 교본	3.0
미생	4.0
자존감 수업	3.5
라틴어 수업	3.0
발전론	3.5
비교정치	4.0
걸그룹 경제학	3.5
포켓몬스터 스페셜 	3.0
마법진 구루구루 애장판	3.0
픽업아티스트 연애의 기술 (밀당의 기술)	0.5
헌법의 상상력	3.5
삼총사	3.0
피아노 소곡집	4.0
달빛 조각사	2.0
물리가 물렁물렁	2.5
뜨끔뜨끔 동화 뜯어보기	3.5
지킬 박사와 하이드	4.0
보물섬	4.0
스펀지	1.5
피노키오	3.5
파브르 곤충기	3.5
파브르 곤충기	3.5
버드나무에 부는 바람	3.0
눈의 여왕	3.0
금도끼 은도끼	3.0
위기탈출 넘버원	1.0
100℃	3.5
파인 1	4.0
스물일곱 이건희처럼	0.5
아스널	3.0
맨체스터 유나이티드	3.0
히스토리에 Historie	4.5
헌법의 풍경	4.0
지금 다시, 헌법	4.0
자기만의 방	4.0
자유주의는 진보적일 수 있는가	3.5
프랑스 파우더 미스터리	3.0
정치사상사	4.5
민주주의의 이해	3.5
정치와 진리	2.5
드루리 레인 X의 비극	3.5
드루리 레인 Z의 비극	3.0
드루리 레인 Y의 비극	4.0
장난을 잘치는 타카기양	4.0
민주주의의 모델들	2.5
정치학총론	4.0
시 읽는 밤 : 시 밤	2.5
역전! 야매요리 2	3.5
역전! 야매요리 1	3.5
입시명문 사립 정글고등학교	3.0
이끼	4.5
군웅할거 대한민국 삼국지	1.0
삼국지평화	3.5
쾌도난담 삼국지 죽이기	1.5
삼국지	2.5
삼국지	4.0
하얀거탑	3.5
거시경제론	3.0
어떤 민주주의인가	3.5
유미의 세포들	4.5
정치의 공간	3.0
한식의 품격	4.0
목걸이	3.5
사피엔스	4.5
노예 12년	4.0
바쿠만 BAKUMAN	4.0
일요일의 역사가	3.0
시장은 정의로운가	3.5
아무도 대답해주지 않은 질문들	3.0
자주 혼자인 당신에게	2.5
셜록 홈스, 기호학자를 만나다	3.0
어필	3.0
불법의 제왕	3.0
사라진 배심원	4.0
레인메이커	3.5
타임 투 킬	4.0
유언장	3.5
어소시에이트	3.5
인간의 성	4.0
대지	4.5
고우영 열국지	3.5
82년생 김지영	4.0
창천항로	3.5
박찬일의 파스타 이야기	4.0
언더그라운드	3.5
여혐민국	4.5
바람의 노래를 들어라	3.5
그림으로 이해하는 정치사상	3.5
로빈슨 크루소	4.0
폰더 씨의 위대한 하루	2.5
꾸벅꾸벅 클래식	3.5
아찔아찔 아서왕 전설	3.5
구석구석 인체 탐험	3.5
새록새록 성경이야기	4.0
파고 파헤치는 고고학	3.5
바다가 바글바글	3.0
아슬아슬 아스텍	3.0
새콤달콤 셰익스피어 이야기	4.0
혁명이 후끈후끈	3.0
켈트족이 꿈틀꿈틀	3.5
사랑해요 삼국시대	3.0
고려가 고마워요	3.0
공룡이 용용 죽겠지	3.0
진화가 진짜진짜	2.5
이말년 서유기 1	3.0
톰 소여의 모험	3.5
으악! 너무 너무 무섭다!	1.0
우선순위 영단어	3.0
알쏭달쏭 과학상식	2.5
친구들에게 인기 있는 아이 인기 없는 아이	1.5
나쁜 어린이표	4.0
일기 감추는 날	3.5
시베리아에서 살아남기	3.0
마지막 수업	4.0
욕망의 아내	3.5
서유기	4.0
주경철의 유럽인 이야기 1	3.5
대항해 시대	4.0
장미의 이름 작가노트	3.5
흰	3.0
천사소녀 네티	3.5
카드캡터 사쿠라 애장판	4.5
노다메 칸타빌레	4.5
우리 아기는 외계인	3.5
탐정학원	3.0
탐정학원	3.0
드래곤볼 슈퍼	3.0
신의 물방울 13 8 12 21 23 25 26	3.5
20세기 소년	4.0
라이어 게임	3.5
맛의 달인	4.5
드래곤볼 깊이 읽기	3.5
드래곤볼 풀컬러판 사이어인	4.5
드래곤볼 풀컬러판 프리저	4.5
드래곤볼 풀컬러판 마인 부우	4.0
드래곤볼 풀컬러판 인조인간 셀 편	4.5
드래곤볼 풀컬러판 소년 편	4.0
맛으로 본 일본	3.5
민훈기의 메이저리그 메이저리거	4.0
야구의 정석	3.5
마해영의 야구본색	1.0
축구가 으랏차차	3.0
만화 플라톤 국가	3.5
만화 애덤 스미스 국부론	3.0
만화로 보는 중국 신화 1	2.5
만화로 보는 그리스 로마 신화 특별판	3.0
여행의 책	2.5
만화 상대적이며 절대적인 지식의 백과사전 1	2.0
만화로 보는 항일독립운동 근대 50년	3.0
뚱딴지 만화 삼국지	2.0
야밤의 공대생 만화	4.0
고스트 라이터	2.5
내 맘대로 느낀대로 일본이야기	0.5
조이라이드	0.5
그 남자 그 여자	3.0
한국 VS 일본	2.5
한국이 죽어도 일본을 못 따라잡는 18가지 이유	1.5
맞아 죽을 각오를 하고 쓴 한국 한국인 비판	1.5
쾌도난마 한국경제	4.0
업그레이드 신약 만화 성경	3.0
성경 왜곡의 역사	2.5
현대 사회의 성 사랑 에로티시즘	3.0
성공하는 10대들의 7가지 습관	1.5
Why? 사춘기와 성	3.0
성	4.0
고딕성당	4.0
도시	4.0
피라미드	4.0
흑산	3.5
뭐라도 될 줄 알았지	3.0
공산당선언	4.0
Why 유시민	3.5
동북아 정치	4.0
Classics A to Z	3.0
쿼바디스	3.0
설레임, 그리움, 청춘 그리고 인생	2.0
코스모스	5.0
히카루의 바둑 완전판	4.0
고스트 바둑왕	4.0
5급 공채 기본강의 헌법	2.5
태평천하	3.0
탁류	3.0
한국단편문학선	4.0
치숙 「채만식」	3.0
생각으로 인도하는 질문여행	3.0
B형 자기설명서	1.0
O형 자기설명서	1.5
그림자 자국	4.0
Harry Potter and the Deathly Hallows	4.5
Harry Potter and the Goblet of Fire	5.0
Harry Potter and the Prisoner of Azkaban	5.0
Harry Potter and the Chamber of Secrets	5.0
또 하나의 로마인 이야기	3.0
누르하치	3.5
타짜 4부	3.0
타짜 2부	3.0
타짜 3부	3.5
타짜 1부	4.0
낭만적 연애와 그 후의 일상	3.5
스타워즈 파보기	1.0
허영만과 함께 타는 요트 캠핑	2.5
허영만 식객 Ⅱ 1 : 그리움을 맛보다	3.0
고우영 수레바퀴	3.5
고우영 三國志	4.0
한비야의 중국견문록	2.0
고래	4.5
왕들의 전쟁	5.0
이중톈 중국사 9 : 두 한나라와 두 로마	2.5
인생, 야구에서 배우다	2.5
도쿠가와 이에야스	4.5
유중하 교수가 새로 쓴 삼국지	3.0
조선왕조 500년	3.0
고구려 왕조 700년	3.5
백제왕조 700년	3.0
세계역사	2.5
슈퍼 컬러 만화 삼국지 총67권 (전 64권+ 별책 부록 3종: 고사, 명언 삼국지+인물로	4.0
만화 마키아벨리 군주론	3.5
만화로 보는 한국현대사	3.0
만화로 보는 태조 왕건	2.0
만화로 보는 태조왕건과 고려왕조 500년	3.0
만화로 보는 신라왕조 1000년	3.5
만화로 보는 차마 신이 없다고 말하기 전에	1.5
만화로 보는 북유럽 신화	2.5
스즈미야 하루히의 우울	3.5
영웅 초한지 - 전5권	4.0
료마가 간다	4.0
이중톈 중국사 8 : 한무의 제국	4.0
음식의 언어	3.5
북유럽 신화	3.5
광해군, 그 위험한 거울	3.5
이창호의 부득탐승不得貪勝	3.0
주석 달린 허클베리 핀	4.5
주석 달린 셜록 홈즈 1	5.0
우리가 무관심할 때 괴물은 깨어난다	3.5
Harry Potter and the Half-Blood Prince	5.0
언어의 온도	2.0
지전 2	4.0
지전	4.0
책문, 이 시대가 묻는다	3.5
제왕들의 책사 : 편	3.0
젓가락	4.0
꼴 : 잘생긴 거지는 있어도 코 없다 음탕한	1.0
허영만 맛있게 잘 쉬었습니다	3.0
그 희미한 시간 너머로	2.5
동화바이엘	3.0
베토벤	3.0
소녀경	0.5
강안남자	1.0
축구의 역사	2.5
축구에 관한 모든 것 9 : 전술	2.5
영차영차 영국축구	3.0
올록볼록 올림픽	3.5
화학이 화끈화끈	3.5
꼬르륵 뱃속여행	3.0
와글와글 월드컵	3.0
야구가 야단법석	3.0
야구란 무엇인가	4.0
라면천국	2.5
피터 래빗 이야기 1	4.0
유대인의 역사 (전 3권)	3.0
유대인의 역사	3.0
미시경제학	4.5
MIT 수학천재들의 카지노 무너뜨리기	3.0
우주가 우왕좌왕	3.0
수학이 자꾸 수군수군 -	3.5
수학이 또 수군수군	3.5
수학이 수군수군	4.0
로빈슨 크루소	4.0
오란고교 호스트부	4.0
만화 삼국지	4.0
만화 삼국지	3.0
本 삼국지	5.0
마음의 소리	3.5
무빙	2.5
오무라이스 잼잼	4.0
이말년 씨리즈 2	3.5
이말년 씨리즈	3.5
조명가게	3.0
어게인	3.5
차마 신이 없다고 말하기 전에	1.0
고종석의 문장	3.5
고종석의 문장 2	3.5
맛있는 세계사	3.0
이기적 섹스	3.0
타이밍	3.5
삼국지	4.0
사기 세가	4.5
사기 본기	4.5
사기 표	4.0
광해군	3.5
우리 생애의 가장 길었던 날	0.5
고성국의 정치in	1.0
조국, 대한민국에 고한다	2.5
진보집권플랜	2.5
노빈손 아이스케키 공화국을 구하라	2.5
알파고 VS 이세돌	3.0
만화 도요토미 히데요시	3.0
오다 노부나가	3.5
미스터리 메써드	0.5
『도련님』의 시대	4.0
사카모토 료마 평전	3.0
도쿠가와 이에야스	3.5
원미동 사람들	3.5
추리력 퍼즐	3.0
케인즈 & 하이에크 : 시장경제를 위한 진실게임	3.5
H2 오리지널	5.0
H2 1	5.0
터치	4.5
아즈망가 대왕	4.5
데스노트에 이름을 쓰면 살인죄일까?	3.0
커럼포의 왕, 로보	4.0
시튼 동물기	3.5
파브르 곤충기	3.5
시튼 동물기	3.5
The Lion, the Witch and the Wardrobe	4.5
	4.0
나는 선생님이 좋아요	4.0
헬렌 켈러	3.0
분열된 일가	3.0
아들들	3.0
프로이트의 의자	2.5
난쟁이 피터	3.0
생각 사용 설명서	3.0
플루타르크 영웅전	4.0
연어	3.5
몽실 언니	3.5
별	4.0
노빈손 에버랜드에 가다!	2.5
노빈손의 무인도 완전정복	2.5
이웃 사람	3.0
박씨전	2.0
짜장 짬뽕 탕수육	2.5
가방 들어주는 아이	3.0
자전거 도둑	3.0
압록강은 흐른다 -	3.5
강아지똥	4.5
에밀과 탐정들	3.5
호첸플로츠 또 다시 나타나다 3	3.0
호첸플로츠 다시 나타나다! 2	3.0
왕도둑 호첸플로츠 1	3.0
명탐정 셜록 홈즈의 공포의 계곡	3.5
명탐정 셜록 홈즈의 바스커빌 가문의 개	4.0
명탐정 셜록 홈즈의 네 개의 서명	4.0
뤼팽의 대모험	3.0
기암성	3.5
오즈의 마법사 2 : 환상의 나라 오즈	3.5
위대한 마법사 오즈	3.5
신기한 스쿨버스	3.0
작은 아씨들	3.5
십팔사략	4.0
노빈손의 버뮤다 어드벤처	2.5
노빈손의 남극 어드벤처	3.0
노빈손의 아마존 어드벤처	3.0
로빈슨 크루소 따라잡기	3.5
무서운 게 딱! 좋아!	0.5
쇼킹한 게 딱 좋아	1.0
황당한게 딱! 좋아!	1.0
노빈손, 피라미드의 비밀을 풀어라	3.0
소나기	4.0
삼대	3.0
태평천하	3.5
짱뚱이의 아빠	3.5
짱뚱이의 내 동생은 거북이	3.5
짱뚱이의 우리집은 흥부네 집	3.5
짱뚱이의 보고 싶은 친구들	3.5
짱뚱이의 우리는 이렇게 놀았어요	3.5
짱뚱이의 나의 살던 고향은	3.5
코믹 메이플 스토리 오프라인 RPG	1.5
마법천자문	2.5
오줌 멀리싸기 시합	3.0
포르노 보는 남자, 로맨스 읽는 여자	3.0
나는 즐라탄이다	4.0
말에서 내리지 않는 무사 1	3.5
The Beer : 맥주 스타일 사전	3.0
유시민을 만나다	4.0
강신주의 맨얼굴의 철학 당당한 인문학	3.5
지승호, 더 인터뷰	3.5
라플라스의 악마, 철학을 묻다	3.5
삼국전투기	4.0
소년탐정 김전일 애장판 4	3.5
소년탐정 김전일	3.5
명탐정 코난	4.0
신의 물방울 1	4.0
조금은 삐딱한 세계사	4.0
은하계 최초 잡놈 김어준 평전	3.5
땡땡과 상어 호수	2.5
땡땡과 카니발 작전	3.5
시드니행 714편	3.0
카스타피오레의 보석	3.5
티베트에 간 땡땡	3.5
노예선	3.5
해바라기 사건	4.0
달 탐험 계획	4.0
검은 황금의 나라	4.0
땡땡의 모험 14 : 태양의 신전	4.0
땡땡의 모험 13 : 일곱 개의 수정구슬	4.0
땡땡의 모험 10 : 신기한 별똥별	3.5
황금 집게발 달린 게	4.0
오토카 왕국의 지휘봉	4.0
검은 섬	3.5
부러진 귀	3.0
파라오의 시가	3.5
미국에 간 땡땡	2.5
콩고에 간 땡땡	0.5
소비에트에 간 땡땡	2.5
푸른 연꽃	3.0
유니콘호의 비밀	4.5
라캄의 보물	4.0
달나라에 간 땡땡	4.0
작가란 무엇인가 3	3.5
작가란 무엇인가 2	3.5
작가란 무엇인가 1	4.5
테이레시아스의 역사	3.5
찰리와 초콜릿 공장 	4.0
신데렐라	2.5
죽은 시인의 사회	4.0
전날의 섬	4.0
미네르바 성냥갑	4.0
로아나 여왕의 신비한 불꽃	3.5
젊은 소설가의 고백	4.5
프라하의 묘지	3.5
호비트	3.0
사라진 문명의 수수께끼	2.5
로마에서 말하다	3.0
만화 - 조선 왕조 500년	3.0
만화 박정희	3.0
이이제이의 만화 한국현대사 1	3.0
본격 시사인 만화	4.0
본격 제2차 세계대전 만화	3.0
이문열 이희재 만화 삼국지 세트 -	4.5
미스터 초밥왕 전국대회편	3.5
미스터 초밥왕	4.0
맥주의 모든 것	3.5
강철의 연금술사	4.5
데스 노트 Death Note	5.0
도박묵시록 카이지	4.0
더 파이팅 The Fighting	3.5
슬램덩크	5.0
전략 삼국지	4.0
드래곤 볼	5.0
남자 vs 남자	3.0
기사단장 죽이기	4.0
무라카미 라디오	3.0
반딧불이	3.5
브라질에서 온 소년들	3.0
오주석의 옛 그림 읽기의 즐거움	3.5
클래식, 아는 만큼 들린다	3.0
류승완의 본색	2.5
이동진의 시네마 레터	3.0
이동진의 부메랑 인터뷰 그 영화의 비밀	3.5
이동진의 부메랑 인터뷰 그 영화의 시간	3.5
장자	4.0
금난새와 떠나는 클래식 여행	3.0
모차르트	2.5
세상의 모든 리뷰	1.0
그래도, 사랑	2.5
돈가스의 탄생	4.0
국수와 빵의 문화사	2.5
대서사의 서막	4.0
거장의 귀환	3.5
노력중독	3.0
애프터 다크	2.5
남자답지 않을 권리	3.0
손녀딸의 부엌에서 글쓰기	3.0
범인은 이 안에 없다	4.0
시빌 워 : 어메이징 스파이더맨	3.0
시빌 워 : 캡틴 아메리카	3.0
시빌 워 : 아이언 맨	3.0
시빌 워	3.0
브이 포 벤데타	4.0
파운데이션과 제국	4.5
파운데이션과 지구	4.0
파운데이션의 끝	4.0
파운데이션	4.0
수요미식회	3.0
대한민국사 - 전3권	3.5
대한민국사 2	3.5
특강	4.0
직설	3.5
유신	4.0
대한민국사	3.5
이우재의 맹자 읽기	4.0
가재걸음	3.5
정의를 부탁해	4.5
후삼국지	1.5
진중권이 만난 예술가의 비밀	3.5
전설의 땅 이야기	3.5
킹메이커	4.0
어쩌다 한국은	3.0
정치가 밥 먹여준다	3.0
생각의 궤적	3.0
나는 줄리안 어산지다	2.5
아이네이스	3.0
대망 	4.5
조조는 어떻게 영웅이 되었나	3.0
심리학자, 노무현과 오바마를 분석하다	2.0
99%의 로마인은 어떻게 살았을까	3.0
새벽 : 김대중 평전	3.5
부의 도시, 베네치아	3.5
수신제가 치국 평천하 - 전3권	4.0
10명의 사람이 노무현을 말하다	3.5
안철수의 힘	2.5
틀을 깨는 야구 경영	2.5
방황해도 괜찮아	2.0
정관의 치	3.5
행복한 생각	2.0
항해의 역사	3.0
북한의 후계자 왜 김정은인가?	2.5
후계자 김정은	2.5
당 태종 평전	3.5
피자는 어떻게 세계를 정복했는가	3.0
비잔티움 연대기 1	4.0
비잔티움 연대기	4.0
왜 우리는 사랑에 빠지는가	3.5
왜 사랑에 빠지면 착해지는가	3.0
예수복음	3.5
죽음의 중지	3.5
밥의 인문학	3.0
항우 강의	3.0
손자병법	4.0
나는 생각한다, 고로 플레이한다	2.0
윤태영의 글쓰기 노트	3.5
대통령의 맛집	3.5
이오덕의 글쓰기	4.5
그랜드 투어	4.0
김이나의 작사법	3.5
사랑에 빠진 영화 영화에 빠진 사랑	3.5
영화, 알고 보면 더 재밌다	3.0
유혹하는 책 읽기	3.0
스무 살을 건너는 8가지 이야기	3.0
유엔미래보고서 2040	2.5
데뷔의 순간	3.5
생각의 일요일들	3.5
역사 ⓔ 4	3.0
역사 ⓔ 3	3.0
역사 ⓔ	3.0
역사 ⓔ 5	3.0
역사 ⓔ 2	3.0
왜 나는 법을 공부하는가	2.0
책 어떻게 읽을 것인가	2.5
도올논어	4.0
맹자 사람의 길 -	4.0
21세기 자본	4.5
문명과 수학	3.5
베껴쓰기로 연습하는 글쓰기 책	3.0
손석희가 말하는 법	3.0
오셀로	4.0
스티브 잡스	4.0
젤롯	3.0
공부하는 힘	2.0
음식의 제국	3.0
향연	4.0
파이돈	2.5
크리톤	4.0
18세기의 맛	3.5
사람은 어떻게 말을 하게 되었을까	3.5
요리 본능	3.5
공항에서 일주일을	3.0
여행의 기술	3.0
공병호의 독서노트	3.0
나의 문화유산답사기 일본편	4.0
사람이 알아야 할 모든 것 : 교양	3.5
그들은 어떻게 읽었을까	3.0
그들은 어떻게 뉴욕 양키스를 이겼을까	3.5
어떻게 사랑할 것인가	3.5
역사의 기억 역사의 상상	3.0
무신론자를 위한 종교	3.0
명작에게 길을 묻다	2.5
김제동이 어깨동무 합니다	2.5
과학자의 서재	3.5
통섭의 식탁	3.5
스키너의 심리상자 열기	2.5
한글의 탄생	3.0
헐크: 월드 워 헐크	2.0
화해	3.5
인간의 두 얼굴 : 외부 조종자	3.5
인간의 두 얼굴: 내면의 진실	3.5
세계사를 움직이는 다섯 가지 힘	3.0
그 개는 무엇을 보았나	3.5
The Tipping Point: How Little Things Can Make a Big Difference	3.0
블링크	2.5
티핑 포인트	3.0
이슬람 정육점	3.5
나귀 가죽	3.5
황금 물고기	3.0
적과 흑 -	4.0
파르마의 수도원	3.5
다시 기자로 산다는 것	3.5
기자로 산다는 것	4.0
행복에 걸려 비틀거리다	3.0
명사들의 문장강화	4.0
이 아침 축복처럼 꽃비가	3.5
달팽이가 느려도 늦지 않다	2.5
문명의 붕괴	4.0
사회선생님이 뽑은 우리 사회를 움직인 판결	3.0
지식 프라임	3.5
특별한 한국인	2.5
백범일지	3.5
마지막 수업	4.0
엔젤 아우라	1.5
동아시아 역사와 일본	3.0
사랑과 연애의 달인, 호모 에로스	2.5
공부의 달인, 호모 쿵푸스	2.0
청소년을 위한 서양철학사	3.0
최고의 공부	2.5
어떻게 원하는 것을 얻는가	3.0
인생기출문제집 2	2.5
인생기출문제집	2.5
세계를 바꾼 연설과 선언	3.5
네 꿈에 미쳐라	1.0
살아있는 세계사 교과서 1	3.5
7년 후	2.0
한 글자	2.5
멈추지 않는 도전 박지성	2.5
사람은 무엇으로 사는가	3.5
바보 빅터	2.5
영혼을 위한 닭고기 수프 1	3.0
카산드라의 거울	2.0
리버 보이	3.0
1cm+ 일 센티 플러스	2.5
1cm	2.5
종이 여자	2.5
향수	4.0
빙하에서 살아남기	2.0
사막에서 살아남기	2.0
아마존에서 살아남기	2.0
무인도에서 살아남기	2.5
언어천재 조승연의 이야기 인문학	2.5
검은 고양이	4.0
사랑하기 때문에	2.5
슬럼독 밀리어네어	3.5
개를 산책시키는 남자	3.0
바다에서 살아남기	3.0
초원에서 살아남기	3.0
화산에서 살아남기	2.0
남극에서 살아남기	2.5
지진에서 살아남기	2.0
산에서 살아남기	2.5
명탐정 셜록 홈즈의 회상 - 완역판	3.5
명탐정 셜록 홈즈의 모험	3.5
괴도 신사 뤼팽	3.0
왜 책을 읽는가	3.0
마틸다 (반양장)	3.5
내 이름은 빨강	4.5
마당을 나온 암탉 (반양장)	4.0
80일간의 세계일주	3.5
수학귀신	3.5
크리스마스 캐럴	3.5
감정사용설명서	2.5
왕자와 거지	3.0
Alice - 이상한 나라의 앨리스.거울 나라의 앨리스	4.0
파페포포 투게더	3.0
파페포포 메모리즈	3.0
책읽기의 달인, 호모 부커스	2.5
비밀의 화원	3.5
열두 살에 부자가 된 키라	3.0
아르센 뤼팽의 수십억 달러 / 아르센 뤼팽의 어떤 모험	3.5
백작부인의 복수	3.0
강력반 형사 빅토르	3.5
두 개의 미소를 지닌 여인	3.0
바리바 / 에메랄드 반지	3.0
불가사의한 저택	3.0
바르네트 탐정사무소	3.5
초록 눈동자의 아가씨 / 암염소가죽 옷을 입은 사나이	3.0
칼리오스트로 백작부인	3.5
여덟 번의 시계 종소리	3.5
호랑이 이빨	4.0
서른 개의 관	4.0
황금삼각형	3.5
포탄 파편	3.5
아르센 뤼팽의 고백	4.0
수정마개	3.5
813의 비밀	4.0
기암성	4.5
뤼팽 대 홈스의 대결	2.5
괴도신사 아르센 뤼팽	4.0
선물	2.5
자본주의 어디서 와서 어디로 가는가	4.0
자본주의 사용설명서	3.5
EBS 다큐프라임 자본주의	3.5
맨큐의 경제학	3.5
피버 피치	5.0
문명의 충돌	3.5
세이버메트릭스 레볼루션	4.0
이야기 중국사	1.0
토끼와 거북이	3.0
피터 래빗 시리즈 전집	4.0
남자의 종말	2.5
남성 퇴화 보고서	2.0
남자다움에 관하여	2.0
토티는 못 말려!	3.0
햇빛사냥	3.5
광란자	3.5
해리포터 사이언스	3.0
삼국지 사이언스	2.5
이윤기 길 위에서 듣는 그리스 로마 신화	3.5
만화로 보는 그리스 로마 신화	4.5
효명세자	4.0
나는 이런 책을 읽어 왔다	4.0
울지 않는 늑대	4.0
공자씨의 유쾌한 논어	4.0
51% 게임 손자병법	3.0
외식의 품격	3.5
왕과 나	3.0
논어로 논어를 풀다	4.5
내 젊은 날의 숲	3.5
달려라 정봉주	2.0
대한민국 진화론	3.0
스피릿 로드	3.5
도대체, 사랑	3.5
문명의 배꼽, 그리스	3.0
시골의사의 주식투자란 무엇인가 1	3.5
살라딘	3.5
명문장의 조건	3.0
디지로그 digilog	3.0
왕과 아들, 조선시대 왕위 계승사	4.0
글쓰기 훈련소	4.0
백인천 프로젝트	4.0
보노보	4.0
아트파탈	2.5
읽은 척 매뉴얼	3.5
고전문학 읽은 척 매뉴얼	3.5
우라질 연애질	3.5
새로 쓰는 연개소문전	4.0
개념찬 청춘	3.0
무성애를 말하다	3.0
우리는 왜 빠져드는가?	3.0
부의 역사	3.5
자연의 선택, 지나 사피엔스	4.0
붕어빵에도 족보가 있다 : 한국인이 즐겨먹는 거리음식의 역사	3.5
노무현과 국민사기극	3.5
노무현 죽이기	3.5
멘토의 시대	3.0
우리는 왜 이렇게 사는 걸까?	3.0
강남 좌파	3.5
현대축구의 전술, 알고 봐야 제대로 보인다!	3.0
부자의 생각 빈자의 생각	2.0
공병호의 고전강독 1	3.5
공병호의 고전강독 2	3.5
공병호의 군대 간 아들에게	3.0
제갈량 평전	3.5
굿바이 사이비 전성시대	3.0
헬조선에 장도리를 던져라	3.0
세월의 기억	3.0
516 공화국	3.0
나는 99%다	3.0
삽질공화국에 장도리를 날려라	3.0
현의 노래	4.0
자전거여행 1	3.5
라면을 끓이며	3.0
이분법 사회를 넘어서	3.0
우파의 불만	2.5
삼국지 다음 이야기	4.0
삶의 한가운데서 초한지를 읽다	3.5
초한지	4.5
초한지	4.0
지능의 사생활	3.5
표창원, 보수의 품격	3.0
로마의 전설 키케로	3.0
치즈의 지구사	3.0
밀크의 지구사	3.0
피자의 지구사	3.0
향신료의 지구사	3.5
Matilda	3.5
찰리와 거대한 유리 엘리베이터	3.0
초콜릿의 지구사	3.0
체사레 보르자	4.0
김성근이다	2.5
만약 고교야구 여자 매니저가 피터 드러커를 읽는다면	3.0
노자	3.5
조일전쟁	1.0
민주화 이후의 민주주의	3.5
하룻밤에 읽는 세계사 1	2.5
페르마의 마지막 정리	3.5
마이클 샌델의 하버드 명강의	3.5
돈으로 살 수 없는 것들	3.0
삼국지 인물사전	4.0
조선은 왜 망하였나	1.5
바람과 함께 사라지다	3.0
빅 히스토리	3.5
맹꽁이 서당	4.0
나만큼 미쳐봐	2.0
강의	4.5
담론	4.5
세계사 편력	4.0
아틀라스 세계사	3.5
아틀라스 한국사	3.5
독서 천재가 된 홍대리 2	0.5
리딩으로 리드하라	0.5
이지성의 꿈꾸는 다락방	0.5
운명이다	4.0
노무현이 만난 링컨	2.5
진보의 미래	4.0
여보, 나좀 도와줘	3.0
타인의 방	3.5
잃어버린 왕국 - 전5권	3.0
잃어버린 왕국	3.0
유림 (1부 1권) 2권) (2부 3권)	3.5
제4의 제국 1	3.0
낯익은 타인들의 도시	4.0
창세기, 인문의 기원	3.0
북유럽 신화여행	2.5
교황의 역사	2.5
날씨가 바꾼 전쟁의 역사	3.5
전쟁의 역사	4.5
설탕, 커피 그리고 폭력	3.5
소금	4.0
음식의 역사	3.0
괜찮다, 다 괜찮다	3.0
사랑 후에 오는 것들	2.5
티티새	2.5
디지로그 digilog	3.0
인문학 콘서트 2	2.5
인문학 콘서트 3	2.5
생명이 자본이다	3.0
축소 지향의 일본인	4.0
국화와 칼	3.5
이원복 교수의 세상만사 유럽만사	3.0
이원복 교수의 세계사 산책	3.0
신의 나라 인간 나라	3.5
신의 나라 인간 나라	3.5
신의 나라 인간 나라	3.5
이원복 교수의 와인의 세계, 세계의 와인	2.5
이원복 교수의 세상만사 유럽만사	3.0
새 먼나라 이웃나라	4.0
21세기 먼나라 이웃나라	3.5
21세기 먼나라 이웃나라 9	4.0
현대문명진단	3.0
신과 함께 : 저승편	4.0
신과 함께 : 이승편	3.0
신과 함께 : 신화편	3.0
조선왕조실톡	3.5
죽음에 관하여	4.5
송곳	4.0
여중생A	4.0
치즈 인 더 트랩	4.0
S라인	2.5
순정만화	3.0
아파트	2.5
26년	2.5
미생	4.5
게임의 여왕	3.0
대한민국에서 장남으로 살아가기	2.0
인류 이야기	2.5
그레이의 50가지 그림자	1.0
배트맨 앤솔로지	3.5
배트맨 : 다크 나이트 리턴즈	4.5
배트맨 허쉬	4.0
네 무덤에 침을 뱉으마 2	3.0
네 무덤에 침을 뱉으마	3.5
호모 코레아니쿠스	3.0
이미지 인문학 	3.0
크로스 2 : 진중권 + 정재승	3.0
진중권의 서양미술사 : 후기 모더니즘과 포스트모더니즘 편	3.5
크로스 : 정재승 + 진중권	3.5
진중권의 서양미술사 : 모더니즘 편	3.5
진중권의 미학 오디세이 3 (20주년 기념판)	4.0
진중권의 미학 오디세이 2 (20주년 기념판)	4.0
진중권의 미학 오디세이 1 (20주년 기념판)	4.0
대한민국 진보, 어디로 가는가?	4.0
생각해봤어?	4.0
노유진의 할 말은 합시다	4.0
정여울의 소설 읽는 시간	3.5
나만 알고 싶은 유럽 TOP10	4.0
대한민국 치킨전	3.5
0시를 향하여	3.5
예고살인	4.0
쥐덫	3.5
애크로이드 살인사건	3.5
ABC 살인사건	3.5
미국 총 미스터리	3.5
그리스 관 미스터리	3.5
로마 모자 미스터리	3.0
드루리 레인 최후의 사건	3.0
이집트 십자가 미스터리	3.5
펠리컨 브리프	4.0
의뢰인	4.0
가스실	3.5
크리스마스 건너뛰기	4.0
브로커	3.5
관람석	4.0
유럽 축구 엠블럼 사전	2.0
베컴, 나의 축구 나의 인생	2.5
알렉스 퍼거슨 나의 이야기	3.5
알렉스 퍼거슨 무한 인생 경영	3.5
축구 자본주의	4.0
축구철학의 역사	4.5
누구보다 축구전문가가 되고싶다	3.5
평설 열국지 - 제1부 황하의 영웅 제2부 장강의 영웅들 제3부 일통천하	4.0
건투를 빈다	3.5
나는 꼼수다 에피소드 1	3.0
알기쉬운 일러스트 야구규칙	3.0
야구 감독	3.0
야구의 추억	3.0
야구 교과서	3.0
이게 다 야구 때문이다	4.0
나는 꼼수다 뒷담화	2.0
조국 현상을 말한다 - 개정판	1.0
보수를 팝니다	2.5
주기자의 사법활극	3.5
주기자 : 주진우의 정통시사활극	4.5
강대국의 비밀	3.5
대국굴기 강대국의 조건 - 일본	4.0
강대국의 조건 - 영국	4.0
강대국의 조건 - 러시아	4.0
강대국의 조건 - 미국	4.0
강대국의 조건 - 독일	4.0
강대국의 조건 - 프랑스	4.0
대국굴기 강대국의 조건 - 네덜란드	4.0
강대국의 조건 - 포르투갈/스페인	4.0
나폴레옹	3.0
람세스	4.0
위대한 두목, 엘리자베스	3.5
수수께끼의 기사	4.0
향료전쟁	4.5
빵의 역사	5.0
대한민국 누들로드	3.5
누들 로드	4.0
냉면열전	3.5
식객	4.0
부자사전	3.0
차폰 잔폰 짬뽕	3.0
타임머신	3.0
히틀러는 왜 세계 정복에 실패했는가	1.5
김태권의 한나라 이야기 3	3.0
김태권의 한나라 이야기 1	3.0
김태권의 한나라 이야기 2	3.0
십자군전쟁 그것은 신의 뜻이었다!	3.5
아랍인의 눈으로 본 십자군 전쟁	4.0
김태권의 십자군 이야기 1	3.0
술탄 살라딘	2.5
이슬람의 영웅 살라딘과 신의 전사들	4.0
부족지	3.0
칭기스칸기	3.0
칭기스칸, 잠든 유럽을 깨우다	3.5
화폐전쟁 4	2.5
화폐전쟁, 진실과 미래	4.0
화폐전쟁 3	3.5
화폐전쟁 2	3.0
화폐전쟁	4.0
포스터 속의 남자	2.0
침대 속의 사정	2.0
플루타르코스 영웅전 전집 - 하	3.5
플루타르코스 영웅전 전집 - 상	3.5
아우구스투스	3.5
로마제국 최후의 100년	3.0
원전으로 읽는 변신이야기	3.5
로마가 만든 영웅들	3.5
그리스를 만든 영웅들	3.5
플루타르코스 영웅전	4.0
게르마니아	4.0
갈리아 원정기	3.5
갈리아 전쟁기	3.5
열두 명의 카이사르	3.0
로마의 전설을 만든 카이사르 군단	3.5
아스테릭스 된 아스테릭스, 아스테릭스와 마을의 가다 카이사르의 아스테릭스의	3.5
알렉산드로스, 침략자 혹은 제왕	3.0
알렉산더	3.0
열국지	3.5
류성룡과 임진왜란	2.5
임진왜란은 우리가 이긴 전쟁이었다	3.0
도요토미 히데요시	2.5
남자의 물건	3.5
가끔은 격하게 외로워야 한다	3.0
감자	3.5
한권으로 읽는 신라왕조실록	2.0
한권으로 읽는 고려왕조실록	3.5
한 권으로 읽는 조선왕조실록	4.0
한권으로 읽는 백제왕조실록	1.5
대제국 고구려	2.0
고구려의 발견	3.5
HD 역사스페셜 1 : 고구려 천하의 중심을 선포하다	3.0
고구려 신라 백제가 중국 대륙을 지배했다	0.5
고구려 백제 신라는 한반도에 없었다	0.5
고구려가 왜 북경에 있을까	0.5
한권으로 읽는 고구려왕조실록	1.5
누가 왕을 죽였는가	1.5
송시열과 그들의 나라	2.5
오국사기 (전3권)	2.0
장군과 제왕	3.0
조선 선비 살해사건	2.0
고조선은 대륙의 지배자였다	1.0
고구려는 천자의 제국이었다	1.0
한국사 그들이 숨긴 진실	0.5
조선 왕을 말하다 2	2.5
조선 왕을 말하다	2.5
안철수의 생각	2.0
왕조의 설계자 정도전	3.5
왜 조선은 정도전을 버렸는가	3.5
정도전 조선 최고의 사상범	3.0
정도전을 위한 변명	4.0
병자호란 1	5.0
정묘.병자호란과 동아시아	3.5
오감도	3.5
템페스트	3.0
애거서 크리스티 전집 (완전판)	4.5
황석영 : 삼포 가는 길 The Road to Dampo	3.5
삼국지	4.5
세종 조선의 표준을 세우다	4.0
성종 조선의 태평을 누리다	4.0
선조 조선의 난세를 넘다	4.0
태종 조선의 길을 열다	4.0
김제동이 만나러 갑니다	3.0
국경의 남쪽, 태양의 서쪽	3.5
X의 비극	4.0
Z의 비극	3.0
Y의 비극	4.5
이중톈 중국사 7 : 진시황의 천하	4.0
이중톈 중국사 4 : 청춘지	3.5
이중톈 중국사 5 : 춘추에서 전국까지	4.0
이중톈 중국사 6 : 백가쟁명	4.0
이중톈 중국사 3 : 창시자	4.0
이중톈 중국사 2 : 국가	4.0
이중톈 중국사 1 : 선조	4.0
이중톈, 사람을 말하다	3.0
품인록	3.5
이중텐 국가를 말하다	3.5
털없는 원숭이	3.5
덕후감	2.5
미각의 제국	3.5
맛따라 갈까 보다	3.5
소문난 옛날 맛집	3.5
아르센 벵거	4.0
사다리 걷어차기	4.0
그들이 말하지 않는 23가지	4.5
장하준의 경제학 강의 (반양장)	4.0
강신주의 다상담 2	3.0
강신주의 다상담 3	3.0
강신주의 다상담 1	3.0
언제 들어도 좋은 말	4.5
보통의 존재 	3.5
하우스 오브 카드	4.0
머니볼	4.5
찌질한 위인전	3.0
바나나 우유	3.0
판을 엎어라	3.0
번역은 글쓰기다	3.5
1219 끝이 시작이다	3.5
문재인, 김인회의 검찰을 생각한다	3.5
신데렐라 천년의 여행	3.5
네덜란드	3.0
문명과 바다	4.0
히스토리아	3.5
히스토리아 노바	3.5
마녀	3.5
책의 역사 : 문자에서 텍스트로	3.0
열한 계단	3.5
파토의 호모 사이언티피쿠스	4.0
설계자들	4.0
영원한 라이벌 김대중 VS 김영삼	4.0
와주테이의 박쥐들	3.0
정치과외 제1교시	3.0
바람이 불면 당신인 줄 알겠습니다	4.0
이작가의 수첩	3.0
툭 까놓고 재벌	3.0
바꿔야 이긴다	3.0
뭐라도 합시다	3.0
7인의 충고	3.0
이철희의 정치 썰전	3.0
다시, 책은 도끼다	3.5
연애하지 않을 자유	4.0
맨박스	4.5
남자들은 자꾸 나를 가르치려 든다	3.5
남자란 무엇인가	2.0
개인주의자 선언	4.0
월경의 정치학	3.5
여자다운 게 어딨어	4.0
룬의 아이들 - 윈터러	4.5
월드 오브 워크래프트 스톰레이지	2.5
월드 오브 워크래프트 아서스 : 리치왕의 탄생	4.0
월드 오브 워크래프트 늑대의 심장	3.0
월드 오브 워크래프트 부서지는 세계 : 대격변의 전조	3.5
워크래프트	3.0
나는 과학이 말하는 성차별이 불편합니다	3.0
진화의 무지개	4.0
해리 포터, 이것이 알고 싶어요!	3.0
음유시인 비들 이야기	4.0
퀴디치의 역사	3.5
신비한 동물 사전	4.5
아르센 뤼팽 전집	4.0
1973년의 핀볼	3.0
양을 쫓는 모험 (하)	3.5
양을 쫓는 모험 (상)	3.5
댄스 -	3.5
무라카미 하루키 잡문집	3.5
세일러복을 입은 연필	3.5
해 뜨는 나라의 공장	3.5
쿨하고 와일드한 백일몽	3.5
밸런타인데이의 무말랭이	3.5
코끼리 공장의 해피엔드	3.5
소울 메이트	3.0
샐러드를 좋아하는 사자	3.5
더 스크랩	3.0
TV 피플	3.5
회전목마의 데드히트	3.5
빵가게 재습격	3.5
시드니!	3.0
직업으로서의 소설가	4.5
무라카미 하루키 최고 단편선 - TV 피플	3.5
대쥬신을 찾아서	0.5
대쥬신제국사(대조선제국사)	1.5
은하영웅전설 외전	4.0
은하영웅전설	4.5
나쁜 페미니스트	4.0
우리는 모두 페미니스트가 되어야 합니다	4.0
무라카미 하루키 1Q84를 말하다	3.5
무라카미 하루키 1Q84 어떻게 읽을 것인가	3.0
원피스 ONE PIECE	5.0
도쿠가와 이에야스의 삶과 리더십	3.0
도쿠가와 이에야스 1부 1~5권	3.5
바리데기	2.5
퀴즈쇼	4.5
너의 목소리가 들려	4.5
읽다	4.0
보다	4.0
스즈미야 하루히의	4.5
박시백의 조선왕조실록 1	4.5
전격전의 전설	4.5
죄와 벌	4.5
사람은 무엇으로 사는가	4.0
톨스토이 단편 걸작선	4.0
톨스토이 베스트 단편 걸작선	4.0
로마 멸망 이후의 지중해 세계 -	4.0
 은빛 피렌체 2 - 메디치가 살인사건 	3.0
그림으로 보는 십자군 이야기	4.0
살로메 유모 이야기	3.5
레판토 해전	3.5
콘스탄티노플 함락	4.0
사랑의 풍경	2.5
나의 인생은 영화관에서 시작되었다	2.5
사일런트 마이노리티	2.5
남자들에게	2.5
르네상스의 여인들	3.5
이탈리아에서 보내온 편지	3.0
르네상스를 만든 사람들	4.0
로마인에게 묻는 20가지 질문	3.0
로도스섬 공방전	3.5
신의 대리인	4.5
나의 친구 마키아벨리	4.0
바다의 도시 이야기	4.5
체사레 보르자 혹은 우아한 냉혹	4.5
시오노 나나미의 리더 이야기	2.5
시오노 나나미의 국가와 역사	2.5
반삼국지 -	1.5
정사 삼국지 - 위서	4.0
삼국지 통치학	2.5
삼국지 인물전	1.5
삼국지 강의	3.5
삼국지 죽이기	1.5
삼국지의 영광	2.0
김운회 교수의 삼국지 바로 읽기	1.0
삼국지가 울고 있네	3.5
김운회 교수의 삼국지 바로 읽기 - 전2권	1.0
황제를 위하여	4.0
삼국지	5.0
인간	2.0
상대적이며 절대적인 지식의 백과사전 1	3.0
베르나르 베르베르의 상상력 사전	3.0
악의	4.0
명탐정의 규칙	4.0
플래티나 데이터	3.0
공포의 계곡	4.5
셜록 홈즈 전집 1	5.0
왕들의 전쟁	5.0
세븐킹덤의 기사	4.5
드래곤과의 춤	4.0
까마귀의 향연	4.0
성검의 폭풍	4.5
왕좌의 게임	5.0
A Game of Thrones	5.0
유시민의 경제학 카페	4.0
노무현은 왜 조선일보와 싸우는가	4.0
대한민국 개조론	3.5
후불제 민주주의	4.5
청춘의 독서	4.0
표현의 기술	4.0
유시민의 공감필법	3.5
그 남자는 왜 이상해졌을까?	4.0
팩트체크 : 정치.사회 편	3.5
팩트체크 : 경제.상식 편	3.5
팩트체크	3.5
호빗	3.5
눈물을 마시는 새	5.0
눈뜬 자들의 도시	3.0
눈먼 자들의 도시	3.5
십자군 이야기 	4.0
나의 한국현대사	4.5
거의 모든 것의 역사	3.0
향수	3.5
11분	3.0
양을 둘러싼 모험	3.0
세계의 끝과 하드보일드 원더랜드	3.5
아리랑	4.0
28	3.5
구운몽	3.5
우리들의 일그러진 영웅	4.5
WHY NOT?	3.5
새로운 100년	3.0
왜 세계의 절반은 굶주리는가?	3.5
스무살에 알았더라면 좋았을 것들	2.5
FBI 행동의 심리학	3.0
배려	2.5
마시멜로 두 번째 이야기	2.0
설득의 심리학	3.0
눈치보는 나, 착각하는 너	2.0
소크라테스의 변명	4.5
책은 도끼다	4.0
여덟 단어	3.5
총 균 쇠	5.0
완벽하지 않은 것들에 대한 사랑	2.0
천사들의 제국	2.5
허생전	4.0
꺼삐딴 리	3.5
더 리더 - 책 읽어주는 남자	3.5
사랑 후에 오는 것들	2.5
15소년 표류기	4.0
드래곤 라자	4.5
변신.시골의사	4.0
외딴방	3.0
당신, 거기 있어 줄래요?	1.5
봉순이 언니	3.5
베로니카, 죽기로 결심하다	2.5
구해줘	2.0
베니스의 상인	4.0
운수 좋은 날 「현진건」	4.0
봄.봄 「김유정」	4.0
이방인	4.0
어린 왕자	5.0
용의자 X의 헌신	4.0
왜 나는 너를 사랑하는가	4.0
파피용	3.5
1Q84	4.5
참을 수 없는 존재의 가벼움	4.0
노인과 바다	5.0
천 번을 흔들려야 어른이 된다	1.5
뇌	3.0
반지의 제왕	5.0
사랑손님과 어머니	3.5
해변의 카프카	4.0
사랑하라 한번도 상처받지 않은 것처럼	2.5
광수생각	1.0
아침형 인간	1.0
데미안	4.5
아프니까 청춘이다	2.0
칭찬은 고래도 춤추게 한다	2.0
무소의 뿔처럼 혼자서 가라	3.0
야생초 편지	3.5
지도 밖으로 행군하라	2.0
냉정과 열정사이 Blu	3.0
상도 	4.0
성공하는 사람들의 7가지 습관	1.5
그 많던 싱아는 누가 다 먹었을까	3.5
우동 한 그릇	3.0
별주부전	3.0
해와 달이 된 오누이	3.0
팥죽 할멈과 호랑이	2.5
소가 된 게으름뱅이	2.0
효녀 심청	3.0
은혜 갚은 꿩	3.0
서울쥐와 시골쥐	3.0
미운 오리 새끼	3.0
빨간 모자	3.0
아웃라이어	3.5
삼성을 생각한다	3.0
크리스마스 캐럴	4.0
4대 비극	3.5
개미혁명	3.5
국화와 칼	3.5
그 여자네 집	4.0
지금 알고 있는 걸 그때도 알았더라면	3.0
퓨처 워커	4.5
창가의 토토	3.5
장미의 이름	5.0
유혹하는 글쓰기	3.5
바우돌리노 -	5.0
봄봄	4.5
첫사랑	3.5
디지털 포트리스	1.0
피를 마시는 새	5.0
나니아 연대기	3.5
테메레르	3.0
걸리버 여행기	4.0
오즈의 마법사	3.5
유배지에서 보낸 편지	3.5
로스트 심벌	1.5
셜록 홈즈 : 주홍색 연구	5.0
소나기	4.5
몽실 언니	3.5
잠	2.0
플랜더스의 개	3.5
모랫말 아이들	3.0
인페르노	1.5
도련님	4.5
오리엔트 특급살인	4.5
내 영혼이 따뜻했던 날들	3.5
해리 포터와 불의 잔	5.0
해리 포터와 죽음의 성물	4.5
이상한 나라의 앨리스 (한글판 + 영문판 합본)	4.0
내 머리로 생각하는 역사 이야기	3.5
지식 e - 시즌 6	3.5
온워드 Onward	2.5
독서 천재가 된 홍대리	1.0
사도세자가 꿈꾼 나라	2.5
뉴스의 시대	3.0
에디톨로지	4.0
나는 아내와의 결혼을 후회한다	2.5
자전거 여행	3.5
TV동화 행복한 세상 1	3.0
스물아홉 생일, 1년 후 죽기로 결심했다	2.0
남한산성	4.0
상대적이며 절대적인 지식의 백과사전	2.5
암호의 세계	3.0
채근담	4.0
통섭	3.5
사랑의 기술	2.0
조선 왕 독살사건	1.5
세상의 바보들에게 웃으면서 화내는 방법	3.5
부의 미래	3.0
선녀와 나무꾼	3.0
여우와 두루미	2.0
견우 직녀	3.0
개미와 베짱이	2.5
성냥팔이 소녀	3.0
백설 공주	2.0
벌거벗은 임금님	2.5
신데렐라	2.5
인어 공주	3.0
올리버 트위스트	4.5
태엽 감는 새	4.5
아버지들의 아버지	3.0
적과 흑	4.0
바보 이반	4.0
리어 왕	4.0
한여름 밤의 꿈	3.0
오페라의 유령	3.0
수난이대 「하근찬」	3.0
꼬마 니콜라	3.5
혼.창.통	3.0
나의 문화유산답사기 	4.5
서양미술사	4.0
강신주의 감정수업	4.0
대통령의 글쓰기	4.0
나는 단순하게 살기로 했다	2.0
문재인의 운명	4.0
탈무드	4.0
꽃으로도 때리지 말라	3.5
파페포포 다이어리	3.0
모리와 함께한 화요일	3.5
일의 기쁨과 슬픔	3.0
인생학교 | 섹스	3.0
내가 사랑한 유럽 TOP10	4.5
말하다	3.5
거꾸로 읽는 세계사	4.5
인문학으로 광고하다	3.0
요츠바랑!	5.0
무소유	4.0
달과 6펜스	4.0
그리고 아무도 없었다	5.0
도가니	3.5
서울 시	2.0
색채가 없는 다자키 쓰쿠루와 그가 순례를 떠난 해	3.5
여자 없는 남자들	2.5
해리 포터와 아즈카반의 죄수	5.0
해리 포터와 불사조 기사단	5.0
해리 포터와 혼혈왕자	5.0
지식 e - 시즌 7	3.0
대한민국이 묻는다	3.0
오체 불만족	2.0
로마인 이야기 	5.0
물은 답을 알고 있다	0.5
넛지	3.5
괭이부리말 아이들	3.0
베르베르 독자들이 쓴 나무 2	2.0
소설가 구보씨의 일일	3.0
무진기행 「김승옥」	4.0
즐거운 나의 집	4.0
정글만리	3.5
앵무새 죽이기	4.0
냉정과 열정사이 Rosso	3.0
태백산맥	5.0
마시멜로 이야기	2.5
월리를 찾아라! 	3.5
난장이가 쏘아올린 작은 공	4.5
젊은 베르테르의 슬픔	4.5
이상한 나라의 앨리스	3.5
시골의사 박경철의 자기혁명	3.0
닥치고 정치	4.0
인생 수업	2.5
불안	3.0
멈추면, 비로소 보이는 것들	2.5
논리야 놀자	3.5
7년의 밤	4.0
그리스인 조르바	2.5
갈매기의 꿈	3.0
정재승의 과학 콘서트	4.0
칼의 노래	4.5
먼나라 이웃나라	4.0
꿈꾸는 다락방	0.5
톨스토이 단편선	3.5
위대한 개츠비	4.0
꾸뻬 씨의 행복 여행	2.5
타나토노트	3.0
오만과 편견	4.5
무진기행	4.0
엄마를 부탁해	4.0
누가 내 치즈를 옮겼을까?	2.5
화성에서 온 남자 금성에서 온 여자	2.5
가시고기	3.0
호밀밭의 파수꾼	5.0
나의 라임 오렌지나무	4.0
해리 포터와 비밀의 방	5.0
모모	4.0
노르웨이의 숲	4.5
1984	4.0
천사와 악마	2.0
만들어진 신	4.5
해리 포터와 마법사의 돌	5.0
시크릿	1.5
신	3.0
정의란 무엇인가	4.5
동물농장	4.5
다 빈치 코드	2.5
개미	4.0
연금술사	4.5
나무	2.5
네가 어떤 삶을 살든 나는 너를 응원할 것이다	3.5
채식주의자	3.0
세상의 중심에서 사랑을 외치다	2.5
아홉살 인생	4.0
나는 고양이로소이다	3.0
우리들의 행복한 시간	3.5
지적 대화를 위한 넓고 얕은 지식 : 현실 너머 편	3.0
100℃ (한정판)	4.0
허클베리 핀의 모험	4.5
햄릿	4.0
토지 	4.5
탁류	3.0
일리아스	4.5
이윤기의 그리스 로마 신화	3.5
이기적 유전자	4.5
오뒷세이아 	4.0
역사	3.5
안나 카레니나	4.5
삼국유사	3.0
사기 열전	5.0
변신 이야기	4.0
변신	3.5
법의 정신	3.0
맹자	4.5
맥베스	4.0
돈키호테	4.5
니코마코스 윤리학	4.0
논어	5.0
군주론	4.0
광장/구운몽	4.0
고도를 기다리며	4.0
우리에겐 언어가 필요하다	3.5
모두를 위한 페미니즘	3.5
지적 대화를 위한 넓고 얕은 지식 : 현실 세계 편	3.0
미움받을 용기	2.0
국가란 무엇인가	4.0
어떻게 살 것인가	5.0
유시민의 글쓰기 특강	4.0
나미야 잡화점의 기적	4.5
