﻿호모도미난스	2.0
도토리 자매	2.0
페터 카멘친트	3.0
스마일리의 사람들	3.5
비수기의 전문가들	3.0
원 플러스 원	2.5
2017 제7회 문지문학상 수상작품집	3.0
카케구루이	4.0
빨강 머리 앤	4.0
침묵의 거리에서	3.0
어린 왕자	4.0
공허한 십자가	3.5
공부할 권리	2.5
장외인간	2.5
백석 시집 사슴	4.5
오감도	3.5
데빌스 스타	3.5
말이 칼이 될 때	4.0
장정일의 공부	3.0
악마의 증명	3.0
냄새를 보는 소녀	2.0
국경시장	3.0
최선의 삶	3.5
잠옷을 입으렴	3.5
그레이스	3.0
스틸 앨리스	3.0
35년	3.5
그을린 예술	4.0
장하석의 과학, 철학을 만나다	3.0
스나크 사냥	3.5
딸에 대하여	3.5
유리 망치	3.5
공주는 잠 못 이루고	3.0
웃는 남자	3.5
양의 미래 Kong's Garden	3.5
낮잠형 인간	4.0
뿌리 이야기	3.0
표현의 기술	3.0
달콤한 노래	3.0
끝의 시작	3.5
브리짓 존스의 일기	3.0
한 문장	2.5
빨간구두당	2.5
괴괴한 날씨와 착한 사람들	3.0
오르부아르	3.5
여름으로 가는 문	3.5
좋아하면	3.0
뿌리 깊은 나무	4.5
다른 모든 눈송이와 아주 비슷하게 생긴 단 하나의 눈송이	4.0
공터에서	3.5
이상하고 아름다운	3.0
기술적 복제시대의 예술작품	4.0
두려움과 떨림	3.5
캐롤	4.0
클라라 죽이기	3.0
시노부 선생님, 안녕	3.5
폭음열도	4.0
톨스토이 대표단편선	4.5
눈 한 송이가 녹는 동안	3.5
카모메 식당	3.5
파인더스 키퍼스	4.0
악마의 사도	2.0
고독은 잴 수 없는 것	3.0
슬픈 카페의 노래	3.5
화성에서 살 생각인가?	3.0
애너벨 리	3.5
가면 뒤에서	3.0
자면서도 다 듣는 애인아	3.0
꾿빠이, 이상	4.0
상냥한 저승사자를 기르는 법	3.0
하이젠베르크의 양자역학, 불확정성의 과학을 열다	3.5
계속해보겠습니다	4.5
H2	4.0
완벽하지 않은 것들에 대한 사랑	3.0
철학 콘서트 1	3.0
2001 스페이스 오디세이	4.0
불을 가지고 노는 소녀	2.5
갈증	3.0
수상한 사람들	3.5
세월의 돌	4.0
무코다 이발소	3.5
문학소녀	2.5
멜랑콜리의 묘약	3.0
우리는 지구별 어디쯤	3.0
열녀문의 비밀	3.0
엿보기 구멍 1	3.5
에로스의 종말	3.5
빛의 호위	3.0
허수아비춤	3.5
연애의 행방	3.5
아르테미스	3.0
이토록 보통의	3.0
권력이란 무엇인가	3.5
카타리나 블룸의 잃어버린 명예	3.5
상냥한 폭력의 시대	3.0
100초 정치사회	2.5
법륜 스님의 행복	3.0
더블린 사람들	3.0
핀치의 부리	3.0
바퀴벌레	4.0
게임의 이름은 유괴	3.5
유시민의 글쓰기 특강	3.0
철학 콘서트 2	3.5
희망장	3.0
언제 들어도 좋은 말	4.0
한없이 투명에 가까운 블루	3.5
지금, 만나러 갑니다	3.0
꽃을 보듯 너를 본다	3.5
전락	3.5
회랑정 살인사건	3.5
철학 콘서트 3	3.5
초판본 인간 실격	4.0
하이 피델리티	3.5
나의 한국현대사	3.5
결혼식 전날	3.0
러브 레플리카	3.0
신비한 동물 사전 원작 시나리오	3.5
정글만리	4.0
조선왕조실톡	3.0
빵가게를 습격하다	3.5
피에로들의 집	3.5
벤자민 버튼의 시간은 거꾸로 간다	4.0
크리스마스 캐럴	4.0
백은의 잭	3.5
뜻밖의 바닐라	3.0
홀	3.0
미스 함무라비	2.5
빵가게 재습격	3.5
찰리 브라운과 함께한 내 인생	4.0
기억을 잃어버린 앨리스	3.0
맨스필드 파크	3.5
오십 미터	3.0
열세 번째 이야기	3.0
셜록 홈즈의 모험	3.5
눈보라 체이스	3.5
카프카 단편선	4.0
디어 마이 프렌즈	3.5
미스터 메르세데스	3.5
왕들의 전쟁	4.0
체스의 모든 것 Everything About Chess	4.0
이 사람을 보라	3.0
그대 눈동자에 건배	3.5
달리는 기차 위에 중립은 없다	3.0
5년 만에 신혼여행	3.5
일취월장	3.0
다섯 마리 아기 돼지	3.0
여자의 빛	3.5
나는 토끼처럼 귀를 기울이고 당신을 들었다	4.0
굿바이 미스터블랙	3.0
데드 하트	3.5
한눈팔기	3.5
심연	3.0
셜록 홈즈 : 모리어티의 죽음	4.0
작은 것들의 신	3.5
빙과	3.0
우주복 있음, 출장 가능	3.5
이별의 순간 개가 전해준 따뜻한 것	3.0
빠삐용	3.5
플래너리 오코너	3.0
그것	4.0
식물들의 사생활	3.5
소멸세계	3.0
소설 녹정기 세트 - 전12권	3.5
공각기동대	4.0
나의 문화유산답사기 9 : 서울편 	4.0
스타십 트루퍼스	3.5
몽환화	2.5
파리의 우울	3.5
아몬드	3.0
풍경소리	4.0
할머니는 죽지 않는다	2.0
기린의 날개	4.0
교토에 다녀왔습니다	3.5
첫사랑	3.0
이마를 비추는, 발목을 물들이는	3.0
어린 왕자	4.0
포르투갈의 높은 산	4.0
사피엔스의 미래	1.5
시로 납치하다	2.0
여울물 소리	2.5
금각사	4.0
당신들의 조국	4.0
지킬 박사와 하이드	4.0
드래곤플라이	3.0
유진과 유진	3.5
가시고기	3.5
마당을 나온 암탉	3.5
편의점 인간	3.5
마당을 나온 암탉 (반양장)	3.5
제임스와 슈퍼 복숭아	3.5
모모	4.0
아가미	3.5
여행의 기술	3.5
작은 아씨들	4.0
적의 화장법	3.5
흔들리지 않고 피는 꽃이 어디 있으랴	3.0
멈추면, 비로소 보이는 것들	2.5
후쿠시마에 남겨진 동물들	2.5
늘 그대를 사랑했습니다	3.0
산책자	4.0
방주로 오세요	3.5
쇼트 게임 Short Game	3.0
수족관의 살인	3.5
삼풍	3.0
어떻게 살 것인가	2.5
아주 친밀한 폭력	2.5
매혹당한 사람들	3.5
우리 사우나는 JTBC 안 봐요	2.5
재수의 연습장	3.0
도리언 그레이의 초상 - 전2권 (한글판 + 영문판)	4.0
사랑이라니, 선영아	3.5
이상한 도서관	3.0
막다른 골목의 추억	2.5
예감은 틀리지 않는다	4.0
한 글자	3.5
비 내리는 그리스에서 불볕천지 터키까지	4.0
소란한 보통날	3.0
윤동주 평전	3.5
착한 여자	2.0
양파 공동체	3.0
달의 그림자 그림자의 바다	3.0
촘스키와 푸코, 인간의 본성을 말하다	4.0
망내인	3.5
리스본행 야간열차 (윈터 리미티드 에디션)	3.0
파크 라이프	3.5
당신	3.0
노트르담 드 파리	3.5
보이지 않는	3.0
군함도	2.0
공격	3.5
너의 목소리가 들려	2.5
전자오락 수호대	3.0
좁은 문 / 전원교향곡 / 배덕자	4.0
진상 -	4.0
고의는 아니지만	3.5
헬퍼 Hellper	2.5
샌프란시스코 화랑관	3.0
호두까기 인형	3.5
셈을 할 줄 아는 까막눈이 여자	3.0
나는 고양이로소이다	4.0
아들	4.0
내일도 사랑을 할 딸에게	3.0
피그말리온 아이들	3.5
수학의 숨은 원리	3.0
종소리	2.5
무빙	3.0
나는 왜 정치를 하는가	3.5
환상의 빛	3.0
루미너리스	3.0
숙녀의 기분	3.0
백석 평전	4.0
나는 공산주의자와 결혼했다	3.5
네메시스	4.0
트렌드 코리아 2018	2.5
창문 넘어 도망친 100세 노인	4.0
내 머리 사용법	3.0
깨끗하고 밝은 곳	4.0
나생문 (라쇼몽)	4.0
타임 인 조선 -	3.0
그날, 고양이가 내게로 왔다	2.5
주홍색 연구	4.0
지금, 만나러 갑니다	3.5
나는 너를 본다	3.0
강신주의 맨얼굴의 철학 당당한 인문학	3.5
외눈박이 물고기의 사랑	3.0
무지개를 연주하는 소년	3.5
후레자식	2.5
스파링	3.0
여자를 증오한 남자들	3.0
그해, 여름 손님	3.0
하우스 오브 카드	4.0
미국의 목가	3.5
기억은 미래를 향한다	3.5
역사 ⓔ 5	3.0
달의 제단	2.5
우리 모두의 정귀보	3.0
강의	3.5
덕질로 인생역전	2.5
원피스식 인생철학	2.5
호날두는 우리와 무엇이 다른가	3.0
스탠리 큐브릭	3.5
기형도 전집	4.5
악령	4.0
타이탄의 도구들	3.0
초콜릿 우체국	3.5
그믐, 또는 당신이 세계를 기억하는 방식	3.5
뷰티 인사이드	2.5
데미안	4.5
라면을 끓이며	3.5
아홉번째 파도	2.5
글로리홀	3.0
중국식 룰렛	3.0
키드갱	3.5
피어라 돼지	3.0
단테의 신곡	3.5
내가 아직 아이였을 때	3.5
도깨비	2.5
아름답고 쓸모없기를	3.0
국가란 무엇인가	3.0
우리는 분위기를 사랑해	3.0
소각의 여왕	3.5
시대의 말 욕망의 문장	4.0
울분	4.0
라일락과 고래와 내 사람	3.5
방과 후 전쟁활동	3.0
사뮈엘 베케트의 말 없는 삶	3.5
심연의 하늘 1	3.5
바람이 분다 당신이 좋다 (리커버에디션)	4.0
꿈	3.5
선물	3.0
지구만큼 슬펐다고 한다	3.5
가능세계	3.5
가장 예쁜 생각을 너에게 주고 싶다	3.0
한 스푼의 시간	3.0
누가 나를 쓸모없게 만드는가	3.0
시를 잊은 그대에게	3.0
터널	3.0
악몽을 파는 가게	3.5
아름다움의 구원	3.0
외로우니까 사람이다	3.5
세 살 버릇 여름까지 간다	4.0
악의 꽃	4.0
안데르센 동화집	4.0
오후 네 시	3.5
가면 산장 살인 사건	3.5
알려지지 않은 예술가의 눈물과 자이툰 파스타	4.5
소설	4.5
권순찬과 착한 사람들 Kwon Sun-chan and Nice People	4.5
해저 2만리	3.0
인간의 굴레	3.5
사기 본기	4.0
사채꾼 우시지마	4.5
오버 더 호라이즌	3.5
태양은 다시 떠오른다	4.0
상처받지 않을 권리	3.5
미유키 애장판	2.5
정유정, 이야기를 이야기하다	4.0
기린이 아닌 모든 것	4.0
종의 기원	3.5
1984	3.5
알퐁스 도데 단편선	4.0
샴페인 친구	4.0
스티븐 제라드	3.5
나목	3.5
킹덤	4.0
오디션	4.0
우체국	4.0
겨울 가면 봄이 오듯, 사랑은 또 온다	3.5
백치	4.5
여자의 일생	3.5
의식의 강	4.0
한중록	3.0
처음처럼	3.5
딸에게 주는 레시피	2.5
누군가	3.5
아침의 문	4.0
서양철학사	3.5
흑백	4.0
명탐정의 저주	4.5
하얀 성	3.5
박지성 마이 스토리	3.0
新 황태자비 납치사건	3.0
새벽에 생각하다	4.0
눈사람 여관	4.0
노름꾼	4.0
강신주의 다상담 1	4.0
크눌프	4.0
이반 일리치의 죽음	4.0
어떻게든 이별	3.5
자전거여행 1	4.0
마지막 잎새 - 전2권 (한글판 + 영문판)	4.0
반딧불이	4.0
수선화에게	3.5
벚꽃, 다시 벚꽃	3.5
여수	4.0
아버지 죽이기	3.5
설국	4.0
모든 사람은 혼자다	4.0
나목 裸木 - 전2권	3.5
어바웃 어 보이	4.0
루터	3.5
위험한 비너스	3.0
이렇게 작지만 확실한 행복	3.5
블랙코미디	1.5
이성과 감성	4.5
여자 없는 남자들	3.5
님의 침묵	4.0
목로주점	4.0
배따라기 「김동인」	3.5
매달린 절벽에서 손을 뗄 수 있는가?	3.5
주름	3.5
벌레 이야기	4.0
히든 피겨스	3.5
마이너리티 리포트	4.0
이니셜 D	3.5
인류의 기원	3.0
역사의 역사	3.5
안으로 멀리 뛰기	3.5
월든	4.0
청춘시대	3.5
내 옆에 있는 사람 (리커버에디션)	3.5
시그널	4.5
게르트루트	3.5
평행 우주 속의 소녀	3.0
유에서 유	3.0
살인을 예고합니다	4.0
영원이 아니라서 가능한	3.5
왕좌의 게임	4.0
폴라리스 랩소디	4.0
행인	3.5
의지와 표상으로서의 세계	4.0
등대로	3.0
모든 순간의 물리학	3.5
내가 공부하는 이유	3.0
너의 아름다움이 온통 글이 될까봐	4.0
공지영의 수도원 기행 	2.0
잠자는 남자	3.0
산시로	3.5
미하엘 엔데 동화 전집	3.5
말하는 검	3.0
가능한 꿈의 공간들	2.5
박쥐	3.5
남한산성 (100쇄 기념 아트 에디션)	4.5
왜 세계의 절반은 굶주리는가? (한정판)	4.0
배스커빌 가의 개	4.0
빈 배처럼 텅 비어	3.0
웬만해선 아무렇지 않다	4.0
씨네샹떼	3.5
어게인	3.5
우주의 끝에서 철학하기	3.0
윌리엄 포크너	3.0
개선문	4.0
방해자 -	3.0
완벽에 대한 반론	3.0
블러드 온 스노우	3.5
사랑의 생애	3.5
한낮인데 어두운 방	2.5
네 개의 서명	3.5
슬프지만 안녕	4.0
브루클린의 소녀	3.0
스위트 히어애프터	2.5
케빈에 대하여	3.0
실버라이닝 플레이북	3.5
그림자밟기	3.5
태풍	4.0
당신의 신	3.0
우리가 녹는 온도	3.5
침이 고인다	4.5
2007 '작가'가 선정한 오늘의 소설	4.0
침묵의 미래	4.0
달려라, 아비	4.0
라플라스의 마녀	3.0
도쿄 기담집	3.5
네 사람의 서명	3.0
이름 붙일 수 없는 자	3.0
안티 오이디푸스	4.0
롤리타	4.0
닥터 지바고	3.0
자본론	4.0
자유론	3.5
미디어의 이해	4.0
백년 동안의 고독	4.5
맹자	4.0
대학.중용	4.0
논어	4.0
국부론	3.5
미스 페레그린과 이상한 아이들의 집	3.0
몬테크리스토 백작	4.0
버라이어티	3.0
앵무새 죽이기	3.5
동네변호사 조들호 특별판	3.0
창문 넘어 도망친 100세 노인 (큰글자판)	3.5
잠수종과 나비	4.0
피리술사	3.5
누군가가 누군가를 부르면 내가 돌아보았다	3.0
개와 늑대의 시간	3.5
싱글 맨	3.0
용의자 X의 헌신	4.0
정치와 도덕을 말하다	3.0
아자젤	3.0
걸어도 걸어도	3.5
인간의 대지	3.5
공부머리 독서법	2.5
아가씨와 밤	3.5
오페라의 유령	3.5
대런 섄	3.0
소설가 구보씨의 일생	3.5
아라비안 나이트	3.5
립반윙클의 신부	3.5
변신	4.0
아이를 낳았지 나 갖고는 부족할까 봐	3.0
바스커빌 가문의 사냥개	3.5
이상한 나라의 앨리스 (한국어판)	3.5
공포의 계곡	3.5
소수의견	3.0
뱀과 물	3.0
ㅅㅜㅍ	3.0
녹색 광선	3.0
백야행	3.5
1984	3.5
헝거 : 몸과 허기에 관한 고백	3.0
동물농장	3.5
데미안	4.0
N.P	3.0
자유의 감옥	3.5
설득	3.0
문	3.5
단 하나의 문장	3.5
잠	3.0
니코마코스 윤리학	3.0
네메시스	4.0
제3인류 [세트] 세트 - 전2권	3.0
거의 모든 것의 기원	3.5
방각본 살인 사건	3.5
종의 기원	3.5
월플라워	4.0
심야식당	2.5
돈키호테	4.0
눈먼 자들의 국가	4.0
중국인 거리 「오정희」	3.5
사람은 무엇으로 사는가	4.5
플라톤의 다섯 대화편	3.5
별도 없는 한밤에	4.0
마지막 수업	3.5
원피스 블루딥	3.0
모비 딕 -	3.5
그림 형제 동화집	4.0
별	3.5
선천적 얼간이들	3.0
마지막 잎새	3.5
크로스 게임 소장판	3.0
릴케 시집	3.5
레디메이드 퀸	2.0
꿈을 꾸었다고 말했다	3.0
레디 플레이어 원	3.5
그 시절, 우리가 좋아했던 소녀	3.0
어린 왕자	3.5
젊은 베르터의 슬픔	3.0
향수	4.0
김영하	2.5
참을 수 없는 존재의 가벼움	4.5
청바지 돌려 입기	2.5
별 헤는 밤	4.0
그리스인 조르바 1	5.0
천로역정	3.0
젊은 베르테르의 슬픔	3.0
도리언 그레이의 초상	3.5
서랍에 저녁을 넣어 두었다	3.5
수레바퀴 아래서	4.5
그랜드 부다페스트 호텔	4.5
어린 왕자	4.0
독일인의 사랑	3.5
문유	3.0
변신	4.0
사랑에 관하여	4.0
제3인류	3.5
오이디푸스 왕 / 클로노스의 오이디푸스	4.0
레버넌트	3.0
법 앞에서	3.0
하늘과 바람과 별과 시	4.0
죽은 왕녀를 위한 파반느	4.5
리바이벌	4.0
정글북	4.0
바다는 잘 있습니다	3.5
모킹제이	4.5
바깥은 여름	5.0
한정희와 나	4.5
기 드 모파상	3.5
우리 집 문제	2.5
초판본 수레바퀴 아래서	4.5
변신	4.0
데미안	4.5
페스트	4.0
유시민의 논술 특강	2.0
검은 사슴	3.5
별	3.0
야간 비행	3.0
바다의 뚜껑	2.5
나나	3.0
애프터 다크	3.5
벤자민 버튼의 시간은 거꾸로 간다	4.0
싯다르타	4.0
날개(이상 시 소설 선집)	3.5
마돈나	3.0
혐오스런 마츠코의 일생 -	4.0
데미안	4.5
슬램덩크 오리지널 박스판 세트 - 전5권	4.5
믹스 MIX	2.0
최유기 리로드 블래스트	3.0
낙하하는 저녁	2.5
나는 내일, 어제의 너와 만난다	3.0
검은 사제들	3.0
주홍색 연구	3.5
하루하루가 이별의 날	3.5
여중생A	3.0
작고 소박한 나만의 생업 만들기	3.0
체스의 모든 것	4.0
시학	4.0
오이디푸스 왕	3.5
오늘은 잘 모르겠어	4.0
일의 기쁨과 슬픔	4.5
읽다	2.0
열두 발자국	4.0
누구에게나 친절한 교회 오빠 강민호	4.5
운다고 달라지는 일은 아무것도 없겠지만	3.5
참을 수 없는 존재의 가벼움	4.5
당신의 첫	4.0
비행운	5.0
식물의 밤	4.0
월든	4.0
사과는 잘해요	3.5
차남들의 세계사	3.5
나쁜 감독 김기덕	4.0
언제 할 것인가	3.0
영어책 한 권 외워봤니?	4.5
지금 하지 않으면 언제 하겠는가	3.0
콰이어트 Quiet	3.0
눈을 감으면	5.0
슬픔이 없는 십오 초	3.5
밤이 선생이다	5.0
헤겔 법철학 비판	3.5
당신의 이름을 지어다가 며칠은 먹었다	5.0
영화를 찍으며 생각한 것	4.5
사피엔스	3.5
신체 찾기	5.0
박경미의 수학 콘서트	2.0
맨큐의 경제학	3.5
무진기행	4.5
3개의 소원 100일의 기적	5.0
당신 인생의 이야기	4.0
돌격!! 크로마티고교	3.5
넛지	5.0
매일 아침 써봤니?	4.5
왜 지금 한나 아렌트를 읽어야 하는가?	3.5
인간의 조건	4.0
행복의 기원	3.5
전체주의의 기원	4.0
영혼을 위한 닭고기 수프 2	3.0
내가 사랑하는 사람	3.5
조지아 오키프	3.5
사랑	3.0
한나 아렌트의 말	3.5
무조건 달라진다	3.5
불가능한 것의 가능성	4.0
철학 VS 철학	3.5
케인스 혁명 다시 읽기	3.0
들뢰즈 개념어 사전	3.0
처음 읽는 프랑스 현대철학	3.0
수면 혁명	3.0
쉽게 배우는 경제학+	3.0
최진기의 지금 당장 경제학	2.5
하룻밤에 읽는 경제학	2.5
심플러 Simpler	3.5
광장에서 길을 묻다	1.5
국가의 부와 빈곤	3.5
세계의 빈곤, 누구의 책임인가?	3.0
역사주의의 빈곤	3.0
국가대표 심리학	3.0
과학적 경험의 다양성	4.0
무엇이 가치 있는 삶인가	3.5
철학	4.0
죽음의 밥상	2.0
김 박사는 누구인가?	5.0
YG는 다르다	1.5
루돌프 폰 예링 권리를 위한 투쟁	3.0
공부 공부	3.5
데리다를 읽는다 / 바울을 생각한다	3.5
입 속의 검은 잎	4.5
성취 습관	4.0
쓸쓸해서 머나먼	3.0
책 먹는 여우	4.0
수련 : 삶의 군더더기를 버리는 시간	4.5
심해어	4.0
낮비 1	4.0
솔티니스 1	4.0
타살의 흔적	2.5
국화와 칼	3.0
팩트체크 : 경제.상식 편	3.0
애크로이드 살인사건	3.5
이갈리아의 딸들	4.0
82년생 김지영	2.0
마을을 지켜라	3.0
나미야 잡화점의 기적	3.5
비밀	3.5
크로스	3.5
향연	3.5
청춘의 독서	4.0
젊음의 탄생	4.5
트리거	4.0
우드로 윌슨	3.0
미래형 리더	4.0
유림 (1부 1권) 2권) (2부 3권)	3.5
천상병 - 귀천	4.0
채식주의자	4.0
발견하는 즐거움	2.0
삶의 품격에 대하여	4.0
영원한 것은 없다	3.5
신경 끄기의 기술	3.0
공부 잘하는 기억력의 비밀	3.0
EBS 다큐프라임 기억력의 비밀	4.0
가난하다고 꿈조차 가난할 수는 없다	2.0
체 게바라 평전	4.0
파우스트	4.0
카뮈	3.5
해리 트루먼	3.0
괴테와의 대화	3.0
당을 끊는 식사법	3.5
나, 너, 우리	3.5
명견만리 : 미래의 기회 편	4.0
명견만리 : 인구, 경제, 북한, 의료 편	4.0
아버지와 아들	3.5
공론장의 구조변동	3.5
똑똑한 놈은 웃으면서 군대간다	1.5
근원적 열정	3.5
페미니즘	4.0
대담 1972-1990	4.0
월드 오브 워크래프트 스랄 : 위상들의 황혼	3.5
월드 오브 워크래프트 스톰레이지	2.5
월드 오브 워크래프트 아서스 : 리치왕의 탄생	3.5
워크래프트	3.5
야광 물고기	2.5
달빛 조각사	2.5
불합격을 피하는 법	3.0
동주 열국지	4.0
마흔, 역사를 알아야 할 시간	3.0
통섭의 식탁	3.0
지상의 양식	4.0
전쟁과 평화	4.0
천 개의 고원	4.0
테스	3.5
계약 결혼	3.5
벽	3.5
나와 나타샤와 흰 당나귀	3.5
감시와 처벌	3.5
김예슬 선언	3.0
인간의 굴레에서	4.0
나는 독자를 위해 글을 쓴다	3.0
일리네어 라이프	3.0
2016 2017 EPL BOOK	2.0
괴짜경제학	3.0
지금 다시, 헌법	3.0
헤르만 헤세의 청춘이란 무엇인가	3.5
헤르만 헤세의 독서의 기술	3.0
대지	4.0
에티카	3.5
존재와 시간	3.5
스트레스는 나의 힘	3.0
누구의 인정도 아닌	2.5
최고의 휴식	4.0
나를 지키며 일하는 법	3.5
대사각하의 요리사	2.5
디 그레이 맨 1 4 5 6 8 (단행본 + 11 13 16 9 12 19	2.5
일곱 개의 대죄	3.5
암살교실	3.0
나의 히어로 아카데미아 	2.5
세인트 영멘	3.0
1만 시간의 법칙	3.0
시골의사 박경철의 자기혁명	2.5
히로시마 내 사랑	3.0
한국 희곡선	3.5
에드거 앨런 포 단편선	4.0
이상 소설 전집	2.5
데카메론	2.5
누구를 위하여 종은 울리나	3.5
푸슈킨 선집 : 희곡.서사시 편	3.0
페스트	3.5
누가 버지니아 울프를 두려워하랴	3.0
오스카 와일드 작품선	3.5
금오신화	3.0
피츠제럴드 단편선	4.0
브람스를 좋아하세요...	4.0
삼국유사	3.5
욕망이라는 이름의 전차	3.0
나사의 회전	3.0
콜레라 시대의 사랑	3.5
방드르디, 태평양의 끝	3.5
팡세	2.5
이솝 우화집	3.5
황제를 위하여	3.0
파르마의 수도원	3.0
카탈로니아 찬가	2.5
젊은 예술가의 초상	3.0
삶의 한가운데	3.5
중국신화전설	3.0
너새니얼 호손 단편선	3.5
허클베리 핀의 모험	3.0
창가의 토토	3.0
김지운의 숏컷	3.0
진중권의 이매진	3.0
말괄량이 길들이기	3.0
미학 오디세이	3.5
두나's 도쿄놀이	3.0
박찬욱의 오마주	3.5
우리들의 행복한 시간	3.5
서양미술사	3.5
소피의 세계	3.5
이동진의 부메랑 인터뷰 그 영화의 비밀	3.0
죽기 전에 꼭 봐야 할 영화 1001	2.5
진중권의 미학 오디세이 3 (20주년 기념판)	3.5
진중권의 미학 오디세이 2 (20주년 기념판)	3.5
진중권의 미학 오디세이 1 (20주년 기념판)	3.5
체 게바라 자서전	3.0
스페인, 너는 자유다	2.5
아스널	3.0
아르센 벵거	4.0
해커와 화가	3.0
뚱딴지 만화 명심보감	3.5
사금파리 한 조각	3.0
열세 살 키라	2.5
나쁜 어린이표	3.0
너도 하늘말나리야 	3.0
초원에서 살아남기	3.0
아마존에서 살아남기	3.0
몽실 언니	3.0
크로우즈	3.5
타짜 1부	3.0
바람의 검심 완전판 1	3.0
XXX 홀릭	3.0
신의 물방울 1	3.0
마스터 키튼	3.5
터치	3.5
오디션	3.5
연애혁명	3.0
일기일회 一期一會	3.5
세계는 지금 어디로 가고 있나	3.5
뒤르켐 & 베버 : 사회는 무엇으로 사는가?	3.5
쿠오바디스 한국경제 (이준구)	3.5
불편한 진실	3.0
만화 전두환	3.0
탐욕의 시대	4.0
공자가 죽어야 나라가 산다	2.5
손자병법	4.0
우동 한 그릇	3.0
살인자의 기억법	3.0
퇴마록 : 국내편	3.0
불안	3.0
부자 아빠 가난한 아빠 	3.0
시가 내게로 왔다 	2.5
B사감과 러브레터	3.0
늑대의 유혹	2.5
지킬 박사와 하이드	3.0
천사들의 제국	3.0
도레미파솔라시도	2.5
나니아 연대기	3.5
유레카 37	3.5
원피스 옐로우	3.0
원피스 그린 Secret Piece	3.0
H2 17	3.5
유희왕	3.5
미스터 초밥왕 전국대회편	3.0
달라이 라마의 행복론	3.0
성	4.0
불가사의한 소년	4.0
담론	4.0
다시, 책은 도끼다	3.0
손잡고 더불어 : 신영복과의 대화	3.5
빌헬름 마이스터의 수업시대	3.0
적과 흑 -	4.5
카프카 단편집	4.5
대위의 딸	3.0
그리스인 조르바 - 전2권 (한글판 + 영문판)	5.0
말테의 수기	4.0
게이샤의 추억	3.5
암흑의 핵심	3.5
내가 죽어 누워 있을 때	4.5
헬프	3.5
좁은 문	3.5
내 영혼이 따뜻했던 날들	3.0
피노키오	3.5
어린 왕자	3.5
구토	4.0
나르치스와 골드문트	3.5
이성과 감성	4.0
80일간의 세계 일주	3.5
변신.시골의사	4.5
로미오와 줄리엣	4.0
싸드 THAAD	2.0
그 여자네 집	3.0
운수 좋은 날 : 현진건 단편전집	3.5
고령화 가족	3.5
아Q정전	4.0
개밥바라기별	3.0
무궁화 꽃이 피었습니다	3.0
몽실 언니	3.0
난장이가 쏘아올린 작은 공	3.5
테레즈 라캥	3.0
호빗	3.0
위대한 유산	3.5
프로테스탄티즘의 윤리와 자본주의 정신	3.5
리어 왕	3.5
나는 고발한다	3.0
표백	4.5
문학을 읽는다는 것은	3.0
크로스 : 정재승 + 진중권	3.0
한여름 밤의 꿈	4.0
강아지똥	3.5
알기 쉬운 명리학 총론	3.0
명리학 정론	3.0
한국 명리학의 역사적 연구	2.0
명리학 개론	2.5
이동진의 부메랑 인터뷰 그 영화의 시간	3.0
왜 나쁜 역사는 반복되는가	4.5
그들의 손에 총 대신 꽃을	2.0
솔로몬의 위증	3.5
하루 10분 영어 필사 긍정의 한 줄	3.0
왕자와 거지	3.5
사람은 무엇으로 사는가	3.5
오 자히르	3.0
메밀꽃 필무렵	4.0
체호프 단편선	4.0
빨강머리 앤	3.5
몬테크리스토 백작	3.5
아내가 결혼했다	2.5
그놈은 멋있었다	2.5
셰익스피어 4대 비극	3.0
셜록 홈즈 : 주홍색 연구	3.0
사씨남정기	3.5
인형의 집	3.0
천 개의 찬란한 태양	3.0
꺼삐딴 리	3.0
고도를 기다리며	3.0
셜록 홈즈 전집 1	3.5
키다리 아저씨	3.0
더 리더 - 책 읽어주는 남자	2.5
헝거 게임	3.0
트와일라잇	3.0
고등어	3.0
화	3.5
걸리버 여행기	3.0
드래곤볼 슈퍼	3.0
브이 포 벤데타	3.5
보노보노	3.5
도쿄 구울:re	2.5
꽃보다 남자	3.0
2013 마음의 소리 Ver.1	3.5
이누야샤	3.0
플루토 Pluto	3.5
아파트	3.0
이웃 사람	3.0
15소년 표류기	3.5
내 영혼이 따뜻했던 날들	3.0
죄와 벌	3.5
종이 여자	3.5
채근담	3.5
표본실의 청개구리	3.0
장길산	3.5
소문의 벽	3.5
소설가 구보씨의 일일	3.0
레디메이드 인생	3.5
동정 없는 세상	4.0
사랑의 기초 : 연인들	3.5
동백꽃 / 봄봄	3.0
미실	3.0
자전거 도둑	3.0
마지막 춤은 나와 함께	3.5
김약국의 딸들	4.0
눈길 「이청준」	3.5
관촌수필	3.0
홍길동전	3.0
한강	4.0
아리랑	3.5
핑퐁	3.5
봄봄	3.0
서울, 1964년 겨울	4.5
사랑 후에 오는 것들	3.0
등대지기	3.5
수난이대 「하근찬」	3.0
소설가 구보씨의 일일	3.5
바람의 딸 걸어서 지구 세바퀴 반	1.5
고전혁명	0.5
스무 살, 절대 지지 않기를	1.0
스무 살 클레오파트라처럼	0.5
인간 실격	4.0
내 생애의 아이들	3.5
나쁜 사마리아인들	3.5
한국단편문학선	3.5
구해줘	3.0
괴짜 경제학 (개정증보판)	3.0
아가씨 각본	3.5
버림받은 왕자, 사도	3.0
아리스토텔레스	4.0
왜 철학인가?	4.0
니체와 소피스트	2.5
왜 하이데거를 범죄화해서는 안 되는가	3.0
새로운 계급투쟁	3.5
전쟁은 없다	4.0
자끄 라깡과 정신분석의 이면	3.0
지젝이 만난 레닌	3.5
프랑켄슈타인	3.5
혼자만 잘 살믄 무슨 재민겨	3.0
사랑한다 내 꿈아	0.5
봉신연의	3.5
신 암행어사 1	3.0
이토준지 자선 걸작집	3.0
전략 삼국지	3.5
독일인의 사랑	3.0
로빈슨 크루소	3.0
햇빛사냥	3.0
노빈손 아이스케키 공화국을 구하라	2.5
플루타르크 영웅전	3.0
기본 수학의 정석 수학 1 (2017년용)	3.5
명탐정 셜록 홈즈의 바스커빌 가문의 개	3.0
반갑다, 논리야	3.0
노빈손의 남극 어드벤처	3.5
노빈손의 버뮤다 어드벤처	3.0
노빈손의 아마존 어드벤처	3.0
로빈슨 크루소 따라잡기	3.5
봄.봄 「김유정」	3.5
짱뚱이의 아빠	4.0
짱뚱이의 내 동생은 거북이	3.5
짱뚱이의 우리집은 흥부네 집	3.5
짱뚱이의 보고 싶은 친구들	3.5
짱뚱이의 우리는 이렇게 놀았어요	3.5
영차영차 영국축구	2.0
와글와글 월드컵	3.0
올록볼록 올림픽	3.0
다니엘 학습법	2.0
노빈손의 시끌벅적 일본 원정기	3.0
노빈손의 으랏차차 중국 대장정	3.0
뚱딴지 조선시대	3.0
만화로 배우는 21세기 명심보감	3.0
물리가 물렁물렁	2.5
수학 비타민	3.0
컴퓨터가 키득키득	2.5
축구가 으랏차차	2.5
공룡이 용용 죽겠지	3.0
톰 소여의 모험	3.0
으악! 너무 너무 무섭다!	2.5
오싹오싹 팡팡 공포특급	2.5
우선순위 영단어	2.5
애거서 크리스티 전집 (완전판)	3.5
오성과 한음	3.0
사오정시리즈	3.0
오발탄 외	3.5
명탐정 셜록 홈즈의 사건집	3.0
뤼팽 대 홈스의 대결	3.0
감옥으로부터의 사색	4.0
나를 찾아줘	3.5
장미의 이름	3.5
팅커, 테일러, 솔저, 스파이	3.5
삼미 슈퍼스타즈의 마지막 팬클럽	3.5
외딴방	3.5
혼불	3.0
새들도 세상을 뜨는구나	3.5
미저리	3.5
K.POP 세계를 홀리다	3.5
무진기행	4.0
빌 브라이슨 발칙한 유럽산책	2.5
설국	3.5
강남의 탄생	3.0
과학인문학으로의 초대	3.0
아날로그의 반격	2.5
사랑은 없다	3.0
알리바바 마윈의 12가지 인생 강의	2.5
독일 관념론 철학 (천줄읽기)	3.0
모나드론 외	4.0
사랑할 때 알아야 할 것들	2.5
사랑의 기초 : 한 남자	3.0
사랑하라 한번도 상처받지 않은 것처럼	3.5
지금 사랑하지 않는 자, 모두 유죄	3.5
국제통상론 (여택동 외)	3.0
공정무역의 힘	3.0
한미 FTA는 우리의 미래가 아닙니다	3.0
fta 한 스푼	3.0
데카르트 연구	3.0
인간적인 너무나 인간적인	3.5
마의 산	4.0
싱크 스마트 워크 스마트	3.0
올리버는 어떻게 세상을 요리할까?	3.0
대성당	4.0
세계 지성과의 대화	3.5
악마의 패스	3.0
바람이 분다 당신이 좋다	3.0
하루키와 노르웨이 숲을 걷다	2.5
나는 즐라탄이다	3.5
나는 생각한다, 고로 플레이한다	3.5
국수는 밀가루로 만들고 국시는 밀가리로 맹근다	2.5
한의학에 미친 조선의 지식인들	3.0
그러니까 당신도 써라	2.5
만 가지 행동	3.0
사람풍경	3.0
사랑하지만 사랑하지 않는다	3.0
실내인간	2.5
천 개의 문제, 하나의 해답	4.0
경제학 세계명저 30선	3.5
10일만에 배우는 경제학 200년	3.0
갤브레이스가 들려 주는 경제학의 역사	4.0
교양 경제학	3.5
탁월한 마케팅의 원리	3.5
유능한 경영자와 함정	3.0
독특한 마케팅 기술	3.0
SR방식 생존력	3.0
시스템학습법의 완성	3.5
더블 - 전2권	4.0
버핏과의 저녁 식사 Dinner with Buffett	3.5
이효석 문학의 재인식	3.0
라캉 읽기	3.5
이상문학상 21년	4.0
크리스마스 건너뛰기	3.0
크리스마스 캐럴	3.5
인간관계의 심리학	2.5
생각의 연습	3.0
민법강의	3.0
신 민법강의	3.5
거꾸로 읽는 세계사	3.5
젊은 지성을 위한 꿈의 해석	2.5
100 Designers 78 : 홍승표	3.0
형법요론(각론) Sub-note	2.5
핵심 형법연습	3.0
한자의 뿌리	3.0
노인을 위한 나라는 없다	4.0
아낌없이 주는 나무 외	3.5
모파상 단편선	3.5
노빈손, 피라미드의 비밀을 풀어라	2.5
정신현상학의 이념	3.5
새는	5.0
네가 어떤 삶을 살든 나는 너를 응원할 것이다	3.0
죽음이란 무엇인가	3.5
생각이 나서	5.0
카를라 브루니 사랑할 자유	3.5
New 내일로 기차로 : 2014-2015 전국 기차여행 완전 개정판	2.5
오셀로	3.0
햄릿	3.5
파페포포 레인보우	2.5
메밀꽃 필 무렵	3.5
좁은문	3.5
제국의 최전선	4.0
트렌드 코리아 2016	2.0
바람의 딸, 우리 땅에 서다	1.0
바람의 딸 걸어서 지구 세 바퀴 반	1.5
1그램의 용기	0.5
스물일곱 이건희처럼	0.5
청소년을 위한 리딩으로 리드하라	0.5
지중해 오디세이	3.5
초학습법	3.0
마흔, 논어를 읽어야 할 시간	3.5
공부기술	2.0
이휘소 평전	3.5
영화의 이해	3.5
부활	5.0
실비아 브라운의 Lessons for life	3.0
람세스 대왕	3.5
Economics: The User's Guide : A Pelican Introduction	4.0
Bad Samaritans : The Guilty Secrets of Rich Nations and the Threat to Global Prosperity	4.0
료마가 간다	4.0
배를 엮다	3.0
열정적 고전 읽기 : 예술	4.0
열정적 고전 읽기 : 철학.과학	3.0
조중걸 교수와 함께 열정적 고전 읽기	3.5
열정적 고전 읽기	3.0
교양으로 읽어야 할 중국지식	3.5
선물	3.0
깊은 마음의 생태학	3.5
철학 한 스푼	3.5
나는 왜 쓰는가	4.0
국어실력이 밥 먹여준다 - 문장편	3.0
국어실력이 밥 먹여준다	3.5
노빈손의 좌충우돌 로마 오디세이 (책)	3.0
3일만에 읽는 세계사	3.0
흑산	3.5
엄마 어렸을 적엔...	3.0
정선 목민심서	3.0
아스가르드	4.0
강철의 연금술사 크로니클 가이드북	3.0
원피스 레드 Grand Character	3.0
꼴찌, 동경대 가다! (신장판)	3.5
울버린 : 올드 맨 로건	3.5
원피스 레드 Grand Character	3.0
원피스 블루 Grand Data File	3.0
블랙 잭 Black Jack	3.0
꼴 : 잘생긴 거지는 있어도 코 없다 음탕한	3.5
사형수 042	3.0
만화 삼국지	3.5
아라카와 언더 더 브리지	4.0
창천항로	3.0
2011 마음의 소리 Ver.1	3.0
삼국전투기	3.0
최유기 1 - 신장판	3.5
바람계곡의 나우시카	4.0
하울의 움직이는 성	3.5
피안도	2.5
아따맘마	3.0
제트맨 Zetman	2.5
이토준지 공포박물관	2.0
센과 치히로의 행방불명	4.0
반항하지마 3 13 17 24	3.0
윌유메리미	2.5
열혈강호	3.0
간츠 Gantz	3.5
베르세르크	3.5
이토 준지의 고양이일기 욘&무	3.0
이말년 서유기 1	3.5
도라에몽 플러스	3.0
헌터x헌터 HunterXHunter 신장판	4.0
설국열차	3.0
Let's Go!! 이나중 탁구부	3.5
노블레스 Noblesse season	2.5
고스트 바둑왕	3.5
갓 오브 하이스쿨	2.0
짱	2.5
GTO 애장판	3.0
나루토 Naruto	4.0
새로 만든 먼나라 이웃나라 1 : 네덜란드	3.0
하버드의 생각수업	2.5
후설 & 하이데거 : 현상학, 철학의 위기를 돌파하라	2.5
케인스 하이에크	3.0
도덕적 인간과 비도덕적 사회	3.0
공산당 선언	3.0
침묵의 봄	3.0
레이첼 카슨과 침묵의 봄	3.5
한국의 부자들	2.0
도리언 그레이의 초상	3.5
사랑하기 때문에	3.0
플라이 대디	3.5
레벌루션 No.0	3.5
SPEED	3.0
키친	3.0
무소유	3.5
긍정의 힘	2.5
쎄느강은 좌우를 나누고 한강은 남북을 가른다	3.0
21세기 자본	4.0
촘스키, 누가 무엇으로 세상을 지배하는가	3.5
후불제 민주주의	3.0
전태일 평전	3.5
송곳	3.5
위트 상식사전 프라임 Prime	2.5
마지막 수업	3.0
갈매기의 꿈	3.0
TV동화 행복한 세상	3.0
톨스토이가 읽은 명작	3.5
찌질의 역사	3.5
노빈손의 무인도 완전정복	3.5
21세기 먼나라 이웃나라 9	3.0
황당한게 딱! 좋아!	3.0
만화로 보는 북유럽 신화	3.5
이말년 씨리즈	3.5
소공녀	4.0
오늘 또 일을 미루고 말았다	4.0
영혼을 위한 닭고기 수프 1	3.0
꾸러기 만화일기	3.5
사람은 무엇으로 사는가	3.5
운수좋은 날	3.5
한국이 싫어서	3.5
카산드라의 거울	3.5
남한산성	4.0
꽃들에게 희망을	3.0
80일간의 세계일주	3.5
레미제라블	3.5
좀머 씨 이야기	3.5
고래	4.0
눈먼 자들의 도시	4.0
디지로그 digilog	3.5
컬처 코드	3.0
부자사전	3.0
죽은 경제학자의 살아있는 아이디어	3.5
몰입	0.5
심리상식사전	2.5
3시간 수면법	1.5
해피어	3.5
나는 세상의 모든 것을 군대에서 배웠다	1.0
PD, Who & How	3.5
그릿 Grit	3.5
김난도의 내일	1.5
콜드리딩	2.0
선택	2.0
메모의 기술	2.5
좋아하는 일만 하며 사는 법	2.5
30대, 다시 공부에 미쳐라	0.5
7번 읽기 공부 실천법	1.5
1만권 독서법	2.0
PING 핑	2.5
9등급 꼴찌, 1년 만에 통역사 된 비법	3.0
이지성의 꿈꾸는 다락방	0.5
메모 습관의 힘	2.0
여자라면 힐러리처럼	0.5
생각하는 인문학	0.5
스무살에 알았더라면 좋았을 것들	1.0
꿈꾸는 다락방 Special edition	0.5
독서 천재가 된 홍대리 2	1.5
꿈꾸는 다락방 2 - 실천편	0.5
7번 읽기 공부법	2.5
혼.창.통	2.0
완벽한 공부법	3.0
배려	3.0
외우지 않는 기억술	3.0
헤겔과 그의 시대	3.5
헤겔	3.5
헤겔 또는 스피노자	3.0
헤겔	3.5
강신주의 다상담 2	3.0
자본론	4.0
프로테스탄트 윤리와 자본주의 정신	4.0
진화론	2.5
육식의 종말	3.5
코끼리는 생각하지 마	3.5
정의론	3.5
순간의 꽃	4.5
계속모드	3.5
슬픔이여 안녕	4.0
허울뿐인 세계화	3.0
현의 노래	4.0
십자군 이야기 	4.0
이야기로 읽는 365일 채근담	3.0
명문장으로 떠나는 철학여행	3.0
꼭 읽어야 할 한국명수필 111선	4.0
꼭 읽어야 할 한국단편 35선	3.0
48분 기적의 독서법	2.5
베스트셀러 30년	4.0
대한민국사	4.0
인생을 바꾸는 3분 습관	4.5
쉼표	3.0
인문으로 통찰하고 감성으로 통합하라	3.5
나는 영화가 좋다	3.5
에밀 뒤르켐의 자살론	3.5
열린사회와 그 적들	3.5
역사란 무엇인가	4.0
길은 여기에	4.5
공산당선언	4.0
사회계약론	3.5
병영문화와 인권친화리더십	2.0
소울푸드	2.5
현대 물리학과 동양사상	3.5
통치론	3.0
리바이어던	3.0
군주론	3.0
내 인생을 특별하게 만들어 줄 멋진 직업	2.0
정치학	3.0
김대리는 모르는 게 없어	2.5
폭풍의 언덕	3.5
법의 정신	3.0
나귀 가죽	3.0
인간의 조건	4.0
오블로모프	4.0
갈매기의 꿈	2.5
잠	3.5
20대, 나만의 무대를 세워라	3.0
피아노 치는 여자	2.5
잃어버린 시간을 찾아서	4.5
두 도시 이야기	4.0
가끔은 제정신	3.0
왼손에는 사기, 오른손에는 삼국지를 들어라	3.5
나는 까칠하게 살기로 했다	3.5
사기 본기(史記 本紀)	4.0
평설 열국지 - 제1부 황하의 영웅 제2부 장강의 영웅들 제3부 일통천하	4.0
무지개 원리	3.0
실행이 답이다	4.5
오래된 미래	4.0
제인 구달 평전	3.0
오리엔탈리즘	3.0
문명의 공존	4.0
슬픈 열대	4.0
맥도날드 그리고 맥도날드화	3.5
존재와 무	4.0
예루살렘의 아이히만	3.0
미국의 민주주의	4.0
위험사회	3.0
의사소통행위이론	3.5
시뮬라시옹	4.0
과학혁명의 구조	3.0
진보와 빈곤	4.5
꿈의 해석	4.0
차라투스트라는 이렇게 말했다	4.0
회계 천재가 된 홍대리 2 : 수익성 개선 편	3.0
회계 천재가 된 홍대리 1 : 회계의 본질 편	2.5
멈추지 않는 도전 박지성	3.5
유배지에서 보낸 편지	3.5
이 모든 극적인 순간들	3.0
리딩으로 리드하라	1.5
어떻게 원하는 것을 얻는가	2.5
1년만 미쳐라	3.0
18시간 몰입의 법칙	1.0
서경석의 병영일기	2.5
공피고아	3.0
상식지존 뇌를 깨워라	2.0
태양인 이제마의 사상의학 -	2.5
디케의 눈	3.5
백범일지	5.0
석세스 로드	3.0
쇼펜하우어 문장론	3.5
쇼펜하우어 인생론	3.0
인문의 바다에 빠져라	3.0
동양철학 에세이 1	3.5
장자	3.5
자유로부터의 도피	4.0
행복의 정복	3.5
니코마코스 윤리학	3.0
오뒷세이아 	4.0
국가	3.0
일리아스	3.5
초역 니체의 말	3.0
소유냐 삶이냐	3.5
철학이 필요한 시간	3.5
문명의 충돌	3.0
아버지	3.5
한비야의 중국견문록	1.0
오체 불만족	2.0
타나토노트	3.5
소나기	3.5
덕혜옹주	2.5
무량수전 배흘림기둥에 기대서서	3.5
로마인 이야기 	4.5
공부하다 죽어라	0.5
20대, 공부에 미쳐라	0.5
상도 	4.5
괭이부리말 아이들	3.5
이문열 이희재 만화 삼국지 세트 -	4.0
21세기 먼나라 이웃나라	3.5
쇼킹한 게 딱 좋아	2.5
메밀꽃 필 무렵	3.5
정민 선생님이 들려주는 한시 이야기	3.0
짱뚱이의 나의 살던 고향은	3.5
화산에서 살아남기	2.5
바다에서 살아남기	3.0
무서운 게 딱! 좋아!	3.0
신기한 스쿨버스	3.5
내 이름은 삐삐 롱스타킹	3.5
무인도에서 살아남기	3.5
자전거 도둑	3.0
꽃들에게 희망을	3.5
찰리와 초콜릿 공장 	3.5
H2 1	3.5
충사	3.5
최유기 리로드 1	3.5
시가테라	4.0
두더지	3.5
우에키의 법칙	3.5
테니스의 왕자 1	3.5
드래곤 퀘스트 Dragon Quest 타이의 대모험	3.0
리얼 Real	3.5
크레용 신짱	3.5
남과 여 1	3.0
이끼	3.5
이말년 씨리즈 2	3.5
호문쿨루스	3.5
오늘부터 우리는!!	4.5
꼭두각시 서커스	3.5
라이어 게임	3.0
최유기 1	3.5
완전판 란마 1/2	3.0
샤먼킹	3.0
의룡	2.5
소년탐정 김전일 2부 	3.0
아기와 나	3.5
외모지상주의 1	2.0
패션왕	3.0
도박묵시록 카이지	4.0
Ho! 1	4.0
마음의 소리	3.5
도쿄 구울	2.5
2012 마음의 소리 Ver.1	3.5
덴마 Denma	3.5
헌터x헌터 HunterXHunter	4.0
바람의 검심	3.0
타이밍	3.5
은밀하게 위대하게	2.5
죽음에 관하여	3.5
렉서스와 올리브나무	2.0
제3물결	2.5
장하준이 말하지 않은 23가지	3.0
신화는 없다	2.0
머니볼	2.5
좋은 기업을 넘어... 위대한 기업으로	3.5
유엔미래보고서 2040	2.5
제3의 물결	2.5
대한민국 20대, 재테크에 미쳐라	2.0
세계가 만일 100명의 마을이라면	4.0
무라카미 하루키 수필집	4.0
랄랄라 하우스	2.5
김이나의 작사법	3.0
나를 버리다	3.0
마음을 열어주는 101가지 이야기 1	3.5
나는 빠리의 택시운전사	3.0
천 번을 흔들려야 어른이 된다	1.5
26년	3.5
열두 살에 부자가 된 키라	2.5
광수생각	3.0
맥베스	2.5
스물아홉 생일, 1년 후 죽기로 결심했다	3.5
브레이킹 던	2.5
파페포포 다이어리	3.5
하늘과 바람과 별과 詩	4.5
어린 왕자	3.5
28	2.5
수학귀신	2.5
두근두근 내 인생	3.5
젊은 베르테르의 슬픔	3.5
천사와 악마	3.0
시크릿	2.5
당신, 거기 있어 줄래요?	3.5
완득이	3.5
노인과 바다	3.5
도가니	1.5
아낌없이 주는 나무	3.5
나의 문화유산답사기 	3.5
데스 노트 Death Note	4.0
미스터 초밥왕	3.5
포켓몬스터 스페셜 	4.0
H2 오리지널	3.5
무진기행 「김승옥」	4.5
어린 왕자	3.5
순수이성비판	2.5
논어 (보급판)	3.0
하리하라의 생물학 카페	3.0
하리하라의 과학블로그	3.0
명탐정 셜록 홈즈의 모험	3.0
월리를 찾아라! 	4.0
탈무드	3.5
춘향전	3.0
안네의 일기	3.0
더 파이팅 The Fighting	3.0
독서 천재가 된 홍대리	1.5
적과 흑	4.0
뿌리 깊은 나무 1	3.5
바쿠만 BAKUMAN	3.0
다섯째 아이	3.5
캐비닛	3.0
소크라테스의 변명	2.5
소년탐정 김전일	3.5
슬럼독 밀리어네어	3.5
경제학 콘서트	3.0
벤자민 버튼의 시간은 거꾸로 간다	3.5
신세기 에반게리온	4.0
지식 e - 시즌 1	3.0
소나기	3.0
룬의 아이들 - 데모닉	3.5
배가본드	3.5
허생전	3.0
성공하는 사람들의 7가지 습관	2.5
인간	3.5
어린 왕자	4.0
레벌루션 No.3	3.0
TV동화 행복한 세상 1	3.5
안나 카레니나	4.5
블리치	2.5
원펀맨 One Punch Man	3.0
식객	3.5
룬의 아이들 - 윈터러	4.5
명탐정 코난	3.5
베르나르 베르베르의 상상력 사전	3.0
완득이	3.0
파페포포 투게더	3.0
물은 답을 알고 있다	2.5
GO	3.5
20세기 소년	4.5
무소유	4.0
왜 세계의 절반은 굶주리는가?	3.5
규장각 각신들의 나날	2.0
플라이, 대디, 플라이	3.0
파페포포 메모리즈	3.0
꾸뻬 씨의 행복 여행	3.0
베니스의 상인	3.0
파페포포 안단테	3.0
칼의 노래	4.0
파이 이야기	3.5
7년의 밤	3.5
해리 포터와 죽음의 성물	3.0
우리들의 일그러진 영웅	4.0
해리 포터와 불사조 기사단	3.5
해리 포터와 불의 잔	3.5
해리 포터와 아즈카반의 죄수	4.0
덕혜옹주	2.0
Harry Potter and the Half-Blood Prince	3.5
원미동 사람들	3.0
지적 대화를 위한 넓고 얕은 지식 : 현실 세계 편	2.0
꿈의 해석	4.0
오 헨리 단편선	3.5
삼국지	5.0
왜 나는 너를 사랑하는가	4.0
책은 도끼다	4.5
치즈 인 더 트랩	2.5
웃음	3.0
도마뱀	2.0
스키너의 심리상자 열기	3.0
New 내일로 기차로	3.5
삐리리~ 불어봐! 재규어	4.0
삼국지	4.5
마션	3.5
닥치고 정치	1.0
영어공부 절대로 하지마라! 	2.5
개미	4.0
노르웨이의 숲	5.0
냉정과 열정사이 Blu	3.5
냉정과 열정사이 Rosso	3.5
베로니카, 죽기로 결심하다	3.5
달콤한 나의 도시	3.0
수레바퀴 아래서	4.0
악마는 프라다를 입는다	3.0
베르베르 독자들이 쓴 나무 2	2.5
무라카미 하루키 잡문집	3.0
화차	4.0
사랑 후에 오는 것들	2.5
세계의 끝과 하드보일드 원더랜드	3.5
신경림의 시인을 찾아서	3.0
독일인의 사랑 - 전2권 (한글판 + 영문판)	3.0
어린 왕자	4.0
운수 좋은 날 「현진건」	3.5
광장/구운몽	3.5
향수	3.5
변신	4.0
지도 밖으로 행군하라	2.0
먼나라 이웃나라	3.5
카스테라	3.5
오발탄	3.5
삼대	3.5
병신과 머저리	3.0
광염 소나타 외	3.0
아홉 켤레의 구두로 남은 사내	3.0
공중그네	2.5
라쇼몬	3.5
11분	3.0
악마와 미스 프랭	3.0
논리야 놀자	3.5
은교	3.5
로빈슨 크루소	3.5
눈뜬 자들의 도시	3.0
여덟 단어	4.5
핑거스미스	3.0
파브르 곤충기	3.5
구운몽	3.0
오세암	3.0
나의 라임 오렌지나무	4.0
슬램덩크	4.5
군주론	3.0
마지막 잎새	3.0
뇌	3.5
이반 데니소비치, 수용소의 하루	3.5
미생	4.0
만화로 보는 그리스 로마 신화	4.0
꼬마 니콜라	3.5
두 도시 이야기	4.5
이윤기의 그리스 로마 신화	3.0
기생수	3.5
몬스터	4.5
드래곤 볼	3.5
엄마를 부탁해	3.5
왕들의 전쟁	3.0
동물농장	4.0
아홉살 인생	3.5
야생초 편지	2.5
아프니까 청춘이다	2.0
서민의 기생충 콘서트	2.0
꽃으로도 때리지 말라	3.0
이휘소 평전	3.5
정재승의 과학 콘서트	3.0
괭이부리말 아이들	3.0
마시멜로 이야기	3.5
칭찬은 고래도 춤추게 한다	3.5
습관의 힘	3.0
연탄길	3.5
다 빈치 코드	3.0
하버드 새벽 4시 반	2.5
성균관 유생들의 나날	1.0
그리고 아무도 없었다	3.5
지적 대화를 위한 넓고 얕은 지식 : 현실 너머 편	2.0
사랑의 기술	3.5
하악하악	2.0
강신주의 감정수업	3.0
이기적 유전자	3.5
해리 포터와 마법사의 돌	3.5
1Q84	4.5
그건, 사랑이었네	1.5
바리데기	2.5
아침형 인간	3.5
그릿 GRIT	4.5
모랫말 아이들	3.0
설민석의 조선왕조실록	2.5
파리대왕	3.5
엔트로피	3.5
빅 픽처	3.0
파피용	3.0
신과 함께 : 이승편	3.5
호밀밭의 파수꾼	4.0
데미안	4.0
그 많던 싱아는 누가 다 먹었을까	3.0
봉순이 언니	3.0
그들이 말하지 않는 23가지	3.5
나무	4.0
높고 푸른 사다리	3.5
반지의 제왕	3.0
카라마조프 가의 형제들	4.0
정의란 무엇인가	4.0
우리는 사랑일까	4.0
해리 포터와 혼혈왕자	2.5
위대한 개츠비	4.5
죽은 시인의 사회	3.5
색채가 없는 다자키 쓰쿠루와 그가 순례를 떠난 해	4.0
당신들의 천국	4.0
인연	5.0
오만과 편견	5.0
파라다이스	4.0
해를 품은 달	2.0
달과 6펜스	3.5
신과 함께 : 저승편	3.0
해변의 카프카	4.0
우리들의 행복한 시간	3.5
쥐	4.0
원피스 ONE PIECE	4.0
강철의 연금술사	4.0
진격의 거인	2.5
1984	3.0
이방인	4.5
사랑의 기술	3.5
교양으로 읽는 뇌과학	3.5
피로사회	3.5
해리 포터와 비밀의 방	4.0
인생 수업	2.5
오페라의 유령	3.5
톨스토이 단편선	4.0
그리스인 조르바	4.5
총 균 쇠	4.0
상대적이며 절대적인 지식의 백과사전	3.5
꿈꾸는 다락방	1.5
연금술사	4.0
신	4.0
몰입 - 인생을 바꾸는 자기 혁명	3.5
유혹하는 글쓰기	4.0
파인만 씨, 농담도 잘하시네!	3.0
