﻿플랫폼 제국의 미래	5.0
인간행동 1	5.0
전쟁 반전쟁	4.0
Revolutionary Wealth	4.0
제3물결	5.0
권력이동	5.0
미래 쇼크	5.0
승자독식사회	5.0
이긴자가 전부 가지는 사회	5.0
개인과 회사를 살리는 변화와 혁신의 원칙	4.0
국제변호사 김병국의 비즈니스 협상론	5.0
협상의 법칙 2	5.0
협상의 법칙 1	5.0
초우량 기업의 조건	5.0
와우 프로젝트	5.0
클릭! 미래 속으로	4.0
프리젠테이션 박사	4.0
보보스	4.0
돈 버는 사람은 분명 따로 있다	4.0
이웃집 백만장자	5.0
어떻게 회사에서 오래 살아남는가	4.5
주켄 사람들	5.0
일 잘하는 사람 일 못하는 사람	5.0
입사 1년 이내에 일류사원이 되자	4.0
신입사원이 알아야 할 A에서 Z까지	5.0
마음 가는대로 해라	3.5
그대, 스스로를 고용하라	3.5
정상에서 만납시다	5.0
성공하는 사람들의 7가지 습관	5.0
나는 희망의 증거가 되고 싶다	5.0
지방의 누명	5.0
프레카리아트. 새로운 위험한 계급	4.0
이기적 유전자	3.0
스프린트	5.0
터틀 트레이딩	5.0
매크로 스윙 트레이딩	3.0
실전 스윙 트레이딩 기법	5.0
시장의 마법사들	5.0
볼린저 밴드 투자기법	5.0
나의 트레이딩 룸으로 오라	5.0
2018 인구 절벽이 온다	4.5
크리에이터 코드	4.0
핀테크 전쟁	4.0
슈퍼크런처	5.0
빅데이터 전쟁	4.0
저성장도 기회다	4.5
애덤 스미스의 따뜻한 손	4.0
제로 투 원	5.0
조직의 능력을 끌어올리는 인적자원관리	4.5
구글은 어떻게 일하는가	5.0
김재익 평전	5.0
국부론 - 상	5.0
도덕감정론	4.5
에퀴티	5.0
드래곤 볼	5.0
바람의 딸 걸어서 지구 세 바퀴 반	5.0
제3의 물결	5.0
카네기 행복론	4.0
엘론 머스크, 대담한 도전	4.0
생각하는 미친놈	4.0
마케팅 천재가 된 맥스	4.0
부의 미래	5.0
유엔미래보고서 2040	4.5
괴짜 경제학 (개정증보판)	4.5
위대한 나의 발견 강점 혁명	3.5
물은 답을 알고 있다	5.0
마음의 미래	5.0
카오스	4.5
슈뢰딩거의 고양이	4.0
넛지	3.5
냉정한 이타주의자	2.5
마시멜로 이야기	5.0
화폐전쟁	3.5
군중심리	5.0
이기는 습관	4.5
아웃라이어	4.5
채근담	3.0
오만과 편견	3.5
탈무드	4.5
데미안	3.5
호밀밭의 파수꾼	3.5
총 균 쇠	5.0
설득의 심리학	3.0
누가 내 치즈를 옮겼을까?	4.0
화폐전쟁	3.5
아침형 인간	3.5
끌리는 사람은 1%가 다르다	4.0
블루 오션 전략 	5.0
연금술사	2.5
한국의 부자들	3.0