﻿권력과 교회	4.0
물결의 비밀	4.0
당나라 뒷골목을 읊다	4.5
완벽한 아내 만들기	4.0
쿤창과 쿤팬의 이야기	4.0
미래주의 요리책	3.5
운명	5.0
히틀러의 모델, 미국	4.0
송기원의 포스트 게놈 시대	4.0
화가의 집	4.5
거실의 사자	4.0
피터 싱어의 <실천윤리학> 읽기	3.5
학교에 페미니즘을	4.0
항설백물어	4.0
국가가 조장하는 위험들	3.5
라틴어 문장 수업	3.5
라틴어 수업	4.0
기억나지 않음, 형사	3.5
 인류의 가장 위대한 모험 아폴로 8	4.0
지금 당신은 어떤 세상에 살고 싶습니까?	3.5
여신기	3.5
인문학 일러스토리 1	4.0
목양면 방화 사건 전말기	4.0
사람의 세상에서 죽다	4.5
중국을 빚어낸 여섯 도읍지 이야기	4.0
톨스토이 중단편선 1	4.0
시베리안 나이트	3.5
고양이 그림일기	5.0
베르나르다 알바의 집	4.0
카사블랑카에서의 일 년	4.0
파지아 쿠피	3.5
방언의 발견	3.5
작업실의 자코메티	4.0
그랜드 부다페스트 호텔	4.5
귀신나방	3.5
건지 감자껍질파이 북클럽	4.0
망내인	4.0
13.67	4.5
체공녀 강주룡	4.0
알려지지 않은 예술가의 눈물과 자이툰 파스타	4.0
다라야의 지하 비밀 도서관	4.0
아침식사의 문화사 Breakfast	4.0
빈방의 빛 : 시인이 말하는 호퍼	4.0
요리하는 조선 남자	4.0
레드 로자	4.0
스마트 쉘터 공간	3.5
러시아의 맥베스 부인	4.0
로봇	4.0
클래식 노트	4.0
홀로 앉아 금琴을 타고	4.0
칠월과 안생	3.5
하루종일 우주생각	4.0
마네 그림에서 찾은 13개 퍼즐조각	3.5
손잡지 않고 살아남은 생명은 없다	4.0
기생충이라고 오해하지 말고 차별하지 말고	3.5
세상이 어떻게 보이세요?	3.5
나는 무관심을 증오한다	3.5
어른의 맛	4.0
미술 창작	4.0
쇼코의 미소	4.0
환자 H.M.	3.5
도덕의 궤적	4.0
아름답고 죽은 그녀	3.5
백년 동안의 고독	4.0
반 고흐	4.0
생명과학, 신에게 도전하다	3.5
가우디의 바다	3.5
스티븐 호킹의 블랙홀	4.0
프로이트, 심청을 만나다	4.0
라마야나	4.0
시녀 이야기	4.0
미술관에 간 화학자	3.5
인형은 거짓말을 하지 않아!	3.5
꼬마 백만장자 팀 탈러	4.0
문장의 온도	4.0
더 브레인	4.0
아날로그 사이언스 : 그냥 시작하는 과학	4.0
팡쓰치의 첫사랑 낙원	5.0
잠깐 애덤 스미스 씨, 저녁은 누가 차려줬어요?	4.0
밤은 짧아 걸어 아가씨야	4.0
오르부아르	4.0
파이 이야기	4.0
킨	4.0
은하수를 여행했던 천재들의 역사	3.5
레스토랑 체리의 계절	3.0
내 마음의 낯섦	4.0
일상 예찬	4.0
이브 프로젝트	4.0
나의 몫	4.0
악어 프로젝트	5.0
아랍 단편소설선	3.5
내 인생의 그녀	4.0
무비꼴라쥬 시네마 톡	4.0
지중해 태양의 요리사	3.5
잃어버린 아이 이야기	4.0
불편한 미술관	4.0
파랑의 역사	4.0
즐거운 식인	3.5
엄마는 페미니스트	4.0
권력과 언론	4.5
권력, 정의, 판사	3.5
기본에 충실한 나라, 독일에서 배운다	3.5
가면 뒤에서	3.5
떠나간 자와 머무른 자	4.0
새로운 이름의 이야기	4.0
당신이 계속 불편하면 좋겠습니다	4.0
러블리 본즈	4.0
백마 탄 왕자들은 왜 그렇게 떠돌아다닐까	3.5
나의 눈부신 친구	4.0
미나마타의 붉은 바다	4.0
우리 음식의 언어	4.0
칼과 혀	3.0
외딴집 	4.5
키다리 아저씨	4.5
꼬마 예수	3.5
청년 노동자 전태일	4.0
아빠와 함께하는 독일 자전거 여행기	3.5
퀴즈탐험 불가사의의 세계	3.5
삼국지	4.5
청년백수를 위한 길 위의 인문학	4.0
에도 일본	4.0
조피 숄 평전	4.0
달빛 노래	4.0
하느님의 눈물	4.0
모르그가의 살인	4.0
톰 아저씨의 오두막	4.0
탈무드 이야기	3.5
이솝 우화집	4.0
집 없는 아이	3.5
하느님이 우리 옆집에 살고 있네요	3.5
꼬마 흡혈귀 1	4.0
밤에 걷다	4.0
가장 아름다웠던 여름	4.0
별을 헤아리며	4.0
멀고도 가까운 나라 아시아 4 : 태국/홍콩편	3.5
멀고도 가까운 나라 아시아 2 : 일본편	3.5
생명이 들려준 이야기	3.5
갈매기의 꿈	4.0
어린 왕자	5.0
누리야 누리야	3.5
두 개의 달 위를 걷다	3.5
푸른 돌고래 섬	4.0
산적의 딸 로냐	4.0
사람은 무엇으로 사는가	4.0
크리스마스 푸딩의 모험	3.5
역사는 수메르에서 시작되었다	4.0
나의 산에서	4.0
뚱딴지 북한 탐방	4.0
뚱딴지 일본 탐방	3.5
데미안	3.5
연어	4.0
책 읽는 젊은이에게 미래가 있다	3.0
흙	3.0
수레바퀴 아래서	4.0
우리나라 여성들은 어떻게 살았을까	4.0
하늘 호수로 떠난 여행	3.0
노인과 바다	3.5
우리가 정말 알아야 할 우리꽃 백가지 1	3.5
수메르 신화	4.0
이태형의 별자리여행	4.0
수난이대	3.5
수학귀신	4.0
현남 오빠에게	3.5
이중섭 1916-1956 편지와 그림들	4.0
사씨남정기	2.5
파브르 곤충기	3.5
물총새 이야기	3.5
영혼을 위한 닭고기 수프 1	3.5
새로 만든 먼나라 이웃나라 1 : 네덜란드	3.5
좁은 문, 전원 교향곡	3.5
심청전	3.5
먼나라 이웃나라	3.5
마야 : 잃어버린 도시들	3.5
아슬아슬 아스텍	3.5
서양화 읽는 법	4.0
무량수전 배흘림기둥에 기대서서	4.0
나의 북한 문화유산답사기 (상) - 테이프 2개	4.0
나의 문화유산답사기 	4.0
진달래꽃	4.0
향수	4.0
물리학자는 영화에서 과학을 본다	4.0
꽃들에게 희망을	4.0
해리 포터와 죽음의 성물	4.0
해리 포터와 혼혈왕자	4.0
해리 포터와 불사조 기사단	3.5
해리 포터와 불의 잔	4.0
해리 포터와 아즈카반의 죄수	4.0
해리 포터와 비밀의 방	4.0
해리 포터와 마법사의 돌	4.0
눈이 작은 아이들	4.0
야생초 편지	4.0
외로우니까 사람이다	4.0
그리고 아무도 없었다	5.0
저녁뜸의 거리	2.5
마사코의 질문	4.0
내 영혼이 따뜻했던 날들	2.5
이 영화 봤니?	3.5
지선아 사랑해	3.5
궁중 유물 - 하나	3.5
지구가 지글지글	4.0
수학이 수군수군	3.5
다시 보는 민족과학 이야기	3.5
헌법의 주어는 무엇인가	3.5
반 고흐의 마지막 연인	3.5
광해군	4.0
할말이 많아요	3.5
한비야의 중국견문록	2.0
마당깊은 집	3.5
모든 것이 산산이 부서지다	3.5
고분벽화로 본 고구려 이야기	3.5
바람의 딸 걸어서 지구 세 바퀴 반	2.5
나는 선생님이 좋아요	4.0
나무	3.5
긍정의 힘	2.0
아부 알리,죽지마	3.5
우리는 평화를 원하지 않는다	4.0
달의 제단	4.0
반 고흐 : 태양의 화가	4.0
아무도 미워하지 않는 자의 죽음	4.0
하나님, 정말 당신이십니까?	3.5
실크로드, 길 위의 역사와 사람들	4.0
정말 거기에 백제가 있었을까	4.0
나혜석 평전	3.5
화가 나혜석	3.5
천국의 열쇠	3.5
그리다, 너를	3.5
브뤼겔 - 농민과 풍자의 화가	3.5
히스기야의 기도	0.5
레몬, 레모네이드를 꿈꾸다	3.0
이는 내 사랑하는 자요	3.5
찢어진 베일	3.0
예수를 업고 가는 아프리카 당나귀	3.5
고고학자들의 카리스마를 클릭하라	3.5
천가지 얼굴의 이슬람, 그리고 나의 이슬람	3.5
프리다 칼로와 나혜석 그리고 까미유 끌로델	3.5
노년에 관하여 우정에 관하여	3.5
카불의 책장수	3.5
대지	3.0
차마고도	3.5
내 이름은 빨강	4.0
신의 열애	2.5
홍루몽 살인사건	3.0
홍루몽	4.0
빛 혹은 그림자	3.5
개경의 생활사	3.5
최초의 신화 길가메쉬 서사시	4.0
김태권의 십자군 이야기 1	3.5
나나	3.5
내 마음속의 그림	4.0
바그다드 천사의 시	3.5
팔레스타인의 눈물	4.0
예수와 함께한 가장 완벽한 하루	3.5
예수와 함께한 저녁식사	3.5
삼인삼색 미학 오디세이	3.5
만화 그리스 신화	4.0
만화로 보는 그리스 로마 신화	4.0
샤갈, 꿈꾸는 마을의 화가	4.0
한국 고대사 산책	4.0
조선여인 잔혹사	3.0
달과 6펜스	3.5
난장이가 쏘아올린 작은 공	4.0
꿈을 꾸다가 베아트리체를 만나다	3.5
일본근세 근현대사	4.0
일본고대 중세사	4.0
벤자민 버튼의 흥미로운 사건	3.5
에코와 소름마법사	4.0
가부키	4.0
일본 하이쿠 선집	4.0
메디치가 살인사건의 재구성	4.0
실크로드의 마지막 카라반	4.0
햄릿	3.5
태양의 제국, 잉카의 마지막 운명	4.0
페르시아 문화	4.0
우키요에의 美	3.5
사막별 여행자	3.5
어느 가슴엔들 시가 꽃피지 않으랴	3.5
경성을 뒤흔든 11가지 연애사건	3.5
라쇼몬	4.0
제이넵의 비밀 편지	3.5
오를라	3.5
튤슈를 사랑한다는 것은	3.5
이스탄불로부터의 선물	3.0
누가 사악한 늑대를 두려워하는가	3.5
우리는 거짓말쟁이	4.0
앗 살람, 마그레브!	4.0
말콤 엑스	3.5
칭기스칸 천년의 제국	3.5
새 먼나라 이웃나라	3.5
인류 문명의 박물관 이스탄불 기행	4.0
반 고흐, 죽음의 비밀	4.0
나의 형 빈센트 반 고흐	3.5
뭉크뭉크	4.0
모딜리아니, 열정의 보엠	3.0
아메데오 모딜리아니	3.5
서울사회학	3.5
정본 백석 시집	5.0
악마의 시	4.0
잉카가 이크이크	3.5
살았더라면	3.5
신도 버린 사람들	4.0
가자에 띄운 편지	3.5
루브르는 프랑스 박물관인가	4.0
창조적 열정을 지닌 청소년, 아름다운 세상을 꿈꾸다	3.5
캔터베리 이야기	3.5
자유의 비극	3.5
히타이트	4.0
인간의 땅, 중동	4.0
나를 똑바로 봐	3.5
이라크에서 온 편지	3.5
티베트 문화산책	4.0
티베트 역사산책	3.5
함두릴라, 알 카히라	3.5
렛미인	4.0
운명의 날	4.0
하워드 진, 세상을 어떻게 통찰할 것인가	4.0
의적, 정의를 훔치다	3.5
미술관에서 숨은 신화 찾기	3.5
체 게바라의 홀쭉한 배낭	4.0
죽기 전 100일 동안	3.5
눈뜨는 봄 : 청소년 비극	3.5
괴담 (보급판 문고본)	3.5
나 누주드, 열살 이혼녀	3.5
카자르 사전 -	3.5
바람의 안쪽	3.0
임페리움	3.5
단원의 그림책	4.0
팔레스타인에서 온 연인	4.0
적도의 침묵	4.0
고대 페르시아의 역사	3.5
앙겔루스 노부스	4.0
숭고의 미학	4.0
숭고와 아름다움의 이념의 기원에 대한 철학적 탐구	4.0
우리들의 행복한 시간	3.0
동급생	4.0
독사를 죽였어야 했는데	3.5
다이아몬드 잔혹사	4.0
길은 여기에	3.5
셜록 홈즈 전집 1	4.0
서른 개의 관	3.5
해저 2만리	3.5
메리 포핀스	4.0
마녀를 잡아라	4.0
릴라, 릴라	3.5
야밤의 공대생 만화	4.0
신곡 - 천국편	3.5
신곡 - 연옥편	3.5
신곡 - 지옥편	4.0
니벨룽의 반지	3.5
니벨룽겐의 노래	3.5
유대인 이미지의 역사	3.5
내일은 맑음	3.5
아발론 연대기	3.5
그리스 비극	4.0
고고학의 모든 것	3.5
노빈손의 파란만장 영국 유랑기	3.5
대륙의 딸 -	4.0
샤갈의 아라비안 나이트	3.5
오스만 제국사	4.0
마티스 : 원색의 마술사	4.0
살모사의 눈부심	4.0
어느 꼬마의 마루밑 이야기	3.5
헤이안 일본	3.5
고흐보다 소중한 우리미술가 33	4.0
독도평전	3.5
햇빛사냥	4.0
나의 라임오렌지나무	5.0
마지막 잎새	4.0
광막한 사르가소 바다	4.0
제인에어	4.0
농구화	3.5
마음 속의 잉카	4.0
몽실 언니	4.0
눈과 피의 나라 러시아 미술	4.0
보스코네로가의 영원한 밤	3.5
랍스터를 먹는 시간	3.5
모모	5.0
거울 속의 거울	4.0
저만 알던 거인	4.0
러시아 미술사	4.0
고전 소설 속 역사 여행	4.0
스크루테이프의 편지 	3.5
우리가 얼굴을 찾을 때까지	4.0
건축, 교양이 되다	4.0
나니아 연대기	4.0
슬픈 아일랜드	4.0
카라바조, 이중성의 살인미학	4.0
여왕벌	3.0
팔묘촌	3.5
무굴 제국 : 인도이슬람왕조	4.0
세기의 우정과 경쟁	4.0
옥문도	4.0
안구기담	2.5
민음 한국사 : 18세기, 왕의 귀환	5.0
시대를 훔친 미술	4.0
싸워야 정치다	4.0
고슴도치와 여우	4.0
비프스튜 자살클럽	3.5
표현주의 화가들 : 주요 화가와 그룹, 걸작선	4.0
표현주의, 어떻게 이해할까?	4.0
후기인상주의의 역사	4.0
후기인상주의	3.5
악마의 공놀이 노래	4.0
나쁜 그림	3.5
밤 산책	3.5
열하일기	4.0
이누가미 일족	4.0
악마가 와서 피리를 분다	3.5
도리언 그레이의 초상	4.0
화가 vs 화가	3.5
핼리혜성과 신라의 왕위쟁탈전	4.0
살인자들의 섬	4.0
패밀리	3.5
거울아 거울아	3.5
5천년 전의 일상	3.5
정치교회	4.0
자크 라캉이 들려주는 욕망 이야기	3.5
박물관의 탄생	3.5
학교에서 가르쳐주지 않는 조선사 진풍경	3.5
여성, 미술, 사회	4.0
활짝 핀 벚꽃나무 아래에서	4.0
충신	3.5
학교에서 가르쳐주지 않는 세계사 진풍경	3.0
고발	3.5
보나르: 색채는 행동한다	4.0
29인의 드라마작가를 말하다	3.5
요이야마 만화경	3.5
전통 장신구	3.5
프루스트의 화가들	4.0
기생, 조선을 사로잡다	3.5
신권의 일천 년	4.0
잉카 문명	4.0
필름 속을 걷다	3.5
페르세폴리스	4.0
6인의 용의자	4.0
고려에 시집온 칭기즈칸의 딸들	3.5
인도의 사랑 이야기	3.0
화가 1	3.5
하쿠나 마타타 우리 같이 춤출래?	3.5
공민왕과의 대화	3.5
오스카 와오의 짧고 놀라운 삶	3.5
오늘처럼 인생이 싫었던 날은	4.0
향수	4.0
끝없는 이야기	5.0
제로의 초점	3.0
하노이에 별이 뜨다	3.5
조선공주실록	3.5
비밀의 도서관	3.5
일본에 남은 한국미술	3.5
혹스무어	3.0
모던보이	3.0
인도	4.0
안나 카레니나	4.0
부활	4.0
토니와 프랭키	3.5
마하 바라타	3.5
화가의 잔인한 손	4.0
예술가에게 길을 묻다	4.0
미술, 인간의 욕망을 말하고 도시가 되다	3.5
현대 미술 골고다의 초대	4.0
20세기 미술사	4.0
프란시스 베이컨	3.5
Devdas 데브다스	3.5
하얀 마사이	2.5
베이컨: 회화의 괴물	4.0
그냥 아롱으로 살아라!	3.5
이슬람 미술	4.0
이슬람 미술	4.0
일생에 한번은 동유럽을 만나라	3.5
이것이 인간인가	4.0
삼수탑	2.0
에드바르드 뭉크	3.5
엘리자베스와 에섹스	3.5
천년 그림 속 의학 이야기	3.5
바우하우스, 어떻게 이해할까?	4.0
거미여인의 키스	4.0
스물 네 개의 눈동자	4.0
오주석의 옛 그림 읽기의 즐거움	5.0
나, 프리다 칼로	3.5
블랙 라이크 미	4.0
I, Goya	4.0
샤갈의 다프니스와 클로에	4.0
유혹하는 그림, 우키요에	3.5
고백	4.0
내 마음의 안중근	3.5
안중근 불멸의 기억	3.5
노서아 가비	3.5
안중근, 하얼빈의 11일	4.0
안중근을 보다	3.5
고딕성당	4.0
히든 페이스	3.5
위험한 미술관	3.5
중세의 가을에서 거닐다	4.0
신의 정원에 핀 꽃들처럼	3.5
실비 / 산책과 추억	3.5
괴테의 그림과 글로 떠나는 이탈리아 여행	4.0
클릭, 한국미술사	5.0
시경	4.0
헨리 8세의 후예들	3.5
헨리 8세와 여인들	3.5
헨리 8세	4.0
행복한 길고양이	3.5
돈 카를로스	3.5
치유의 인문학	3.5
팝 아트	3.0
인상주의	4.0
르네상스, 어떻게 이해할까?	4.0
고딕, 어떻게 이해할까?	4.0
연애의 시대	3.5
부서진 사월	3.5
북유럽 르네상스의 미술	4.0
할랄, 신이 허락한 음식만 먹는다	3.5
인도는 울퉁불퉁하다	4.0
인도, 끓다	4.0
침묵의 이면에 감추어진 역사	4.0
이난나	3.0
속죄	3.0
샤꾼딸라	3.5
온 세상이 비라면	3.5
굿모닝 버마	3.5
14호 수용소 탈출	4.0
세상 밖으로 나오다	4.0
티엔탕 마을 마늘종 노래	3.5
오리진 : 세상 모든 것의 기원 1. 보온	3.5
굿모닝 예루살렘	4.0
마지막 카드는 그녀에게	3.5
마릴린 먼로, My Story	3.5
나의 문화유산답사기 일본편	3.5
안압지, 우리 정원의 원류를 찾아서	3.5
가시도치의 회고록	3.5
색, 계	4.0
여성과 미술	4.0
끝나지 않은 전쟁	4.0
이란 여행	3.5
병원 고개의 목매달아 죽은 이의 집	3.5
체코 단편소설 걸작선	4.0
플라이보이스	3.5
석류나무 그늘 아래	4.0
위대한 개츠비	4.0
프리다 칼로 & 디에고 리베라	4.0
벽을 그린 남자 - 디에고 리베라	4.0
유토피아	4.0
한밤의 아이들	4.0
이란의 검열과 사랑 이야기	4.0
불교 파시즘	4.0
로르카 시 선집	4.0
정조와 홍대용, 생각을 겨루다	4.0
바느질 수다	3.5
이슬람 정육점	3.5
상인과 미술	4.0
백일홍 나무 아래	3.5
말의 가격	4.0
조선시대 산수화	5.0
피부색깔=꿀색	3.5
사랑과 욕망의 변주곡	4.0
왕의 경영	4.0
집으로 가는 길	4.0
동서 철학의 충돌과 융합	4.0
투 스테이츠	3.5
찬란하게 47년	3.0
미운 청년 새끼	4.0
건축이 바꾼다	3.5
장기보수시대	4.0
뒤러와 미켈란젤로	4.0
헌법의 풍경	5.0
기술복제시대의 예술작품 / 사진의 작은 역사 외	4.0
아프가니스탄, 잃어버린 문명	4.0
펜과 칼	4.0
겟 리얼	3.5
에리히 프롬 읽기	3.5
현실주의자를 위한 변명	4.0
현대미술 강의	4.0
여자 그림으로 읽기	4.0
키워드로 읽는 현대미술	3.5
마키아벨리 다시 읽기	4.0
유라시아 신화기행	3.5
싸우는 인문학	4.0
논객시대	4.0
신은 서두르지 않는다, 가우디	4.0
나의 조선미술 순례	4.0
나는 대한민국 역사교사다	4.0
싸우는 심리학	4.0
청소년을 위한 정의론	3.5
우리들의 현대침묵사	4.0
일본군 위안부 문제와 젠더	4.0
핀켈슈타인의 우리는 너무 멀리 갔다	5.0
세월의 거품	4.0
내가 만난 일본미술 이야기	4.0
폴 고갱, 슬픈 열대	4.0
반 고흐와 고갱의 유토피아	4.0
반 고흐, 영혼의 편지 	5.0
빈센트 반 고흐 Vincent van Gogh (아몬드꽃 표지)	5.0
반 고흐, 마지막 70일	5.0
갈증	3.5
감시와 처벌	4.0
미셸 푸코	4.0
푸코 & 하버마스 : 광기의 시대, 소통의 이성	4.0
창문 넘어 도망친 100세 노인	4.0
달려라 메로스	4.0
철학의 참견	4.0
자카란다 나무의 아이들	4.0
내가 사랑한 고양이	3.5
한 톨의 밀알	4.0
안네의 일기	4.0
서울대 인권수업	4.0
철학, 역사를 만나다	3.5
지금 애덤 스미스를 다시 읽는다	4.0
비통한 자들을 위한 정치학	4.0
샤나메	4.0
돌아온 외규장각 의궤와 외교관 이야기	3.5
눈의 역사 눈의 미학	4.0
매혹당한 사람들	4.0
나의 이슬람문화 체험기	3.5
모스끄바가 사랑한 예술가들	4.0
한밤중에 개에게 일어난 의문의 사건	4.0
와和! 일본	4.0
눈동자의 빛으로 일본만화를 본다	3.5
한국어 문법 여행	4.0
전쟁과 평화	4.0
안녕, 고양이는 고마웠어요	4.0
정조의 비밀편지	4.0
사회를 구하는 경제학	4.0
설득의 정치	4.0
누들 로드	4.0
콜럼버스가 서쪽으로 간 까닭은	4.0
우리가 아는 선비는 없다	4.0
뚱뚱해서 행복한, 보테로	4.0
보테로	4.0
사바나의 개미 언덕	3.5
예술, 철학을 만나다	4.0
민음 한국사 : 15세기, 조선의 때 이른 절정	5.0
뭄 타즈마할	3.0
천 개의 찬란한 태양	5.0
연을 쫓는 아이	4.5
그리고 산이 울렸다	4.0
테헤란의 지붕	3.5
막스 티볼리의 고백	4.0
혼진 살인사건	4.0
80일간의 세계일주	4.0
조선시대 책과 지식의 역사	4.0
해바라기가 피지 않는 여름	4.0
쥐	4.0
우리 동네 아이들	3.5
마리나	3.5
죄와 벌	5.0
타인의 고통	4.0
사진에 관하여	4.0
인내의 돌	4.0
소년이 온다	5.0
서양미술사	5.0
우행록	4.0
생명정치란 무엇인가	4.0
벤야민 & 아도르노 : 대중문화의 기만 혹은 해방	4.0
시선은 권력이다	4.0
러시아 문학의 맛있는 코드	4.0
특별 요리	4.0
파격의 고전	4.0
예술이 사랑한 사진	4.0
내 어깨 위 고양이, Bob	3.5
게르니카, 피카소의 전쟁	4.0
톨스토이, 도덕에 미치다	4.0
침묵	4.0
세상의 모든 교양, 미술이 묻고 고전이 답하다	4.0
집으로	3.5
반성된 미래	4.0
세 종교 이야기	3.5
매혹하는 식물의 뇌	4.0
민주화 이후의 민주주의	5.0
김석철의 세계건축기행	4.0
이집트	4.5
조선 최고의 문장 이덕무를 읽다	4.0
달콤 쌉싸름한 초콜릿	4.0
내 생애 마지막 그림	3.5
희망에 대해 말씀드리지요	4.0
무알라까트	3.5
나는 라말라를 보았다	4.0
다른 방식으로 보기	4.0
나는 말랄라	4.0
탐식의 시대	4.0
이와 손톱	3.5
진중권이 만난 예술가의 비밀	4.0
한국현대 생활문화사 : 1980년대	4.0
나는 세상을 리셋하고 싶습니다	4.0
살인자, 화가, 그리고 후원자	4.0
위저드 베이커리	4.0
날씨가 만든 그날의 세계사	3.5
당나라에 간 고양이	4.0
첫숨	3.5
아우라	4.0
빈센트 반 고흐, 내 영혼의 자서전	4.0
슬럼독 밀리어네어	4.0
조선시대 살아보기	3.0
양성평등에 반대한다	4.0
심리정치	4.0
예외	4.0
퀴르발 남작의 성	4.0
난생 처음 한번 공부하는 미술 이야기 	5.0
심용환의 역사 토크	3.5
물고기 인간	4.0
사자왕 형제의 모험	4.0
강간은 강간이다	5.0
빨간구두당	3.0
그냥 좋은 장면은 없다	3.5
평양 그리고 평양 이후	3.5
인간의 조건	4.0
서울, 도시의 품격	3.5
화가의 마지막 그림	4.0
현산어보를 찾아서	4.5
우리가 사랑한 비린내	3.5
