﻿수레바퀴 아래서	5.0
브람스를 좋아하세요...	4.0
그 남자네 집	4.0
인간 실격	5.0
초판본 데미안	5.0
어린 왕자	5.0
글로벌기업 인사실무자의 HR멘토링	3.5
화장실 철학자	3.0
아트인문학 : 보이지 않는 것을 보는 법	4.0
아는 게 재주라서 미안합니다	3.5
그림 같은 여자 그림 보는 남자	4.0
혼자가 좋은데 혼자라서 싫다	2.5
곁에 두고 읽는 서양철학사	4.0
인문학 스캔들	4.0
도쿄 타워	3.5
스눕	2.0
청춘, 덴데케데케데케~	4.0
불안	3.5
능소화	4.0
오디션	4.0
노자	4.0
행복	3.0
시모츠마 이야기	4.0
세기의 음모론	2.5
목걸이	4.0
향연	3.5
블링블링	2.0
19 29 39	1.5
셀러브리티	2.0
싱글빌	4.0
다이어트의 여왕	2.5
베니스의 상인	4.0
할까? 말까?	3.0
나는 조지아의 미친 고양이	4.0
병든 아이	3.5
오렌지만이 과일은 아니다	3.0
맥베스	4.5
오셀로	4.5
햄릿	4.5
첫사랑	4.5
좁은문	4.5
고령화 가족	4.0
핑퐁	3.5
정의란 무엇인가	3.0
박사가 사랑한 수식	3.0
운수 좋은 날 「현진건」	3.5
완득이	3.5
1026	3.0
스쿼시	4.0
별 헤는 밤	4.0
13.67	4.0
카지노	4.0
노부타를 프로듀스	4.0
가십걸 1	4.0
쇼퍼홀릭 4 : 레베카, 언니가 생겼다	2.0
쇼퍼홀릭 3 : 레베카, 결혼 반지를 끼다	1.5
쇼퍼홀릭 5권	2.0
쇼퍼홀릭 2권 -	2.0
쇼퍼홀릭	2.0
립스틱 정글	4.0
자살가게	4.0
고슴도치의 우아함	5.0
yes라고 말해, 니농	4.5
인생의 베일	4.5
하늘과 바람과 별과 詩	5.0
비밀의 화원	4.0
누리야 누리야	4.5
조제와 호랑이와 물고기들	4.5
낭만적 연애와 그 후의 일상	5.0
인 더 풀	2.5
사랑 후에 오는 것들	3.0
배려	3.0
파우스트	4.0
발로 차 주고 싶은 등짝	3.5
안나 카레니나	5.0
우리는 사랑일까	4.5
황태자비 납치사건	3.0
즐거운 나의 집	3.5
리어 왕	4.0
한여름 밤의 꿈	4.0
가방 들어주는 아이	4.0
서울 시	2.5
사서함 110호의 우편물	4.0
얼굴 빨개지는 아이	4.0
반짝반짝 빛나는	4.0
플라이, 대디, 플라이	3.5
악마는 프라다를 입는다	4.0
이상한 나라의 앨리스	4.5
롤리타	3.0
고백	4.5
창가의 토토	4.0
안네의 일기	3.5
괭이부리말 아이들	3.5
위저드 베이커리	4.0
젊은 베르테르의 슬픔	5.0
향수	4.0
1984	4.5
아프니까 청춘이다	2.5
가시고기	4.0
파페포포 안단테	4.0
무궁화 꽃이 피었습니다	5.0
토지 	4.0
물은 답을 알고 있다	3.0
왜 나는 너를 사랑하는가	5.0
어린 왕자	5.0
그건, 사랑이었네	3.0
세상의 중심에서 사랑을 외치다	4.0
꾸러기 만화일기	4.0
냉정과 열정사이 Blu	4.5
냉정과 열정사이 Rosso	4.5
지도 밖으로 행군하라	3.0
난장이가 쏘아올린 작은 공	4.0
키친	3.5
마당깊은 집	3.5
성공하는 사람들의 7가지 습관	3.0
우동 한 그릇	3.0
나의 라임 오렌지나무	5.0
오체 불만족	2.5
오페라의 유령	4.0
나무	4.0
어디선가 나를 찾는 전화벨이 울리고	2.5
탈무드	4.0
해리 포터와 비밀의 방	3.0
아홉살 인생	3.5
봉순이 언니	3.5
야생초 편지	3.5
연탄길	3.5
해리 포터와 마법사의 돌	3.5
사랑하라 한번도 상처받지 않은 것처럼	4.0
마시멜로 이야기	3.5
여자의 모든 인생은 20대에 결정된다	3.0
참을 수 없는 존재의 가벼움	3.5
모랫말 아이들	3.5
달과 6펜스	4.0
나미야 잡화점의 기적	4.0
