﻿조선시대 영어교재 아학편	3.5
청소부 밥	3.0
우리는 차별하기 위해 태어났다	3.0
백 사람의 십 년	4.0
베트남문화의 즐거움	3.5
베트남 문화의 오디세이	3.5
웜 바디스	3.0
내 어린고양이와 늙은개	3.0
묘진전	4.5
루드비코의 만화.영화	3.5
낢이 사는 이야기 시즌2	4.0
만화로 보는 그리스 로마 신화	4.0
여탕보고서	3.5
센과 치히로의 행방불명	4.5
붓다 애장판	4.5
세인트 영멘	3.5
욕망이라는 이름의 전차	4.0
서플리 Suppli	3.5
