﻿노인의 전쟁	4.0
우리는 언젠가 만난다	4.0
수고했어, 오늘도	3.0
나의 한국현대사	3.5
너의 시간이 다하더라도	3.5
편의점 인간	4.0
3데이즈 in 삿포로	2.0
삼미 슈퍼스타즈의 마지막 팬클럽	4.0
우리는 나선으로 걷는다	3.0
아무튼, 방콕	2.5
1Q84	4.5
빅 픽처	3.0
세상에 읽지 못할 책은 없다	2.5
카타리나 블룸의 잃어버린 명예	4.0
고양이	4.0
용의자 X의 헌신	5.0
어떻게 살 것인가	3.5
제노사이드	4.0
김기춘과 그의 시대	3.0
아직도 책을 읽는 멸종 직전의 지구인을 위한 단 한 권의 책	1.0
범인 없는 살인의 밤	3.0
대통령의 글쓰기	3.5
일본전산 이야기	2.0
인간 실격	4.5
CEO의 서재	3.0
무엇이 CEO를 만드는가	3.0
평균의 종말	4.5
파리에서 도시락을 파는 여자	3.0
백의 그림자	3.0
남자의 물건	3.0
도키오	1.0
저스티스맨	2.5
스파링	4.5
모든 순간이 너였다	0.5
사명과 영혼의 경계	3.0
독서의 기쁨	3.5
운다고 달라지는 일은 아무것도 없겠지만	3.0
현남 오빠에게	3.0
나음보다 다름	3.0
괴소소설	3.5
타인은 나를 모른다	2.5
그들이 알려주지 않는 투자의 법칙	3.5
편지	4.5
흑소소설	3.5
암리타	2.0
마지막 패리시 부인	4.0
아름다운 흉기	3.5
데드맨	3.0
진보집권플랜	4.0
왜 나는 법을 공부하는가	3.5
어른이 되어 더 큰 혼란이 시작되었다	3.0
마션	2.5
방황하는 칼날	5.0
독소소설	3.5
아침이 온다	4.5
새벽 거리에서	3.5
신경 끄기의 기술	3.0
아마존, 세상의 모든 것을 팝니다	2.0
이것이 남자의 세상이다	3.5
악의	5.0
인간	2.5
고래	5.0
위험한 비너스	4.0
위저드 베이커리	4.0
센트럴파크	3.0
개인주의자 선언	3.5
내일	4.0
작고 아름다운 동네 책방 이야기	3.5
그대 눈동자에 건배	4.0
쇼코의 미소	2.0
에어비앤비 스토리	3.5
나의 스페인행 티켓	3.0
내 통장 사용설명서	4.0
언어 공부	1.0
호숫가 살인사건	3.5
노는 만큼 성공한다	4.0
내가 혼자 여행하는 이유	4.5
적당히 사는 법	4.0
비밀 (합본)	5.0
살인자의 기억법	2.0
한국이 싫어서	3.5
게임의 이름은 유괴	4.0
해변의 카프카	3.0
브루투스의 심장	4.0
나루토 Naruto	5.0
고스트 바둑왕	4.5
매스커레이드 호텔	4.0
여행이라는 참 이상한 일	3.5
나이 서른에 책 3,000권을 읽어봤더니	3.0
청소부 밥	4.0
닥치는 대로 끌리는 대로 오직 재미있게 이동진 독서법	4.0
문재인의 운명	4.5
결혼해도 똑같네 Plus	3.0
데스 노트 Death Note	4.0
나는 아직, 어른이 되려면 멀었다	3.0
1만권 독서법	3.0
공허한 십자가	4.0
나미야 잡화점의 기적	5.0
결혼해도 똑같네 1	4.0
11분	4.5
오무라이스 잼잼	3.0
빅 퀘스천	4.5
미움받을 용기	3.0
바쿠만 BAKUMAN	4.5
고독한 미식가	4.0
우연한 산보	3.5
세상의 벽 하나를 빌리다	3.0
CEO 안철수, 지금 우리에게 필요한 것은	2.5
대한민국 20대, 재테크에 미쳐라	3.0
마조 앤 새디	4.0
다이어터 2 : 운동적응기 편	4.0
다이어터 1 : 식이조절 편	4.0
아이즈	3.5
드래곤 볼	4.5
엄마, 일단 가고봅시다!	3.0
못 가본 길이 더 아름답다	4.0
한국의 이공계는 글쓰기가 두렵다	3.0
글쓰기의 전략	2.0
지문사냥꾼	4.0
현근이의 자기주도 학습법	2.0
파페포포 안단테	3.0
스타일	3.0
마미야 형제	3.5
고령화 가족	4.0
1만 시간의 재발견	3.0
가난하다고 꿈조차 가난할 수는 없다	4.0
룬의 아이들 - 데모닉	4.0
금토일 해외여행	2.0
1박 2일 총알스테이	1.0
허영만 이토록 맛있는 일본이라면	2.0
삼국지	5.0
꾸러기 만화일기	4.0
파페포포 다이어리	3.0
소매치기도 뉴턴은 안다	2.0
ENJOY 인도 (2016~2017 최신정보)	2.5
디스 이즈 타이완 (2017~2018년 최신 개정판) (휴대용 대형지도 및 지하철 노선도 증정)	2.5
ENJOY 규슈 : 후쿠오카.나가사키.벳푸.유후인 (2017)	3.0
설렘 두배 홋카이도	3.0
클로즈업 홍콩.마카오	3.0
클로즈업 오사카	3.5
아침형 인간	2.0
몰입 - 인생을 바꾸는 자기 혁명	3.0
아주 사적인 시간	4.0
노르웨이의 숲	4.5
막다른 골목에 사는 남자	2.0
사랑 후에 오는 것들	2.0
사랑 후에 오는 것들	2.0
나무	4.0
4시간 반 숙면법	1.0
룬의 아이들 - 윈터러	4.0
1년만 미쳐라	2.0
다 빈치 코드	3.0
공부 9단 오기 10단	3.0
꿈이 있는 거북이는 지치지 않습니다	2.0
세상에 너를 소리쳐!	2.0
꼬마 니콜라	3.0
개를 훔치는 완벽한 방법	2.0
혼자 있는 시간의 힘	1.5
그래도 괜찮은 하루 (윈터에디션)	2.0
버킷리스트 넘버 원! 세계일주	2.0
향수	3.5
독서는 절대 나를 배신하지 않는다	3.0
읽어야 산다	3.0
지적 대화를 위한 넓고 얕은 지식 : 현실 세계 편	5.0
스즈미야 하루히의	4.0
스물아홉 생일, 1년 후 죽기로 결심했다	3.0
가시고기	3.0
등대지기	3.0
세상의 중심에서 사랑을 외치다	3.0
종이 여자	3.5
위험한 관계	3.5
파리5구의 여인	3.0
템테이션	3.0
남자 찾아 산티아고	2.0
조제와 호랑이와 물고기들	4.5
하드보일드 하드 럭	3.0
48분 기적의 독서법	2.5
아내가 결혼했다	4.0
그 많던 싱아는 누가 다 먹었을까	3.5
