﻿지금 우리 학교는	4.0
카케구루이	4.0
떡칼	2.5
초인전	2.5
스테이웨이 투헤븐	0.5
커피우유신화	4.0
뚱딴지 북한 탐방	3.0
뚱딴지 만화일기	4.0
뚱딴지 월드컵 탐방	4.0
던전밥	4.0
고독한 미식가	4.0
육식녀의	4.0
토모에마미의	4.0
입시명문 사립 정글고등학교	5.0
클로저 이상용	5.0
고마워, 다행이야	3.0
일쌍다반사	3.5
타임 인 조선 -	5.0
생활의 참견	3.0
이말년 서유기 1	4.0
외모지상주의 1	1.0
모두에게 완자가	2.0
패션왕	2.0
뚱딴지 조선시대	3.5
뚱딴지 만화 삼국지	3.5
뚱딴지 만화 명심보감	4.5
여인추억	2.5
태극기 펄럭이며	2.5
롤짱	2.5
강안남자 1	3.0
이천팔 용주골 1	2.0
대털 3부	2.5
용주골 소매치기 탑걸	2.0
용주골 비하인드 스토리	2.0
연예계 초한지 1	2.5
용주골 강남스타일 1	1.5
대털 3.0 1	2.5
야망4인조	2.5
환락여제 1	2.5
용주골과 눈물1리터 1	1.5
여폭가리비 1	1.5
대털 2.0 1	3.5
왕수 1	3.5
999.9 마신 1	5.0
깡비	4.5
사강흉악범	1.0
드라군 파이터	2.0
황제의 섹스투어	2.0
도그캅 Dogcop	4.0
고교 털잡이	2.0
조폭 아가씨 2부	3.0
돈빨 Donbbal	3.0
대털 2부	2.5
청송감호소	1.0
용주골 블루스	2.5
조폭 여왕벌	0.5
스터프 13	4.0
대털	5.0
스타크래프트	3.0
돌아온 럭키 짱 1	2.0
무한동력 1	4.5
짬 시즌 2	5.0
짬	5.0
삼국전투기	4.0
난장이가 쏘아올린 작은 공	5.0
스콧 필그림	3.5
명탐정 코난	3.5
기생수	4.5
전략 삼국지	4.0
장난을 잘치는 타카기양	3.5
부자사전	2.0
낢이 사는 이야기 시즌2	4.0
낢이 사는 이야기 (수첩 포함)	4.0
2013 마음의 소리 Ver.1	4.0
2012 마음의 소리 Ver.1	4.0
2010 마음의 소리 Ver.1	4.0
마음의 소리	4.0
이런 영웅은 싫어 1	5.0
용이 산다 2	3.5
나쁜상사 4 (책+외전 소설) - 전2권	4.5
나쁜상사	4.5
그대를 사랑합니다	5.0
영화야 놀자	4.0
바보	4.0
TV동화 행복한 세상 1	4.5
무서운 게 딱! 좋아!	3.5
십시일反	4.0
타이밍	4.5
삼국지의 여인들	3.0
쾌도난담 삼국지 죽이기	3.5
삼국지 죽이기	3.0
소년탐정 김전일	5.0
이문열 이희재 만화 삼국지 세트 -	4.5
와라! 편의점	3.5
아파트	4.0
이말년 씨리즈 2	4.5
이말년 씨리즈	4.5
아즈망가 대왕	4.5
요츠바랑!	4.5
수업시간 그녀	4.0
파페포포 메모리즈	3.0
식객	4.5
심야식당	4.0
나의 히어로 아카데미아 	3.5
소년탐정 김전일 2부 	4.5
원펀맨 One Punch Man	4.5
만화로 보는 그리스 로마 신화	5.0
신과 함께 : 신화편	4.5
우리들의 일그러진 영웅	4.5
만화전쟁	3.0
신과 함께 : 이승편	4.0
신과 함께 : 저승편	5.0
박시백의 조선왕조실록 1	4.5
순정만화	4.0
이기적 섹스	1.0
성룡 : 철들기도 전에 늙었노라	5.0
연애혁명	3.0
소설 소년탐정 김전일 	5.0
스즈미야 하루히의	3.0
마오유우 마왕용사	3.5
마시멜로 이야기	2.5
현대문명진단	5.0
먼나라 이웃나라	4.0
조이라이드	0.5
