﻿백희초	3.0
쵸비츠 애장판	2.5
아케비의	3.5
너무 외로워서 레즈비언 업소에 간 리포트	3.0
파이어 펀치	1.5
쌍망정은	3.0
여기는 잘나가는 파출소	3.0
사몬 군은 소환사	3.0
히이라기	3.0
건스미스 캣츠 버스트	3.5
만화 삼국지	3.0
무슨 만화	3.0
메이드 인 어비스	3.0
천행기	2.5
후르츠 바스켓 8	3.0
파인 1	3.5
나이브 Naive 완전판	3.0
여름의 전날 1	3.5
동급생	3.5
100℃	3.0
늑대 아이	3.0
시오타	3.5
닥터 프로스트 1 : 텅 빈 남자	4.0
샴 SIAM	2.0
아만츄 Amanchu! 2 3	3.0
스트레칭	3.0
러브로마	3.5
나나와 카오루	3.0
도자기	4.0
막대가 하나	4.0
코믹 크레이지 아케이드	3.0
테르마이 로마이	3.5
다이어터 2 : 운동적응기 편	3.5
Peak 피크	3.0
정의의 졸라맨 로봇대전	3.0
광수생각	3.0
어른이 되기는 글렀어	3.0
슈퍼맨 : 레드 선	3.0
와라! 편의점	2.5
소년탐정 김전일 2부 	3.0
슈퍼맨 : 시크릿 아이덴티티	4.0
식객	3.5
알렉산더	3.5
양영순의 천일야화	3.5
여친만!	3.0
사가	4.0
브레이커 N.W.	2.5
웃음 특종 어린이 언저리 뉴스	2.0
단숨에 깨치는 과학상식	2.5
파페포포 투게더	3.0
돌아온 자살토끼	3.5
페르세폴리스	4.0
낢이 사는 이야기 (수첩 포함)	3.0
맹꽁이 서당	3.5
김케장 단편선	3.5
배트맨 킬링 조크 BATMAN The Killing Joke : 디럭스 에디션 The Deluxe Edition (양장)	3.5
카스텔라 레시피	2.5
시마과장	3.0
미유키 애장판	3.0
시마 상무 1 4	3.0
시마사장 1	3.0
시마계장 1	3.0
시마부장	3.0
시마전무	3.0
시마이사 	3.0
시마 회장 1	3.0
믹스 MIX	3.0
H2	4.0
미스미소우 완전판 -	4.0
피코피코 소년	4.0
결벽남자! 아오야마군	3.5
쿠레나이	2.0
혈계전선 Back 2 Back 1	2.5
만화로 보는 가시고기	3.0
치과는 무서워	2.0
용랑전	2.0
환상게임	2.5
반항하지마 3 13 17 24	2.5
동경 바빌론 Tokyo Babylon	2.5
겟 백커스 2 39	2.5
신 공태랑 나가신다!	3.0
창천의 권	3.0
절대가련 칠드런 1	3.0
마작의 제왕 테쯔야	2.5
만화가랑 어시스턴트랑	2.0
몬스터 팜	2.0
코미 양은 커뮤증입니다	2.5
은아전설 WEED	3.0
타성 67퍼센트	3.0
일상	3.0
지금 남편이 무슨 말을 하는 거지?	2.5
거츠 GUT's	2.5
수수께끼	3.5
외천루	3.5
방과 후 플레이	3.0
올드보이 Oldboy	2.5
아스테릭스 된 아스테릭스, 아스테릭스와 마을의 가다 카이사르의 아스테릭스의	4.0
라캄의 보물	4.0
파라오의 시가	4.0
유니콘호의 비밀	4.0
푸른 연꽃	4.0
티베트에 간 땡땡	4.0
오토카 왕국의 지휘봉	4.0
부러진 귀	4.0
황금 집게발 달린 게	4.0
검은 황금의 나라	4.0
달나라에 간 땡땡	4.0
카스타피오레의 보석	4.0
시드니행 714편	4.0
땡땡과 카니발 작전	4.0
미국에 간 땡땡	4.0
달 탐험 계획	4.0
해바라기 사건	4.0
노예선	4.0
콩고에 간 땡땡	3.5
검은 섬	4.0
땡땡의 모험 14 : 태양의 신전	4.0
땡땡의 모험 13 : 일곱 개의 수정구슬	4.0
땡땡의 모험 22 : 시드니행 714편	4.0
이토준지 공포박물관	3.5
혼자를 기르는 법	3.5
문유	3.0
후레자식	3.0
커피우유신화	3.0
마음의 소리	2.5
데빌맨	3.0
스모모모모모모 지상 최강의 신부 5 6	2.5
마기 신드바드의 모험	3.0
써니 Sunny	2.5
핑퐁	4.0
킹덤 Kingdom 1 3 9 10 17 18	3.0
무한동력 1	3.5
불꽃 소방대	2.0
개구리 하사 케로로 16	3.0
누가 내 머리에 똥 쌌어?	3.0
무술소년 꼬망	3.5
버스달리다	3.5
슈퍼맨/배트맨 : 공공의 적	2.5
자살토끼	3.5
도라에몽 플러스	4.0
레이브 13	3.0
페어리 테일 4	2.5
스쿨럼블 11	2.5
최유기 리로드 1	3.0
우당탕탕 괴짜가족	4.0
별의 목소리	3.0
나츠메	3.0
스니키 레드 Sneaky Red	3.0
윰보르 1	2.0
금색의 카슈!!	3.5
금색의 갓슈!! 1 13 14 29 30	3.5
나무와 숲	4.0
언더프린	2.5
이 S를, 보라!	3.0
브레이커	2.5
더 파이팅 The Fighting	3.5
서울	2.5
스피릿서클	3.0
표류교실	3.5
천재 유교수의 생활	3.5
문 Moon : 스바루 1	2.5
스바루	3.5
백성귀족	3.5
영능력자 오다기리 쿄코의 거짓말	2.5
오리진 : 세상 모든 것의 기원 1. 보온	2.5
마이언 전기	2.0
흑신 1	2.5
페이건즈	2.0
무뢰전 가이	3.0
최강전설 쿠로사와	3.5
은과 금	3.5
우울증 탈출	3.0
곤 GON	3.0
아르슬란 전기	2.0
폭두 백수 타나카	3.0
폭두직딩 타나카	3.0
골프천재 탄도 Xi	2.5
토성 맨션 1	3.5
시바 아저씨	2.5
월광조례	2.5
요괴소년 호야	4.0
Story 시나리오 어떻게 쓸 것인가	3.5
이라크에서 보물찾기	3.0
Ono Natsume Tesoro 테조로	3.5
수학귀신	3.5
3단합체 김창남	3.5
다이어터 1 : 식이조절 편	3.5
맨발의 겐	3.5
이웃 사람	3.0
그대를 사랑합니다	3.5
왓치맨 Watchmen	3.5
이끼	4.0
배트맨 : 아캄 어사일럼	3.5
킹덤 컴 Kingdom Come	3.0
카츠라아키라	3.5
게이트 세븐	3.0
영웅 초한지 - 전5권	4.0
용비불패	3.5
블레임 Blame!	4.0
군계	2.5
파란색은 따뜻하다	3.0
수상한 레스토랑 세컨즈	3.5
만화의 미래	3.0
4주	3.5
미결 	3.0
S라인	3.0
살인자ㅇ난감 -	4.0
코게빵	3.5
사무라이 디퍼 쿄우 7 13 36 38	2.5
키시베 로한, 루브르에 가다	3.5
도로헤도로 	4.0
스콧 필그림	4.0
할시온 런치	3.0
에덴	3.0
거울이 왔다	3.0
강철의 신사	3.0
파이브 스타 스토리 The Five Star Stories	3.0
마스터 키튼	4.0
댄싱 폴리스맨	3.0
나사 N-A-S-A	3.0
모리 카오루 습유집	3.5
셜리	3.5
고마워, 다행이야	3.0
안녕, 파파	3.0
드래곤 드림	4.0
학규법정 3	2.0
猫のお寺の知恩さん	3.5
카테킨	2.5
후지야마는 사춘기	3.5
만화의 창작	3.0
야마모토 귀 파주는 가게	3.5
전략인간병기 카쿠고	3.5
시구루이	4.0
웨스턴 샷건	3.0
소용돌이 합본판	3.5
생존게임	3.5
아일랜드	2.5
게타로보	3.0
해황기	3.0
맨홀	3.5
도박마	4.0
내일 다시 전화할게	4.5
카페 알파	4.0
치키타 GUGU	4.0
칠색잉꼬	3.5
밀림의 왕자 레오	3.0
리본의 기사	3.0
아야코 세트	3.0
월드	3.5
붓다 애장판	4.5
바닷마을 다이어리	4.0
레벨 E	3.5
사가판 어류도감	3.0
모로호시 다이지로의 기묘한 이야기	3.5
모로호시 다이지로 자선 단편집	3.5
희키 단편선	3.5
스파티드 플라워 Spotted Flower	3.5
스타워즈 :	3.5
디펜스데빌 Defense Devil	2.0
크게 휘두르며 6 9 10 4 13 15	3.5
메텔의 기분	2.5
진시황릉에서 살아남기	3.5
피라미드에서 살아남기	3.5
산에서 살아남기	3.5
지진에서 살아남기	3.5
초원에서 살아남기	3.5
화산에서 살아남기	3.5
빙하에서 살아남기	3.5
사막에서 살아남기	3.0
아마존에서 살아남기	3.5
무인도에서 살아남기	3.5
바다에서 살아남기	3.5
곤충 세계에서 살아남기	3.0
위기탈출 넘버원	2.5
마법천자문	3.0
여탕보고서	3.0
연애혁명	3.0
헬퍼 Hellper	3.5
뚱딴지 만화 명심보감	3.0
뚱딴지 조선시대	3.5
만화 만드는 법	3.5
풋내기 만화 연구소 R	3.0
조각가	4.0
만화의 이해	4.0
라스트맨 Lastman	3.5
The Chase	3.5
염소의 맛	3.5
브래드 할리의 마차	3.0
떠돌이용병 아레스	3.5
보쿠걸	3.0
토리의 유학일기	3.0
해파리 공주	3.5
차를 마시자!! 2	3.5
페피타 pepita (하드커버 특별판, DVD(75분) 포함)	3.0
카멜레온 자일	3.5
슬램덩크 승리학	2.0
슬램덩크	5.0
화봉요원 火鳳燎原	4.0
정글은 언제나 맑음 뒤 흐림 2	3.0
필라멘트 Filament	4.0
카사네	4.0
배트맨 : 다크 나이트 리턴즈	3.5
헬로우 블랙잭	3.5
진눈깨비 소년	3.0
환상	3.5
그=그녀	3.0
파도여 들어다오	3.0
수역 애장판	4.0
악의 꽃 세트 -	4.0
무지갯빛 트로츠키	3.0
현시연	4.0
지어스 Zearth 1	3.0
송곳	3.5
이사	3.0
붉은 꽃다발	3.5
결혼식 전날	2.5
인어의 상처	3.5
야차의 눈동자	3.5
모빌 슈트 건담 디 오리진	3.0
왕도의 개	3.0
바람계곡의 나우시카	4.0
별이 내리는 마을	3.5
보이즈 온 더 런	3.5
유레카 Heureka	4.0
눈의 고개ㆍ검의 춤	4.0
습지생태보고서	3.0
플라네테스	3.5
예스터데이를	3.5
5년생	3.5
어게인!! Again!!	3.5
칼바니아 이야기	3.5
블랙라군	3.0
방랑	4.0
新ブラックジャックによろしく	3.5
그대는 음란한 나의 여왕	2.5
총몽	4.0
아키라 AKIRA	4.0
사랑으로 놀자. 니노미야 히카루 작품집	3.0
은하영웅전설	3.0
사랑은 비가 갠 뒤처럼 1	3.0
실종 일기	4.0
방랑의 에마논	3.0
추억의 에마논 1	3.5
뼈의 소리	4.0
군청학사	3.0
폴리나	3.5
음주가무연구소	3.0
해수의 아이	3.0
양의 노래	3.0
서양골동양과자점	3.0
아이사와 리쿠	3.5
이 세상의 한구석에 -	4.0
리틀 포레스트	3.5
올스타 슈퍼맨 All-Star Superman	3.5
잘자 뿡뿡	3.5
바깥 나라의 소녀 1	3.5
약속의 네버랜드	3.0
판도라 하츠	3.0
아스테리오스 폴립	4.0
3월의 라이온	4.0
덴마 Denma	3.5
해리 포터와 마법사의 돌	3.5
교정 뒤에는 천사가 묻혀있다	2.0
이토준지 자선 걸작집	3.0
신체 찾기	1.5
카케구루이	2.5
배틀로얄	3.5
어서오세요, 305호에!	4.5
패션왕	3.0
아이들은 즐겁다 	3.5
에덴	3.5
빌테면 빌어봐!	3.5
백귀야행	4.0
야, 이노마!	3.0
오디션	3.5
피아노의 숲	3.5
겁쟁이페달 35	3.0
후르츠 바스켓	3.0
신 암행어사 1	3.0
베르사이유의 장미	3.0
일상날개짓 1	3.0
입시명문 사립 정글고등학교	3.5
못잡아 먹어 안달	3.0
선천적 얼간이들	3.0
샌프란시스코 화랑관	3.0
여중생A	4.0
르브바하프 왕국 재건설기	3.5
마기 19	2.5
클레이모어 Claymore 12 3 15 18 19	3.0
강특고 아이들	3.0
합법드러그	2.5
엑스 X	2.5
카드캡터 사쿠라 클리어카드편	3.0
탐나는 도다	2.5
진격의 거인	3.0
나나 NANA 1	3.5
안나라수마나라	2.5
야와라 YAWARA!	3.5
Let's Go!! 이나중 탁구부	3.5
플루토 Pluto	3.5
아기와 나	3.0
칠석의 나라	3.5
이키가미	2.0
일곱빛깔 무지개	2.5
불새	4.0
아돌프에게 고한다	3.5
권법소년	3.0
GTO 애장판	3.0
은수저 Silver Spoon	4.0
큐피드의 장난	3.0
피안도	0.5
고르고 13 -	3.0
블랙 잭 Black Jack	3.5
이누야시키	3.5
めぞん一刻(매종일각)	3.5
3*3 아이즈	3.0
진베	3.0
사원시마	3.0
빌리 배트	3.0
프랑켄 프랑	3.5
사이코메트러	3.5
체리 신드롬	3.0
타임슬립	3.5
좋은사람	3.5
토리야마 아키라 만한전석 1	3.0
만화로 보는 그리스 로마 신화	4.0
코믹 메이플 스토리 오프라인 RPG	1.0
울어라 펜	3.0
프리티 페이스	2.5
누라리횬의 손자 1 3 5 8 12 18 한정판 + 소설판 19	2.5
메다카 박스	2.0
식극의 소마	3.0
은하패트롤 쟈코	3.0
블랙 클로버	2.5
붉은귀신 젠키	2.5
엔젤전설	3.5
네코마인 Nekomain	3.0
기교동자 울티모	3.0
신 테니스의 왕자	2.5
플래티넘 엔드	2.0
천상천하	2.0
유희왕	3.5
좀비파우더	1.5
루키즈	3.0
무적코털 보보보	3.0
투러브 트러블 다크니스	2.5
엠 제로	2.0
스켓-스쿨라이프	2.5
토리코	3.5
시귀	2.5
로젠 메이든 5	2.5
태엽감기 카규	3.0
엘펜리트 elfen lied	2.5
리쿠도	2.5
모험왕 비트	3.5
총몽	2.5
니들리스 Needless	2.0
은여우	3.0
알오디 R.O.D	2.5
바이오메가 Biomega	3.0
고교철권전 터프	2.5
터프	2.5
이노센트	3.0
건어물 여동생 우마루짱 3	2.5
골든 카무이	3.5
디 그레이 맨 1 4 5 6 8 (단행본 + 11 13 16 9 12 19	3.0
테라포마스	2.5
화려한	3.0
근육맨	3.0
북두의 권	3.0
돌격! 남자훈련소	2.5
바스타드	3.0
시티 헌터 City Hunter 1	3.0
마징가-Z	3.0
자학의 시	3.5
우주형제 1 2 3 5	4.0
경계의 린네	3.0
운명의 새	3.0
전무의 개	3.0
P의 비극	3.0
인어의 숲	4.0
시끌별녀석들	3.5
히스토리에 Historie	4.0
호문쿨루스	3.5
20세기 소년	4.0
드래곤 라자	4.0
연금술사	4.0
먼나라 이웃나라	3.0
몬스터	3.5
심야식당	3.5
공룡둘리에 대한 슬픈 오마주	3.5
목소리의 형태	4.0
H2 오리지널	4.0
러프 소장판	3.5
터치	4.0
아이즈	3.5
러브히나	3.0
꼭두각시 서커스	4.0
나만이 없는 거리	3.5
지뢰진	3.5
토끼 드롭스	3.0
드래곤 퀘스트 Dragon Quest 타이의 대모험	4.0
홀리랜드	3.5
엿보기 구멍 1	3.0
사형수 042	4.0
건방진 천사	3.0
드래곤 보이스	3.0
마왕	3.0
카츠 Katsu!	3.0
전영소녀	3.0
All You Need is Kill	3.0
크로우즈	3.0
첫사랑한정	3.0
후지켄	3.0
베리타스	3.0
체인지가이	3.5
식령	2.5
은하전국군웅전 라이	3.0
용비불패	4.0
이끼	4.0
연민의 굴레	3.5
타임 인 조선 -	3.0
신과 함께 : 저승편	3.5
Ho! 1	3.5
죽음에 관하여	3.0
봄이여 오라!	3.5
잠자는	2.5
크로스	2.5
세인트 영멘	3.5
아라카와 언더 더 브리지	3.0
강철의 연금술사	4.0
수신연무	2.0
니세코이 우리는 위장연애중~!	3.0
요츠바랑!	3.5
아즈망가 대왕	3.5
은혼	3.5
하이큐!!	4.0
열혈강호	2.5
나의 히어로 아카데미아 	3.5
청의 엑소시스트	3.0
도쿄 구울	3.5
도쿄 구울:re	1.5
장난을 잘치는 타카기양	3.5
멋지다!! 마사루	3.5
삐리리~ 불어봐! 재규어	3.5
너에게 닿기를	3.5
내 이야기!!	3.5
사카모토입니다만?	3.0
닌자의 왕	2.5
마인탐정	3.5
암살교실	3.0
가정교사 히트맨 리본! 	2.5
엔젤릭 레이어	3.0
쵸비츠	3.0
카드캡터 사쿠라 애장판	3.5
XXX 홀릭	2.5
츠바사	3.0
헬싱	3.5
도박묵시록 카이지	3.0
라이어 게임	3.0
바라카몬	3.0
오늘부터 우리는!!	3.5
도시로 올시다! 세트	3.5
다가시카시	3.0
이누야샤	3.5
위벨 블라트 00	1.5
망량의 상자 1	3.0
유유백서	4.0
헌터x헌터 HunterXHunter	4.5
신세기 에반게리온	3.5
블러드 플러스 BLOOD+	2.5
노다메 칸타빌레	3.5
우리 아기는 외계인	3.5
최유기 1	3.5
최유기 외전 신장판	3.5
최유기 리로드 블래스트	3.5
사도 Sado	2.5
꽃보다 남자	3.0
엠마	4.0
신부이야기	4.0
우에키의 법칙	3.0
충사	4.0
상남	3.0
하야테처럼!	2.5
쿠니미츠의 정치	3.5
포켓몬스터 스페셜 	3.0
탐정학원	3.5
소년탐정 김전일	3.5
누가 울새를 죽였나?	3.5
크르노 크루세이드	3.0
벨제바브	2.0
쿠로코의 농구	3.0
봉신연의	3.5
개그만화 보기 좋은날	3.5
가시나무 왕	3.5
테니스의 왕자 1	2.5
독스 DOGS Bullets & Carnage 2	2.5
명탐정 코난	3.5
맛의 달인	3.0
마법진 구루구루 애장판	3.5
혈계전선	3.0
혈계전선	3.0
달의요정 세일러문	3.0
암스 Arms 완전판	3.0
투 러브 트러블 10 세트	3.0
딸기 100% 17	2.5
창천항로	3.5
그 남자! 그 여자! 	3.0
마의 파편	3.5
러브크래프트 전집 1	3.5
Not Simple	3.5
신과 함께 : 이승편	2.0
신과 함께 : 신화편	2.5
쥐	4.5
치즈 인 더 트랩	3.5
용의 귀여운 일곱 아이 : 쿠이 료코 작품집	4.0
용의 학교는 산 위에	4.0
던전밥	4.5
기생수	5.0
리얼 Real	4.5
백귀야행	4.0
이토 준지의 고양이일기 욘&무	3.0
토미에 PART 소이치의 일기	3.5
지옥별 레미나	3.5
공포의 물고기	3.5
주작의 활	2.5
프리스트	3.0
공각기동대	3.5
고스트 바둑왕	4.5
아인	4.0
일곱 개의 대죄	3.0
꼴찌, 동경대 가다! (신장판)	2.5
큐이디 Q.E.D 1	3.0
월간순정 노자키 군	3.5
닥터 슬럼프 완전판	3.5
드래곤 볼	4.5
드래곤볼 슈퍼	1.0
아이실드21	3.5
원펀맨 One Punch Man	3.5
오란고교 호스트부	3.5
허니와 클로버	4.0
신풍괴도 쟌느	3.0
안녕, 절망선생	1.5
의룡	3.5
심연의 카발리어	1.5
짱	2.5
키드갱	3.5
제트맨 Zetman	3.0
딸기 마시마로	3.0
야뇌 백동수	2.5
푸른머리 무	2.5
크로우즈	3.0
출동! 119구조대 완전판	3.5
미래일기	2.5
데미는 이야기하고 싶어 1	3.0
샤먼킹	4.0
샤먼킹 플라워즈	2.5
신의 물방울 1	3.0
철냄비 짱!	4.0
미스터 초밥왕	3.0
유레카	2.5
오! 나의 여신님 43	2.5
보루토	1.5
Gun Blaze West	2.0
바람의 검심	3.5
바람의 검심 완전판 1	3.5
바람의 검심 키네마 특필판 -	2.0
무장연금	2.5
미도리의 나날	3.0
유리가면	3.5
흑집사	3.0
소울이터 Soul Eater	3.5
무한의 주인	4.0
빨간 망토 차차	3.5
최종 병기 그녀	4.0
스파이럴	3.0
피스 메이커 PEACE MAKER 鐵 쿠로가네	2.5
나와 그녀의 XXX	2.5
이니셜 D	3.5
크레용 신짱	3.5
죠죠의 기묘한 모험	4.0
스틸 볼 런	4.0
천랑열전	3.0
나우 Now	2.5
배가본드	4.0
데스 노트 Death Note	4.0
바쿠만 BAKUMAN	3.5
블루 드래곤 라르 그라드	2.0
환상게임	3.0
만화 삼국지	4.0
힙합	3.0
메르 Mar	2.5
디트로이트 메탈 시티 1	3.5
풀 메탈 패닉	3.0
에어기어 Airgear 7 13 18	2.0
빈란드 사가 Vinland Saga 1	3.5
엔젤전설 애장판	3.5
고독한 미식가	4.0
아이들의 장난감 1	3.5
서랍 속 테라리움	4.0
베르세르크	3.5
따끈 베이커리	3.5
아일랜드	3.0
아스피린	3.5
모브 사이코 100	4.0
The Killing Joke	3.5
아이앰 어 히어로	4.0
난 토마토 절대 안 먹어	3.5
시베리아에서 살아남기	3.5
날 좀 도와줘, 무지개 물고기!	3.5
괴물들이 사는 나라	3.0
열두 살에 부자가 된 키라	3.0
강아지똥	4.0
신기한 스쿨버스	4.0
고양이 낸시	3.0
나쁜 친구	3.0
물은 답을 알고 있다	0.5
두더지	4.0
격투맨 바키	4.5
이런 영웅은 싫어 1	3.0
한마 바키	3.5
완전판 란마 1/2	4.5
블리치	3.0
원피스 ONE PIECE	4.0
나루토 Naruto	4.0
미생	5.0
풀 어헤드! 코코	3.5
