﻿달콤한 노래	4.5
바람이 분다, 가라	4.5
더 걸 비포	3.0
환상의 여인	2.5
마당이 있는 집	4.0
어른이 되어 더 큰 혼란이 시작되었다	4.0
내게 무해한 사람	5.0
폭스파이어	4.5
운빨 로맨스	2.0
계룡선녀전	4.0
친밀한 이방인	4.0
브레이크 다운	4.0
나는 어떻게 너를 잃었는가	2.0
누군가는 거짓말을 하고 있다	1.5
불편한 미술관	3.0
야시	4.0
좁은 문	4.0
키다리 아저씨	1.5
그들의 일상생활	3.5
손 힐	4.0
비밀의 숲	4.5
나를 찾아줘	5.0
유미의 세포들	4.5
비밀독서단	3.5
여자는 총을 들고 기다린다	4.0
더 리더 - 책 읽어주는 남자	4.5
존재의 세 가지 거짓말	5.0
걸 온 더 트레인	3.5
그대 눈동자에 건배	2.5
미친년	4.0
그들도 사랑을 한다	3.0
내가 잠들기 전에	2.5
언틸유아마인	2.5
마지막 패리시 부인	2.5
비하인드 도어	4.5
친절한 복희씨	4.0
끝없는 밤	3.0
토니와 수잔 (영화 포스터 표지)	4.0
마린 블루스 2	3.5
노블레스 Noblesse season	2.5
나이스 진 타임 Nice Jin Time 1	3.0
와라! 편의점	2.5
실질객관동화	4.0
일쌍다반사	3.5
이웃 사람	3.0
두근두근 두근거려	4.0
조명가게	3.0
타이밍	3.0
좋아하면 울리는 1	4.0
입시명문 사립 정글고등학교	4.5
낮에 뜨는 달	4.0
샌프란시스코 화랑관	4.0
네 방에 아마존을 키워라	5.0
침묵의 봄	5.0
목욕의 신	3.5
버자이너 모놀로그	5.0
달콤한 인생	4.0
사씨남정기	0.5
82년생 김지영	4.0
마녀	3.5
샴 SIAM	2.0
방과 후 전쟁활동	3.5
후레자식	2.0
아랫집 시누이	2.5
어서오세요, 305호에!	5.0
렛미인	4.0
페미니즘의 작은 역사	4.0
새들도 세상을 뜨는구나	4.5
독 짓는 늙은이	3.0
소나기	4.0
데스 노트 Death Note	4.0
더 파이팅 The Fighting	3.5
오즈의 마법사	5.0
검은 고양이	4.0
목걸이	4.0
신부님 우리 신부님	4.0
안녕하세요, 하느님? 저 마거릿이에요	4.0
누리야 누리야	4.0
우동 한 그릇	4.0
천국에서 만난 다섯 사람	3.5
폰더 씨의 위대한 하루	3.5
알퐁스 도데 단편선	3.5
메밀꽃 필 무렵 : 이효석 단편전집 1	3.5
이솝 우화집	4.0
아낌없이 주는 나무 - 컬러판	4.5
아낌없이 주는 나무 외	4.0
은근남 카운셀링	3.5
삼봉이발소	3.5
3단합체 김창남	3.5
연민의 굴레	3.0
명탐정 코난	3.0
드래곤 볼	4.0
GTO 애장판	3.5
20세기 소년	3.0
감자 먹는 사람들	4.0
바이올렛	3.5
박시백의 조선왕조실록 1	4.0
지상의 노래	4.0
다섯째 아이	4.5
타인의 고통	5.0
스토너	4.5
잔혹함에 대하여	5.0
선천적 얼간이들	3.5
신과 함께 : 저승편	3.5
신과 함께 : 이승편	3.5
신과 함께 : 신화편	3.5
전자오락 수호대	4.0
조선왕조실톡	4.0
낢부럽지 않은 네팔여행기	3.0
순정만화	2.5
죽음에 관하여	4.0
살인자ㅇ난감 -	4.0
안나라수마나라	4.0
낢이 사는 이야기 시즌2	3.5
S라인	4.0
낢이 사는 이야기 (수첩 포함)	3.5
여탕보고서	4.5
덴마 Denma	5.0
양영순의 천일야화	5.0
기생수	4.0
키스 KISS 애장판	4.0
소녀왕	4.0
성 도체스터학원 살인사건 애장판	4.0
소년탐정 김전일	3.5
디비디 DVD	4.0
언플러그드 보이	4.5
오디션	5.0
슬램덩크	5.0
나는 야위어도 천하는 살찌리라	4.0
미실	4.0
수상한 식모들	3.5
줄무늬 파자마를 입은 소년	4.0
엄마가 날 죽였고, 아빠가 날 먹었네	3.5
혹부리 영감	3.0
아가씨 각본	5.0
바리공주	2.0
초판본 진달래꽃	5.0
남신의주 유동 박시봉방	5.0
초판본 사슴	5.0
입 속의 검은 잎	5.0
이집트 십자가의 비밀	5.0
쥐덫	4.0
부활	4.5
그들	4.5
가장 푸른 눈	5.0
춘향전	4.0
싸우는 여자가 이긴다	4.0
돌아온 셜록 홈즈	4.0
마니아를 위한 세계 미스터리 걸작선	4.0
셜록 홈즈 전집 1 : 공포의 계곡	4.0
셜록 홈즈 전집 1	4.0
배스커빌의 개	4.0
그의 마지막 인사	4.0
네 사람의 서명	4.0
바스커빌 가문의 사냥개	4.0
주홍색 연구	4.0
셜록의 모험	4.0
시계 종이 여덟 번 울릴 때	4.0
초록 눈의 아가씨	4.0
두 가지 미소의 여인	4.0
괴도신사 뤼팽	4.0
뤼팽 대 홈즈	3.5
813의 수수께끼 -	4.0
날개 - 오감도	5.0
이상 소설 전집	5.0
서울, 1964년 겨울	5.0
퇴원	5.0
잔인한 도시	5.0
매잡이	5.0
벌레 이야기	5.0
눈길 「이청준」	5.0
새의 노래	3.5
새의 선물	5.0
그 많던 싱아는 누가 다 먹었을까	4.0
나목.도둑맞은 가난	5.0
엄마의 말뚝	5.0
나목	5.0
죄와 벌	5.0
올리버 트위스트	5.0
크리스마스 캐럴	5.0
비둘기	3.0
좀머 씨 이야기	3.0
깊이에의 강요	3.0
소돔의 120일	2.0
속죄	5.0
안데르센 동화집	5.0
자발적 복종	3.5
어두운 상점들의 거리	4.0
케빈에 대하여	5.0
노인을 위한 나라는 없다	4.5
대성당	5.0
원미동 사람들	5.0
한계령 외	5.0
모순	4.0
스키너의 심리상자 열기	5.0
퇴마록 : 국내편	5.0
하늘과 바람과 별과 詩	5.0
광장/구운몽	5.0
연을 쫓는 아이	4.0
탈무드	5.0
파페포포 다이어리	4.0
모리와 함께한 화요일	4.0
소크라테스의 변명	5.0
코끼리는 생각하지 마	5.0
톨스토이 단편선	5.0
성냥팔이 소녀	5.0
리어 왕	5.0
한여름 밤의 꿈	5.0
빨간 머리 앤	5.0
셜록 홈즈 : 주홍색 연구	5.0
소나기	5.0
페스트	5.0
몽실 언니	5.0
오리엔트 특급살인	5.0
내 영혼이 따뜻했던 날들	3.0
이상한 나라의 앨리스 (한글판 + 영문판 합본)	5.0
하늘과 바람과 별과 詩 필사책	5.0
황태자비 납치사건	2.5
J 이야기	5.0
대지	5.0
바보 이반	4.0
예감은 틀리지 않는다	5.0
독일인의 사랑 - 전2권 (한글판 + 영문판)	4.0
꼬마 니콜라	3.5
변신.시골의사	5.0
무진기행 「김승옥」	5.0
오감도	5.0
이상한 나라의 앨리스	5.0
무궁화 꽃이 피었습니다	3.0
베니스의 상인	5.0
봄.봄 「김유정」	5.0
운수 좋은 날 「현진건」	2.0
어린 왕자	5.0
동물농장	5.0
나무	5.0
정의론	5.0
앵무새 죽이기	5.0
그리고 아무도 없었다	5.0
너무 시끄러운 고독	3.0
난장이가 쏘아올린 작은 공	5.0
향수	5.0
군주론	5.0
칼의 노래	3.5
무진기행	5.0
가시고기	3.0
노인과 바다	5.0
1984	5.0
노르웨이의 숲	2.0
누가 내 치즈를 옮겼을까?	3.0
이방인	5.0
정의란 무엇인가	5.0
데미안	5.0
외딴방	5.0
숨결이 바람 될 때	3.5
나는 가해자의 엄마입니다	5.0
채식주의자	5.0
1년 만에 기억력 천재가 된 남자	3.0
나오미와 가나코	3.5
우리는 모두 페미니스트가 되어야 합니다	5.0
남자들은 자꾸 나를 가르치려 든다	5.0
소년이 온다	5.0
쇼코의 미소	4.0