﻿나만이 없는 거리	4.5
정의란 무엇인가	3.5
FBI 행동의 심리학	3.0
브이 포 벤데타	4.0
만화의 이해	4.0
오렌지	3.0
빅데이터 분석대로 미래는 이루어진다	3.0
화씨 451	4.0
모킹제이	3.0
캣칭 파이어	4.5
헝거 게임	4.0
해리 포터와 저주받은 아이 (스페셜 리허설 에디션 대본)	2.5
해리 포터와 혼혈왕자	3.5
해리 포터와 죽음의 성물	5.0
해리 포터와 불사조 기사단	5.0
해리 포터와 불의 잔	5.0
해리 포터와 아즈카반의 죄수	4.5
해리 포터와 비밀의 방	4.5
해리 포터와 마법사의 돌	4.5
베르세르크	5.0
파수꾼	3.0
앵무새 죽이기	4.5
World War Z	4.0
채식주의자	3.0
1984	4.0
지적 대화를 위한 넓고 얕은 지식 : 현실 세계 편	3.5
만들어진 신	3.5
위대한 개츠비	4.0
목소리의 형태	4.5
더 리더 - 책 읽어주는 남자	4.5
