﻿장하준의 경제학 강의 (반양장)	4.0
약속의 네버랜드	3.0
위험한 요리사 메리	2.0
빈곤의 문제	3.5
우리는 언제나 성에 살았다	4.0
힐 하우스의 유령	4.0
제비뽑기	3.5
술라	4.0
재즈	4.5
실천이성비판	4.5
잃어버린 거리	3.0
시간의 틈	3.0
공산당 선언	4.5
수상한 라트비아인	3.0
괜찮아지는 중입니다	3.0
넌 동물이야, 비스코비츠!	3.0
세월의 거품	3.5
온전한 나로 살지 않은 상처	3.5
재밌다고들 하지만 나는 두 번 다시 하지 않을 일	4.0
소설	4.5
소설 -	4.5
오렌지만이 과일은 아니다	3.0
한밤의 아이들	4.5
다마세누 몬테이루의 잃어버린 머리	4.0
카케구루이	3.5
(뉴 52) 원더 우먼 4 : 전쟁	3.5
도라 브루더	4.0
작은 것들의 신	5.0
추락	4.0
세 가지 이야기	4.0
하느님 이 아이를 도우소서	4.0
행성 대관람차	3.0
빅토리아 시대의 사람들과 사상	4.0
피로 물든 방	4.0
버스데이 걸	3.5
기술적 복제시대의 예술작품	4.0
아메리카나	4.0
노변의 피크닉	3.5
온 뷰티	4.5
예루살렘의 아이히만	4.5
휴먼 스테인	3.5
그해, 여름 손님	3.0
노인과 바다	4.0
시대의 소음	3.5
신혼여행	3.5
한눈팔기	4.0
헤겔의 변증법	4.0
넛셸	2.0
크리스마스 캐럴	5.0
테하누	4.0
아우라	4.0
토니오 크뢰거 / 트리스탄 / 베니스에서의 죽음	4.0
내가 필요하면 전화해	4.0
체호프 단편선	4.5
더블린 사람들	5.0
헤밍웨이 단편선	2.5
대성당	4.5
아직 우리에겐 시간이 있으니까	4.0
최후의 마지막 결말의 끝	2.5
가장 무서운 이야기 사건	3.0
토끼의 아리아	3.5
브로콜리 평원의 혈투	3.0
아직은 신이 아니야	3.5
U, Robot 유, 로봇	2.5
토베 얀손, 일과 사랑	3.0
(뉴 52) 원더 우먼 3 : 철	4.0
플래너리 오코너	4.5
타인의 고통	4.0
디센더 Vol. 2 : 기계 달	4.0
디센더 Vol. 1 : 깡통 별	4.0
사가	3.5
미지의 세계	3.5
(뉴 52) 할리 퀸 :	4.0
할리 퀸 밸런타인데이 스페셜 원샷 1	3.5
할리 퀸 & 수어사이드 스쿼드 만우절 스페셜 원샷	3.0
(뉴 52) 수어사이드 스쿼드 2 : 바실리스크 라이징	3.0
(뉴 52) 수어사이드 스쿼드 1 : 난장판	3.5
샌드맨 The SandMan : 꿈 사냥꾼	3.0
샌드맨 The SandMan : 서곡 디럭스 에디션	3.5
샌드맨 The SandMan	5.0
페이블즈 디럭스 에디션	4.0
(뉴 52) 원더 우먼 2 : 기백	3.0
(뉴 52) 원더 우먼 1 : 피	3.0
거미줄에 걸린 소녀	2.5
여자는 총을 들고 기다린다	3.5
아르테미스	3.0
열정	3.0
좋은 사람은 찾기 힘들다	4.0
다시 태어나다	4.0
부유하는 세상의 화가	4.0
행복한 그림자의 춤	4.5
미움, 우정, 구애, 사랑, 결혼	4.0
디어 라이프	4.0
색채가 없는 다자키 쓰쿠루와 그가 순례를 떠난 해	4.0
자기 앞의 생	2.5
창백한 언덕 풍경	3.5
제5도살장	4.0
우리들의 일그러진 영웅	1.0
모모	4.0
수학귀신	3.5
페스트	3.5
안드로이드는 전기양의 꿈을 꾸는가?	3.5
도매가로 기억을 팝니다	3.5
존재의 세 가지 거짓말	3.5
이토록 달콤한 고통	4.0
바깥은 여름	2.0
침묵의 미래	4.0
자기만의 방	4.5
댈러웨이 부인	5.0
센스 오브 원더	5.0
침묵의 봄	4.5
세계의 끝과 하드보일드 원더랜드	4.5
도쿄 기담집	3.5
여자 없는 남자들	4.0
애프터 다크	4.0
기사단장 죽이기	3.5
불멸	4.0
뫼르소, 살인 사건	3.0
액스	4.5
어둠 속의 희망	4.0
데이빗 린치의 빨간방	2.5
법정의 마녀	2.0
셀	3.0
닥터 슬립 1	2.5
그것	3.5
미스터 메르세데스	2.5
통상 관념 사전	3.5
마담 보바리	4.5
베르나르 베르베르의 상상력 사전	2.5
카산드라의 거울	3.5
나의 오컬트한 일상 : 편	3.0
슬픈 빌라	4.0
런어웨이	5.0
인간 불평등 기원론	4.0
인간의 조건	4.5
파운데이션	4.0
네가 길을 잃어버리지 않게	4.5
지평	4.0
어두운 상점들의 거리	4.5
히로시마 내 사랑	4.0
연인	5.0
올빼미의 울음	4.0
캐롤	4.5
당신은 우리와 어울리지 않아	4.0
동물 애호가를 위한 잔혹한 책	3.5
아내를 죽였습니까	4.0
심연	4.5
열차 안의 낯선 자들	3.0
소피의 세계	3.5
달과 6펜스	2.0
예감은 틀리지 않는다	3.5
나는 고양이로소이다	4.0
농담	4.5
고도를 기다리며	4.0
인간 실격	4.0
무의미의 축제	3.5
쇼코의 미소	3.0
소년이 온다	4.0
그리스인 조르바	1.0
당신 인생의 이야기	4.5
호밀밭의 파수꾼	2.5
참을 수 없는 존재의 가벼움	4.0
동물농장	3.0
데미안	3.5
앵무새 죽이기	3.5
이방인	4.0
1984	2.5
파라다이스	3.0
파인만 씨, 농담도 잘하시네!	3.5
오직 두 사람	3.5
