﻿삼봉이발소	3.0
안나라수마나라	3.0
패션왕	2.0
생활의 참견	4.0
모두에게 완자가	3.0
투명한 동거 1	2.5
이말년 서유기 1	2.5
호랭총각전	2.0
윌유메리미	2.5
와라! 편의점	3.0
마음의 소리	3.5
목욕의 신	3.5
낢이 사는 이야기	4.0
운빨 로맨스	3.0
뽀짜툰	5.0
창백한 말	3.0
오무라이스 잼잼	3.0
다이어터 1 : 식이조절 편	4.0
묘진전	4.0
수업시간 그녀	4.0
혼자를 기르는 법	4.0
남과 여 1	3.0
치즈 인 더 트랩	3.5
낮에 뜨는 달	4.0
월든	3.5
페르세폴리스	5.0
파페포포 투게더	4.0
처음 만나는 돈 키호테	5.0
빙하에서 살아남기	3.0
사막에서 살아남기	3.0
아마존에서 살아남기	3.0
무인도에서 살아남기	3.0
그리고 아무도 없었다	5.0
1리터의 눈물	3.5
몬테크리스토 백작	5.0
열두 살에 부자가 된 키라	3.0
톨스토이 단편선	4.0
노빈손... 해적 선장의 보물을 찾아라	3.0
노빈손의 무인도 완전정복	3.0
아낌없이 주는 나무 (어린이용)	3.5
여탕보고서	3.5
후레자식	3.0
에밀과 탐정들	3.0
소나기	3.0
노빈손, 피라미드의 비밀을 풀어라	3.0
여우와 두루미	3.0
우리 반 인터넷 사이트 고민의 방	3.0
누가 내 머리에 똥 쌌어?	3.0
Ho! 1	3.5
그 남자! 여자! 특별판	4.0
입 속의 검은 잎	4.0
어서오세요, 305호에!	4.0
서양골동양과자점	3.0
쥐	4.0
무서운 게 딱! 좋아!	3.0
마녀를 잡아라	3.5
잠옷 파티	4.0
만화로 보는 그리스 로마 신화	4.0
키다리 아저씨	4.5
수학귀신	3.5
천사가 된 비키	4.0
책 먹는 여우	4.0
사람은 무엇으로 사는가	4.0
내 이름은 삐삐 롱스타킹	4.0
로테와 루이제	3.0
조지, 마법의 약을 만들다	4.0
샬롯의 거미줄	4.0
달빛 조각사	3.0
SKT 7	4.0
드래곤 남매	2.5
이드	3.0
아린 이야기	3.5
드래곤 라자	4.5
눈물을 마시는 새	4.5
홍당무	3.5
늑대의 유혹	3.0
키친	5.0
누가 내 치즈를 옮겼을까?	2.0
마음을 연결하는 집	4.0
건축적 상상력과 스토리텔링	4.0
하리하라의 생물학 카페	2.0
나무	3.5
건축학교에서 배운 101가지	3.0
먼나라 이웃나라	4.0
파페포포 다이어리	3.0
파페포포 메모리즈	4.0
미스터 초밥왕	3.5
인 더 풀	4.5
연금술사	2.0
마시멜로 이야기	2.0
꼬마 니콜라	4.0
나의 라임 오렌지나무	5.0
오체 불만족	2.5
모리와 함께한 화요일	3.0
파페포포 안단테	4.0
안네의 일기	3.5
자살토끼	3.0
지성에서 영성으로	3.0
왜 세계의 절반은 굶주리는가?	3.5
베로니카, 죽기로 결심하다	3.0
해리 포터와 아즈카반의 죄수	3.5
해리 포터와 비밀의 방	3.5
해리 포터와 마법사의 돌	4.0
얼굴 빨개지는 아이	4.5
사랑의 기술	4.0
지적 대화를 위한 넓고 얕은 지식 : 현실 너머 편	3.0
어린 왕자	4.0
나미야 잡화점의 기적	4.0
공산당선언	4.0
코스모스	4.0
세일즈맨의 죽음	3.5
테스	4.0
바람과 함께 사라지다 1	5.0
오만과 편견	5.0
목화밭의 고독 속에서	3.0
고도를 기다리며	3.0
동물농장	5.0
수레바퀴 아래서	3.0
집을, 순례하다	3.0
집을 생각한다	3.0
한국건축 중국건축 일본건축	4.5
참을 수 없는 존재의 가벼움	5.0
스킵 비트!	4.0
최유기 1	3.0
후르츠 바스켓	4.0
크레용 신짱	4.0
양말 도깨비	3.0
입시명문 사립 정글고등학교	4.0
아랫집 시누이	3.0
죽음에 관하여	3.0
여중생A	4.0
못잡아 먹어 안달	3.0
이런 영웅은 싫어 1	3.0
내 어린고양이와 늙은개	4.0
선천적 얼간이들	4.0
용이	4.0
센타로의 일기	3.0
어서와	4.0
XXX 홀릭	3.0
쵸비츠	3.0
츠바사	3.0
카드캡터 사쿠라 클리어카드편	4.0
진격의 거인	3.0
키드갱	4.0
신과 함께 : 저승편	4.0
나루토 Naruto	3.0
나나 NANA 1	3.0
허니와 클로버	4.0
후르츠 바스켓 8	3.0
쇼콜라	4.0
반항하지마 3 13 17 24	4.0
건축설계 도면보는 법	3.0
도둑의 도시 가이드	3.0
채식주의자	3.0
무진기행	3.0
건축가, 빵집에서 온 편지를 받다	4.5
주거해부도감	4.0
철학자와 늑대	4.0
우주의 끝에서 철학하기	4.0
비밀기지 만들기	4.0
낭만적 연애와 그 후의 일상	4.5
불안	5.0
왜 나는 너를 사랑하는가	5.0
또 하나의 로마인 이야기	3.0
로마인 이야기 	5.0
현대 건축의 철학적 모험 1 : 위상학	4.0
1968년 이후의 건축이론	5.0
포스트 모더니즘과 건축이론	4.0
생성의 철학과 건축이론	4.0
해체주의와 건축이론	4.0
구조주의와 건축이론	4.0
현상학과 건축이론	4.0
이성의 명암과 건축이론	4.0
데리다 & 들뢰즈 : 의미와 무의미의 경계에서	5.0
우울할 땐 뇌과학	5.0
감정의 브레이크를 제거하는 법	4.0
텐프리즘 1	4.0
월간순정 노자키 군	4.0
블리치	3.0
우에키의 법칙	3.0
금색의 갓슈!! 1 13 14 29 30	3.0
달빛천사	3.0
오란고교 호스트부	4.0
유희왕	3.0
디 그레이 맨 1	3.0
신 암행어사 1	4.0
충사	4.0
노다메 칸타빌레	4.0
토리코	3.0
샤먼킹	3.0
테니스의 왕자 1	3.0
소년탐정 김전일	3.0
명탐정 코난	3.0
바람의 검심	3.0
보노보노	4.0
닥터 슬럼프 완전판	4.0
아이실드21	4.0
봉신연의	4.0
후르츠 바스켓	3.0
미운 오리 왕자님	4.5
나와 그녀의 XXX	5.0
그=그녀	4.0
정글은 언제나 맑음 뒤 흐림 2	5.0
아즈망가 대왕	5.0
터치	3.0
더 파이팅 The Fighting	3.0
너에게 닿기를	3.0
요츠바랑!	5.0
의룡	3.0
도라에몽 플러스	4.0
헬싱	3.0
고스트 바둑왕	3.0
불새	3.0
드래곤 볼	4.0
죠죠의 기묘한 모험	4.0
헌터x헌터 HunterXHunter	4.0
총몽	3.0
GTO 애장판	4.0
배가본드	4.0
베르세르크	5.0
슬램덩크	4.0
호문쿨루스	4.0
디트로이트 메탈 시티 1	4.0
삐리리~ 불어봐! 재규어	4.0
꼭두각시 서커스	4.5
은혼	4.0
원피스 ONE PIECE	4.0
레이브 13	4.0
엽기인 Girl 스나코 16	3.0
엽기인 Girl 스나코 7	3.0
엽기인 Girl 스나코 10	3.0
유리가면	5.0
꽃보다 남자	5.0
기생수	4.0
도박묵시록 카이지	4.0
몬스터	4.0
스바루	5.0
문 Moon : 스바루 1	4.0
몸의 일기	3.0
앵무새 죽이기	5.0
여자 없는 남자들	4.5
오베라는 남자	4.5
편의점 인간	5.0
