﻿나무	3.5
종의 기원	3.5
해리 포터와 죽음의 성물	4.5
해리 포터와 불사조 기사단	4.5
해리 포터와 불의 잔	4.0
해리 포터와 아즈카반의 죄수	4.5
헝거 게임	4.5
물리학자는 영화에서 과학을 본다	3.0
브랜드와 디자인의 힘	4.0
모든 비즈니스는 브랜딩이다	4.5
러브마크: 브랜드의 미래	4.5
무인양품 디자인	3.5
대중 유혹의 기술	3.5
만약 헤밍웨이가 자바스크립트로 코딩한다면	3.5
배민다움 (한정판)	4.0
미움받을 용기 2	2.5
해리 포터와 저주받은 아이 (스페셜 리허설 에디션 대본)	5.0
대세를 만드는 크리에이티브	2.5
나는 광고로 세상을 움직였다	4.0
누가 내 머릿속에 브랜드를 넣었지?	3.0
속죄	2.0
카피책	4.0
파리대왕	2.5
유시민의 글쓰기 특강	4.0
사치는 어떻게 생각할까?	4.0
[보급판] 스키너의 심리상자 열기	3.0
광고인이 말하는 광고인	3.0
망치	3.0
메타생각 Meta-Thinking	3.5
끌리는 컨셉의 법칙	4.0
카피 쓰는 기술	3.5
10대와 통하는 미디어	3.5
나는 3D다	4.0
열일곱 살의 털	3.5
여덟 단어	4.0
책은 도끼다	3.0
포지셔닝	4.0
왜 나는 너를 사랑하는가	3.5
멋진 신세계	2.5
인문학으로 광고하다	3.5
수수께끼 풀이는 저녁식사 후에	4.0
브랜드 아이덴티티 불변의 법칙 100가지	3.0
블레이드 1	2.5
꼬마 난장이 미짓	2.5
스쿼시	3.5
리버 보이	3.0
웃음	4.0
스타시커	4.0
위저드 베이커리	3.0
1984	4.5
FBI 행동의 심리학	3.0
위대한 개츠비	5.0
하악하악	2.5
미움받을 용기	2.5
해리 포터와 비밀의 방	4.0
위험한 과학책	4.0
해리 포터와 혼혈왕자	4.0
해리 포터와 마법사의 돌	5.0
혼자 있는 시간의 힘	0.5
