﻿인형의 집	4.5
마지막 수업	3.5
심플하게 산다	3.5
어금니 아빠의 행복	0.5
인형은 왜 살해되는가	4.5
빅 데이터, 세상을 이해하는 새로운 방법	3.5
사랑을 찾아 돌아오다	3.0
스쿼시	2.5
안나 카레니나	3.5
빨간 머리 앤	3.0
그리스인 조르바	4.0
안네의 일기	4.5
무지개 원리	3.0
설득의 심리학	3.0
파페포포 다이어리	1.5
0의 살인	3.0
TV동화 행복한 세상 1	3.0
위저드 베이커리	3.0
개념원리 수학 1 (2017년용)	4.0
노빈손, 피라미드의 비밀을 풀어라	3.5
오줌 멀리싸기 시합	2.0
콩쥐팥쥐	2.5
금도끼 은도끼	3.0
작은 아씨들	3.5
미시경제학	4.0
선물	3.0
맨큐의 경제학	4.0
플랜더스의 개	4.0
유럽 자동차 여행 123일	4.0
백설공주	3.0
토끼와 거북이	3.0
개미와 베짱이	3.0
사금파리 한 조각	3.0
그리스인 조르바 (한글판)	3.5
달빛 조각사	1.0
목적이 이끄는 삶	3.0
모비 딕 -	3.5
쇼킹한 게 딱 좋아	3.0
황당한게 딱! 좋아!	2.0
무서운 게 딱! 좋아!	3.5
삼국지	4.5
뚱딴지 만화 명심보감	3.0
뚱딴지 조선시대	3.5
구토	4.5
마지막 수업	3.0
아낌없이 주는 나무	3.5
변신.시골의사	4.0
7년 후	2.5
어린 왕자	3.5
로즈메리의 아기	2.5
나는 전설이다	4.0
제로의 사역마 8 10 일러스트 콜렉션 + 이미지 엽서 4매) 15 1 21	3.5
어게인	3.5
이웃 사람	3.0
그대를 사랑합니다	4.0
도쿄 타워	2.0
하농 60 피아노 연습곡	3.5
체르니 40 피아노 연습곡	3.5
체르니 30 피아노 연습곡	4.0
체르니 100 피아노 연습곡	3.5
세상에 하나뿐인 나만의 바이엘 3 (스프링)	4.0
세상에 하나뿐인 나만의 바이엘 4 (스프링)	4.0
세상에 하나뿐인 나만의 바이엘 2 (스프링)	4.0
세상에 하나뿐인 나만의 바이엘 1 (스프링)	3.5
죽음의 중지	2.0
수난이대 「하근찬」	4.0
사랑손님과 어머니	3.5
봄.봄 「김유정」	4.0
서번트 리더십	2.5
베팅하는 한국사회	4.0
아동 수집가	3.0
탈주자	3.5
61시간	3.0
원 샷	3.5
추적자	4.0
환상의 여인	3.5
아파트	4.0
타이밍	3.5
소가 된 게으름뱅이	3.0
안내견 탄실이	3.5
자전거 도둑	3.0
기본 수학의 정석 수학 1 (2017년용)	4.5
돌아온 진돗개 백구	3.5
하치 이야기	3.5
햇빛사냥	3.0
노빈손 아이스케키 공화국을 구하라	3.5
몽실 언니	3.5
메밀꽃 필 무렵	3.5
노빈손 에버랜드에 가다!	3.5
노빈손의 시끌벅적 일본 원정기	4.0
노빈손의 아마존 어드벤처	4.0
노빈손의 남극 어드벤처	4.0
노빈손... 해적 선장의 보물을 찾아라	4.0
노빈손의 무인도 완전정복	4.0
로빈슨 크루소 따라잡기	4.5
이솝 우화집	4.0
아낌없이 주는 나무 (어린이용)	3.0
죽은 시인의 사회	4.0
인페르노	3.5
로스트 심벌	3.0
범인에게 고한다	3.0
범인에게 고한다	3.0
밀실살인게임 마니악스	3.0
64	3.0
리라장 사건	3.5
베르베르 독자들이 쓴 나무 2	4.0
한국 공포 문학 단편선 2	2.0
한국 공포 문학 단편선	4.0
몸	2.5
악의	3.5
리콜	4.5
대유괴	2.5
바람의 화원	3.5
1만 시간의 법칙	3.5
죄와 벌	4.0
피츠제럴드 단편선	3.0
젊은 예술가의 초상	3.5
아메리칸	3.5
레미제라블	4.5
눈길 「이청준」	3.5
젊은 베르테르의 슬픔	4.0
로빈슨 크루소	3.5
여자를 증오한 남자들	4.0
레 미제라블 (한글판 + 영문판)	4.0
레 미제라블	4.0
유리알 유희	4.0
환상소설집	3.0
천사의 부름	3.0
죽기 전에 꼭 봐야 할 영화 1001	4.0
살수	3.0
천년의 금서	3.5
싸드 THAAD	3.0
리버 보이	3.0
종이 여자	4.0
당신 없는 나는?	3.5
만화로 보는 그리스 로마 신화	4.0
나니아 연대기	4.5
눈먼 자들의 도시	3.0
그 후에	3.0
당신, 거기 있어 줄래요?	3.5
아마존에서 살아남기	3.5
무인도에서 살아남기	4.0
사막에서 살아남기	3.5
빙하에서 살아남기	3.5
사랑하기 때문에	3.5
자살토끼	2.0
화산에서 살아남기	2.0
초원에서 살아남기	3.0
바다에서 살아남기	3.0
동굴에서 살아남기	2.5
산에서 살아남기	2.0
지진에서 살아남기	3.0
남극에서 살아남기	2.5
셜록 홈즈 : 실크 하우스의 비밀	3.0
괴도 신사 뤼팽	3.0
구해줘	3.0
메이즈 러너	4.0
데스 큐어	3.0
스코치 트라이얼	4.0
어나더	3.0
완득이	2.0
황금붓의 소녀	4.0
백년 동안의 고독	3.5
롤리타	2.0
폭풍의 언덕	4.0
제인 에어 	4.0
몽실 언니	3.0
공부하다 죽어라	0.5
파브르 곤충기	3.0
아프간	1.0
리스크와 보험	4.0
인적자원관리	3.0
생산관리	4.0
소비자행동	4.5
금융기관론	4.0
2014 최대리 전산회계 1급 실기 + 필기	4.0
광고와 프로모션	3.0
조직과 인간행동	3.0
인지심리학	4.0
산업 및 조직심리학	4.0
2017 세법개론 (이만우 외)	4.5
전갈의 아이	3.0
숲	3.5
마법천자문	3.5
ETS 신토익 공식종합서 RC (리딩) 출제기관 독점 공개	4.5
2016 최대리 전산세무 2급 (실기 + 필기)	4.0
노인과 바다	3.0
미운 오리 새끼	2.0
모모	2.0
노르웨이의 숲	1.0
오체 불만족	3.0
나의 라임 오렌지나무	3.5
우동 한 그릇	2.0
먼나라 이웃나라	2.5
어린 왕자	3.0
원미동 사람들	3.0
천사와 악마	2.5
천 개의 찬란한 태양	3.0
연을 쫓는 아이	4.0
빅 픽처	3.5
그리스로마신화	4.0
보물섬	4.0
80일간의 세계일주	4.0
걸리버 여행기	4.0
소중한 내 아들에게만 전해주고 싶은 아버지의 편지	4.0
갈매기의 꿈	3.5
카네기 인간관계론	5.0
설득의 심리학 2	3.5
설득의 심리학	4.0
긍정이 걸작을 만든다	3.0
가난한 사람들	3.5
끌리는 사람은 1%가 다르다	2.5
대위의 딸	4.0
진보의 그늘	2.5
18시간 몰입의 법칙	4.5
리턴 투 베이스	3.5
좋은 기업을 넘어... 위대한 기업으로	3.5
골퍼와 백만장자	3.5
부자의 생각 빈자의 생각	2.5
데빌스 스타	3.5
스노우맨	4.5
레드브레스트	4.0
마리오네트의 덫	4.0
깊은 상처	3.5
바람을 뿌리는 자	4.0
백설공주에게 죽음을	3.5
브로큰 쇼어	2.5
검은 집	4.5
유리 망치	3.5
악의 교전	3.0
푸른 불꽃	3.5
페널티킥 앞에 선 골키퍼의 불안	3.5
아우라	3.5
위대한 유산	4.0
말	3.5
에덴의 동쪽	4.0
에덴의 동쪽 -하	4.0
에덴의 동쪽 -상	3.5
분노의 포도	4.0
로미오와 줄리엣	4.0
포스트맨은 벨을 두번 울린다	3.5
욕망이라는 이름의 전차	3.5
연인	3.5
연초 도매상	4.0
그리스인 조르바 1	3.5
시르트의 바닷가	3.5
나사의 회전	3.5
시계태엽 오렌지	3.5
크눌프	3.5
달콤 쌉싸름한 초콜릿	3.0
방드르디, 태평양의 끝	4.5
부활	3.5
질투	5.0
내가 죽어 누워 있을 때	4.0
이솝우화	4.5
영혼의 집	4.0
1984	3.5
구운몽	3.5
황야의 이리	4.0
나르치스와 골드문트	5.0
싯다르타	4.0
모래의 여자	4.0
조서	4.5
수레바퀴 아래서	4.0
고도를 기다리며	4.0
다섯째 아이	3.5
파우스트	3.5
주홍 글자	3.5
암흑의 핵심	3.0
허클베리 핀의 모험	3.5
변신	4.0
햄릿	3.5
천사의 나이프	4.5
악마의 공놀이 노래	3.0
삼수탑	3.5
살인의 해석	4.0
붉은 손가락	3.0
플래티나 데이터	2.0
방과 후	3.0
용의자 X의 헌신	3.5
6시간 후 너는 죽는다	3.0
제노사이드	3.5
그레이브 디거	4.0
13계단	4.5
살인자들의 섬	4.0
부드러운 볼	3.0
아웃	4.0
벚꽃지는 계절에 그대를 그리워하네	3.5
밀실살인게임	4.0
밀실살인게임 2.0	3.0
외딴집 	3.0
도망자	3.0
실종자	3.5
원죄자	4.5
살육에 이르는 병	3.5
모방범	4.5
토지 	4.0
아리랑	4.0
한강	4.5
운수 좋은 날 「현진건」	2.0
우리들의 일그러진 영웅	3.0
파이 이야기	3.0
소나기	3.0
농담	3.0
고백	3.0
파리대왕	2.5
해리 포터와 마법사의 돌	3.0
카라마조프 가의 형제들	4.0
멈추면, 비로소 보이는 것들	3.5
위대한 개츠비	3.0
연금술사	1.0
마시멜로 이야기	3.5
파피용	3.0
난장이가 쏘아올린 작은 공	3.0
연탄길	3.5
톨스토이 단편선	3.0
탈무드	3.0
동물농장	3.0
아홉살 인생	3.0
설국	3.0
태백산맥	3.5
오만과 편견	4.0
참을 수 없는 존재의 가벼움	3.5
정의란 무엇인가	3.5
인간 실격	4.0
엄마를 부탁해	4.0
차라투스트라는 이렇게 말했다	3.5
나미야 잡화점의 기적	3.0
나무	3.5
뇌	3.0
아프니까 청춘이다	2.0
데미안	4.5
해리 포터와 비밀의 방	3.0
정글만리	3.5
호밀밭의 파수꾼	4.0
신	3.0
우리들의 행복한 시간	3.0
가시고기	3.0
마시멜로 두 번째 이야기	3.0
그리고 아무도 없었다	2.0
이방인	3.5
