﻿혼자서 완전하게	4.5
아직, 불행하지 않습니다	4.0
괭이부리말 아이들	3.0
메밀꽃 필 무렵	4.5
살인자ㅇ난감 -	5.0
무라카미 하루키 잡문집	3.0
종의 기원	3.5
내 심장을 쏴라	4.5
28	4.0
7년의 밤	4.0
힘 빼기의 기술	4.0
달과 6펜스	4.0
모랫말 아이들	3.0
노인과 바다	4.5
이방인	4.0
앵무새 죽이기	5.0
태도에 관하여	3.0
여름, 어디선가 시체가	4.0
나는 단순하게 살기로 했다	3.5
내 생애의 아이들	5.0
엄마를 부탁해	3.0
누가 내 치즈를 옮겼을까?	3.0
위대한 개츠비	3.0
어디선가 나를 찾는 전화벨이 울리고	0.5
강신주의 감정수업	4.0
해리 포터와 비밀의 방	5.0
봉순이 언니	3.5
호밀밭의 파수꾼	4.5
나무	3.5
오직 두 사람	4.5
우리에겐 언어가 필요하다	4.0
나미야 잡화점의 기적	3.5
살인자의 기억법	2.5
82년생 김지영	3.5
바깥은 여름	4.5
