﻿하필 그리움을 당신에게 엎질렀다	3.0
M.나비	3.5
오만과 편견	4.0
행복에 대한 거의 모든 것들	4.0
햄릿	3.5
위대한 개츠비	4.5
지적 대화를 위한 넓고 얕은 지식 : 현실 세계 편	4.5
피렌체 예술 산책	3.0
인류의 꽃이 된 도시, 피렌체	4.0
7박 8일 피렌체	2.0
시간이 정지된 박물관, 피렌체	3.5
천재들의 도시 피렌체	4.0
동양사상의 이해	3.0
국가란 무엇인가	4.0
읽어보시집 2 : 당신을 응원해요	1.0
읽어보시집	1.0
살인자의 기억법	4.0
룸	4.0
철학의 세 가지 질문	3.5
여섯 번째 대멸종	3.0
홍차의 세계사, 그림으로 읽다	3.0
여자라면 힐러리처럼	2.0
동양철학 에세이 2	3.0
동양철학 에세이 1	3.0
