﻿완득이	4.0
찰리와 초콜릿 공장 	4.0
21세기를 위한 21가지 제언	3.5
호모 데우스	4.5
The Hunger Games	4.0
사피엔스	5.0
어쩌면 별들이 너의 슬픔을 가져갈지도 몰라	4.0
수선화에게	4.0
보노보노처럼 살다니 다행이야	4.5
꽃을 보듯 너를 본다	5.0
The Hunger Games	4.0
Enjoy 호주	3.5
Enjoy 홍콩	4.0
질풍론도	3.5
몽환화	2.5
연애의 행방	3.5
나미야 잡화점의 기적	4.5
살면서 쉬웠던 날은 단 하루도 없었다	3.5
탐스 스토리	3.0
나에게 고맙다	3.0
동물들의 슬픈 진실에 관한 이야기	3.5
신경 쓰지 않는 연습	4.0
철학, 역사를 만나다	3.0
스터디 코드	4.0
유쾌한 심리학	3.5
우리는 차별에 찬성합니다	4.0
신사고 쎈 확률과 통계 (2017년)	4.0
신사고 쎈 미적분 1 (2017년)	4.0
친절한 회계원리	4.0
이방인	3.5
한국사 편지	3.5
손도끼	4.0
제가 살고 싶은 집은	3.5
깡통 소년	4.0
두 얼굴의 나라 미국 이야기	3.5
속담 속에 숨은 과학	4.0
한국의 명시 베스트 20	3.0
버티는 삶에 관하여	3.5
창문 넘어 도망친 100세 노인	4.0
하악하악	3.5
톨스토이 단편선	4.0
도쿄 구울:re	3.5
도쿄 구울	4.0
죽음에 관하여	5.0
서울 시 2	3.5
서울 시	4.0
인생 따위 엿이나 먹어라	3.0
우지은의 스피치 시크릿 21	3.0
할 수 있다! 퀀트 투자	5.0
파인 다이닝의 첫걸음	4.0
장외주식 투자 불변의 법칙	3.5
만화로 보는 그리스 로마 신화	4.0
이현세 만화 한국사 바로보기 1	3.5
영웅 초한지 - 전5권	4.5
수호지	3.5
이문열 이희재 만화 삼국지 세트 -	4.0
곤충세계에서 살아남기 1	3.5
우주에서 살아남기	3.5
바이러스에서 살아남기	3.5
진시황릉에서 살아남기	3.5
시베리아에서 살아남기	3.5
피라미드에서 살아남기	4.0
공룡세계에서 살아남기	3.5
곤충 세계에서 살아남기	3.5
남극에서 살아남기	3.5
산에서 살아남기	4.0
동굴에서 살아남기	3.5
지진에서 살아남기	4.0
초원에서 살아남기	3.5
화산에서 살아남기	3.5
바다에서 살아남기	3.5
빙하에서 살아남기	3.5
아마존에서 살아남기	3.5
사막에서 살아남기	3.5
무인도에서 살아남기	3.5
슬램덩크	5.0
완득이	4.0
괴짜경제학	4.0
넛지	3.5
모멘트	4.0
빅 픽처	4.0
