﻿아내를 모자로 착각한 남자	4.0
염소의 축제	3.5
파과	3.5
비행운	5.0
데드풀	4.0
스파이더맨 / 데드풀 이슈	4.0
데드풀의 마블 유니버스 죽이기	2.5
게으른 자를 위한 변명	2.5
바깥은 여름	4.5
쥐	3.5
종의 기원	3.5
느림	3.5
이갈리아의 딸들	4.5
혐오표현, 자유는 어떻게 해악이 되는가?	3.0
모브 사이코 100	5.0
맨박스	3.0
7년의 밤	3.0
위대한 개츠비	3.5
나는 왜 저 인간이 싫을까?	2.5
어려운 건 모르겠고, 돈 버는 법을 알려주세요	3.0
전쟁은 여자의 얼굴을 하지 않았다	4.5
우아한 관찰주의자	3.0
틈새 보이스	3.0
계엄령의 밤	2.0
말의 품격	2.5
저스티스맨	4.0
아몬드	3.5
골목길에서 자본주의의 대안을 찾다	2.5
이 얘기 계속해도 될까요?	1.5
어떻게 사게 할 것인가	2.5
러브 레플리카	3.0
다수를 위한 소수의 희생은 정당한가?	3.0
나는 과학이 말하는 성차별이 불편합니다	3.5
캐롤	3.5
