﻿대학일기	4.0
인간의 마음을 사로잡는 스무 가지 플롯	4.0
시나리오란 무엇인가	4.0
진중권의 미학 오디세이 1 (20주년 기념판)	4.5
논어	4.5
나미야 잡화점의 기적	4.5
소년이 온다	5.0
칼자국 외	4.5
침묵의 미래	4.5
어디로 가고 싶으신가요 Where Would You Like To Go?	4.5
김애란 : 성탄특선 Christmas Specials	4.5
맥베스	4.5
영웅 초한지 - 전5권	4.0
나와 나타샤와 흰 당나귀	4.5
시베리아에서 살아남기	3.5
네 손가락의 피아니스트 희아의 일기	4.0
어떻게 살 것인가	5.0
근육맨	3.5
블리치	4.0
유희왕	3.5
너에게 하고 싶은 말	3.0
바깥은 여름	5.0
침이 고인다	5.0
카프카 단편선	4.5
카프카 단편집	4.5
비주얼 스토리	4.0
검은 꽃	5.0
왜 세계의 절반은 굶주리는가?	3.5
채근담	4.0
오즈의 마법사	4.0
짱뚱이의 우리는 이렇게 놀았어요	3.5
나쁜 어린이표	3.5
동물과 대화하는 아이 티피	3.5
돼지책 (100쇄 기념판)	3.0
내 이름은 삐삐 롱스타킹	3.0
두근두근 내 인생 (큰글자도서)	4.0
보물선	5.0
텔레비전 제작론	3.0
글쓰기의 공중부양	4.0
은밀하게 위대하게 슬럼버	3.5
이말년 씨리즈 2	4.5
2010 마음의 소리 Ver.1	5.0
바보	4.0
문유	4.0
2011 마음의 소리 Ver.1	5.0
2010 마음의 소리 Ver.2	5.0
입시명문 사립 정글고등학교	4.0
죽기 전에 꼭 봐야 할 영화 1001편	3.0
아파트	3.5
2013 마음의 소리 Ver.1	5.0
구운몽	4.0
거장의 노트를 훔치다	4.0
달려라, 아비 (큰글자도서)	5.0
노블레스 Noblesse season	4.0
어린 왕자	4.5
죽음에 관하여	4.0
빨강머리 앤	4.0
왜 세계의 절반은 굶주리는가? (한정판)	4.0
Twilight	0.5
삼국지	4.0
바리데기	4.0
피로사회	4.0
다 빈치 코드	1.0
위대한 영화의 편집 문법	3.0
마스터 숏	3.5
영화를 좋아하는 사람이라면 꼭 알아야 할 70가지	3.0
안네의 일기	4.5
영화 스토리텔링	3.5
조선왕조실톡	4.0
초콜릿 전쟁	4.5
노빈손 정조대왕의 암살을 막아라	4.0
리버 보이	4.0
우주에서 살아남기	3.5
공룡세계에서 살아남기	3.5
곤충세계에서 살아남기 1	3.5
아낌없이 주는 나무 (어린이용)	3.5
호첸플로츠 또 다시 나타나다 3	3.5
호첸플로츠 다시 나타나다! 2	3.5
Why? 사춘기와 성	3.5
달빛 조각사	4.0
만년샤쓰	4.0
노빈손의 시끌벅적 일본 원정기	4.0
뚱딴지 조선시대	4.0
만화로 배우는 21세기 명심보감	4.0
선인장 호텔	4.0
난 토마토 절대 안 먹어	3.5
개미와 베짱이	3.5
으악! 너무 너무 무섭다!	4.0
오싹오싹 팡팡 공포특급	4.0
수호지	4.0
괴물	4.0
오성과 한음	3.5
벌거벗은 임금님	3.5
원펀맨 One Punch Man	4.0
2012 마음의 소리 Ver.1	5.0
이누야샤	4.0
크레용 신짱	4.5
역전! 야매요리 1	4.0
아따맘마	4.0
21세기 먼나라 이웃나라	4.5
단편영화 제작 가이드	4.0
미장센	4.0
어린왕자	4.0
페스트	4.0
톰 소여의 모험	4.0
몽실 언니	4.0
진격의 거인	4.0
꼬마 니콜라	4.0
꺼삐딴 리	4.0
마틸다 (반양장)	4.0
나루토 Naruto	4.0
마당을 나온 암탉	4.0
어린 왕자	4.0
삼국지	5.0
강철의 연금술사	5.0
걸리버 여행기	4.0
신과 함께 : 신화편	4.0
데스 노트 Death Note	4.0
신과 함께 : 이승편	4.5
우리들의 일그러진 영웅	4.0
아홉살 인생	4.0
비행운	5.0
시간을 달리는 소녀	3.0
당신의 고민은 안녕하세요	5.0
영화를 뒤바꾼 아이디어 100	3.5
영화사를 바꾼 명장면으로 영화 읽기	4.0
찰리 채플린, 나의 자서전	5.0
찰리 채플린	5.0
단편영화 시나리오 이렇게 쓴다	3.5
시나리오 고쳐 쓰기	3.5
좋은 시나리오의 법칙	3.0
한국형 시나리오 쓰기	3.5
영화의 이해	5.0
영화연출론	4.5
시네 클래스	4.0
영화 비평 : 이론과 실제	3.5
학교에서 영화 찍자	4.5
Save the Cat! : 모든 영화 시나리오에 숨겨진 비밀	3.5
Save the Cat! : 흥행하는 영화 시나리오의 8가지 법칙	4.5
하늘과 바람과 별과 詩	5.0
외모지상주의 1	3.5
패션왕	4.0
이말년 서유기 1	4.0
노블레스 Noblesse season	4.0
갓 오브 하이스쿨	4.0
와라! 편의점	4.0
오렌지 마말레이드	4.0
마음의 소리	5.0
연애혁명	3.5
이말년 씨리즈	4.0
생활의 참견	4.0
그대를 사랑합니다	4.5
방과 후 전쟁활동	4.0
3단합체 김창남	4.0
신과 함께 : 저승편	5.0
아낌없이 주는 나무	4.0
어린 왕자	4.5
허생전	4.0
성냥팔이 소녀	4.0
삼봉이발소	4.5
26년	4.0
하늘과 바람과 별과 詩 필사책	5.0
Story 시나리오 어떻게 쓸 것인가	5.0
똥벼락	3.0
책 먹는 여우	3.5
늑대가 들려주는 아기돼지 삼형제 이야기	4.0
팥죽 할머니와 호랑이	3.5
만화로 보는 그리스 로마 신화	4.0
나니아 연대기	4.0
바다에서 살아남기	4.5
초원에서 살아남기	4.0
남극에서 살아남기	4.0
지진에서 살아남기	4.0
산에서 살아남기	4.0
동굴에서 살아남기	4.0
수학귀신	4.0
오체 불만족	4.0
이웃 사람	3.5
소가 된 게으름뱅이	4.0
자전거 도둑	3.5
곤충 세계에서 살아남기	4.0
강아지똥	4.0
왕도둑 호첸플로츠 1	4.0
신기한 스쿨버스	4.0
무서운 게 딱! 좋아!	4.0
이라크에서 보물찾기	4.0
마법천자문	3.5
명탐정 코난	4.0
무한동력 1	4.0
노빈손의 으랏차차 중국 대장정	4.0
노빈손, 피라미드의 비밀을 풀어라	4.0
노블레스	3.5
코믹 메이플 스토리 오프라인 RPG	3.5
마시멜로 두 번째 이야기	3.5
바보처럼 공부하고 천재처럼 꿈꿔라	3.5
뚱보, 내 인생	3.5
무인도에서 살아남기	4.0
빙하에서 살아남기	4.0
아마존에서 살아남기	4.0
화산에서 살아남기	4.0
사막에서 살아남기	4.0
이문열 이희재 만화 삼국지 세트 -	4.5
은밀하게 위대하게	4.5
후레자식	5.0
21세기 먼나라 이웃나라 9	4.5
해리 포터와 비밀의 방	4.0
원피스 ONE PIECE	4.5
메이즈 러너	4.0
찰리와 초콜릿 공장 	4.0
마당을 나온 암탉 (반양장)	4.0
완득이	4.5
데뷔의 순간	4.0
달려라, 아비	5.0
오빠가 돌아왔다	5.0
무슨 일이 일어났는지는 아무도	5.0
호출	5.0
엘리베이터에 낀 그 남자는 어떻게 되었나	5.0
변신	5.0
두근두근 내 인생	4.0
플랜더스의 개	4.0
해리 포터와 불의 잔	4.0
해리 포터와 죽음의 성물	4.0
콩쥐팥쥐	4.0
흥부와 놀부	4.0
토끼와 거북이	4.0
금도끼 은도끼	4.0
선녀와 나무꾼	4.0
여우와 두루미	3.5
남쪽으로 튀어!	5.0
해리 포터와 아즈카반의 죄수	4.0
해리 포터와 불사조 기사단	4.0
해리 포터와 혼혈왕자	4.0
완득이	4.0
오직 두 사람	4.5
살인자의 기억법	5.0
먼나라 이웃나라	4.0
어린 왕자	4.0
파피용	4.0
해리 포터와 마법사의 돌	4.0