﻿28	2.5
내게 무해한 사람	5.0
죽여 마땅한 사람들	3.5
해리	3.0
수리부엉이는 황혼에 날아오른다	3.5
어쨌든 미술은 재밌다	3.0
괜찮은 척은 그만두겠습니다	1.0
나, 있는 그대로 참 좋다	3.0
사카모토입니다만?	2.5
라플라스의 마녀	3.5
말투 하나 바꿨을 뿐인데	1.0
생활 예절	1.0
기사단장 죽이기	3.5
죽고 싶지만 떡볶이는 먹고 싶어	1.5
20세기 소년	3.5
데스 노트 Death Note	4.0
블랙코미디	3.0
블로노트	0.5
