﻿그레이의 50가지 그림자	2.0
우리는 마약을 모른다	4.0
혐오의 미러링	3.5
불교를 철학하다	4.0
문화정치학의 영토들	3.5
아름다운 마무리	4.0
가난하다고 꿈조차 가난할 수는 없다	3.0
뒹구는 돌은 언제 잠 깨는가	4.0
오직 두 사람	5.0
세계사를 바꾼 10가지 약	3.5
나를 보는 당신을 바라보았다	4.0
제5도살장	4.5
그로테스크	4.0
나를 부르는 숲	3.5
소설	4.5
대학생이 된 당신을 위하여	3.5
칼의 노래	4.5
차별 감정의 철학	2.5
정재승의 과학 콘서트	4.0
일베의 사상	3.5
1F/B1 일층, 지하 일층	4.0
반딧불이	3.5
권력이동	3.5
무정	3.0
유시민의 경제학 카페	3.5
부분과 전체	5.0
뇌 속에 또 다른 뇌가 있다	4.0
더불어숲	3.5
날개	5.0
서울대 최종학 교수의 숫자로 경영하라	4.0
빌 브라이슨 발칙한 유럽산책	4.0
살인자의 기억법	4.0
간호사라서 다행이야	3.0
김예슬 선언	4.0
속죄	4.5
사랑의 생애	4.5
밀리언달러 힙합의 탄생	4.0
검사내전	4.5
배우 수업	4.0
삶이 그대를 속일지라도	4.0
푸슈킨 비밀일기	4.0
군인	3.5
세종대왕과 그의 인재들	4.0
파이 이야기	5.0
박 회계사의 재무제표 분석법	3.5
회계 천재가 된 홍대리 1 : 회계의 본질 편	2.5
에브리맨	4.5
스무살에 알았더라면 좋았을 것들	3.0
미국의 민주주의	4.0
팡세	3.5
젊은 베르테르의 슬픔	3.5
베르나르 베르베르의 상상력 사전	4.0
삼성을 생각한다	3.5
헌법줄게 새법다오	4.0
미술관 옆 인문학	4.0
보통의 존재 	3.5
회계는 어떻게 경제를 바꾸는가	3.0
82년생 김지영	3.0
물의 메시지	1.0
나는 세상의 모든 것을 군대에서 배웠다	2.0
로드	4.5
독서 천재가 된 홍대리	2.0
On the Road	4.5
니체 극장	4.5
스티브 잡스	4.0
화에 대하여	3.5
리딩으로 리드하라	2.0
내 아들아 너는 인생을 이렇게 살아라	3.5
슬픔이 없는 십오 초	3.5
김대식의 빅퀘스천	4.5
천 번을 흔들려야 어른이 된다	3.5
삼대	3.5
절망의 나라의 행복한 젊은이들	3.5
퀴즈쇼	3.5
제국의 위안부	3.5
광장/구운몽	5.0
스토너	4.5
검찰관	3.5
매트릭스로 철학하기	3.5
위대한 패배자	4.0
너는 나에게 상처를 줄 수 없다	3.5
모비 딕	3.5
잃어버린 시간을 찾아서	4.5
인생수업	3.5
인생학교 | 돈	3.0
그 남자는 왜 이상해졌을까?	4.0
이것은 왜 청춘이 아니란 말인가	3.5
티핑 포인트	4.0
그들이 말하지 않는 23가지	4.0
장하준의 경제학 강의 (반양장)	3.5
판사유감	3.5
개인주의자 선언	4.0
김대식의 인간 vs 기계	4.0
혼.창.통	3.5
문학의 숲을 거닐다	3.5
어떻게 사랑할 것인가	3.5
회계는 어떻게 역사를 지배해왔는가	3.0
모멸감	4.5
나쁜 뉴스의 나라	3.0
수학, 인문으로 수를 읽다	3.5
책읽기의 달인, 호모 부커스	3.5
거꾸로 읽는 세계사	3.0
하버드의 생각수업	3.5
딸에게 보내는 심리학 편지	3.5
남자답게 나이 드는 법	3.5
처음 읽는 서양철학사 (개정증보판)	3.5
존재의 세 가지 거짓말	4.5
모두들 하고 있습니까	3.5
한국이 싫어서	3.5
배신당한 유언들	3.5
체호프 단편선	4.0
철학과 굴뚝청소부	4.5
삼국지	3.0
사랑의 기술	3.5
경제학 콘서트	3.5
우동 한 그릇	3.5
스물아홉 생일, 1년 후 죽기로 결심했다	3.0
탈무드	4.0
지도 밖으로 행군하라	3.0
변신	4.5
수레바퀴 아래서	3.5
채근담	3.5
갈매기의 꿈	4.0
어린 왕자	4.0
꿈꾸는 다락방	1.0
인간 불평등 기원론	3.5
나는 클림트를 보면 베토벤이 들린다	3.5
원미동 사람들	3.5
세상을 바꾼 방정식 이야기	3.0
죄와 벌	4.0
대지	4.5
무소유	5.0
닥치는 대로 끌리는 대로 오직 재미있게 이동진 독서법	4.0
지금 다시, 헌법	3.5
연을 쫓는 아이	4.0
국경의 남쪽, 태양의 서쪽	3.5
직업으로서의 소설가	4.5
태엽 감는 새	4.5
무라카미 하루키 잡문집	3.5
무라카미 하루키 1Q84를 말하다	3.0
무신론자를 위한 종교	3.5
공항에서 일주일을	3.0
철학의 위안	4.0
뉴스의 시대	3.0
일의 기쁨과 슬픔	3.0
사랑의 기초 : 한 남자	3.5
행복의 건축	3.5
도플갱어	4.0
세상의 바보들에게 웃으면서 화내는 방법	4.5
토니와 수잔 (영화 포스터 표지)	4.0
정의를 부탁해	4.0
논증의 기술	3.5
어떻게 죽을 것인가	4.0
예감은 틀리지 않는다	4.0
새빨간 거짓말, 통계	4.0
멋진 신세계	3.5
명상록	3.5
페스트	4.0
길 위에서	3.0
비행운	4.0
발칙한 현대미술사	3.5
이갈리아의 딸들	4.0
죽은 경제학자의 살아있는 아이디어	4.5
소크라테스의 변명	4.0
빅 슬립	3.5
잔혹함에 대하여	4.0
여행의 기술	3.5
프루스트가 우리의 삶을 바꾸는 방법들	5.0
철학자와 늑대	4.0
장미의 이름 작가노트	4.0
장미의 이름	4.5
인문학으로 광고하다	4.0
변신.시골의사	4.5
고도를 기다리며	4.0
이기적 유전자	4.0
운수 좋은 날 「현진건」	4.0
군주론	4.5
불안	4.0
향수	4.0
11분	3.5
우리들의 일그러진 영웅	4.0
우리는 사랑일까	4.0
차라투스트라는 이렇게 말했다	3.5
화성에서 온 남자 금성에서 온 여자	4.0
지적 대화를 위한 넓고 얕은 지식 : 현실 세계 편	3.0
왜 나는 너를 사랑하는가	4.5
노인과 바다	4.0
노르웨이의 숲	4.5
시크릿	0.5
해변의 카프카	4.0
우리는 차별에 찬성합니다	3.5
문제는 무기력이다	3.0
농담	4.0
난장이가 쏘아올린 작은 공	4.0
무의미의 축제	4.0
데미안	4.0
1984	4.0
호밀밭의 파수꾼	4.0
엔트로피	3.5
낭만적 연애와 그 후의 일상	4.0
멈추면, 비로소 보이는 것들	3.5
위대한 개츠비	4.5
동물농장	4.0
왓칭 Watching	1.0
그리고 아무도 없었다	3.5
설국	4.0
미움받을 용기	3.5
그리스인 조르바	4.5
연금술사	3.5
채식주의자	4.0
달과 6펜스	4.0
피로사회	3.5
1Q84	4.0
여자 없는 남자들	4.0
유배지에서 보낸 편지	3.5
대통령의 글쓰기	3.5
어떻게 살 것인가	3.5
어떤 하루	3.0
유혹하는 글쓰기	4.0
그 많던 싱아는 누가 다 먹었을까	3.5
정의란 무엇인가	4.0
페미니즘의 도전	4.0
자존감 수업	3.0
이방인	4.5
마시멜로 이야기	3.0
인생학교 | 섹스	3.0
지적 대화를 위한 넓고 얕은 지식 : 현실 너머 편	3.0
아프니까 청춘이다	3.5
참을 수 없는 존재의 가벼움	5.0
색채가 없는 다자키 쓰쿠루와 그가 순례를 떠난 해	4.0
사피엔스	4.0
