﻿골목의 전쟁	5.0
굿 라이프	5.0
편의점 인간	5.0
왜 학교에는 이상한 선생이 많은가?	5.0
Animal Farm	5.0
고령가 소년 살인사건	5.0
뜨거운 양철 지붕 위의 고양이.유리 동물원	5.0
욕망이라는 이름의 전차	5.0
느릅나무 아래 욕망	5.0
순수의 시대	5.0
포스트맨은 벨을 두번 울린다	5.0
밤으로의 긴 여로	5.0
소공녀	5.0
악당	5.0
거짓말의 심리학	5.0
영화를 만든다는 것	5.0
당선, 합격, 계급	5.0
속죄	5.0
혐오스런 마츠코의 일생 -	5.0
실존주의자로 사는 법	5.0
무례한 사람에게 웃으며 대처하는 법	5.0
고백	5.0
검사내전	5.0
당신, 거기 있어 줄래요?	5.0
지연된 정의	5.0
시계태엽 오렌지	5.0
그해, 여름 손님	5.0
인간 실격	5.0
미스 함무라비	5.0
일베의 사상	5.0
판사유감	5.0
퀀트, 물리와 금융에 관한 회고	5.0
살인자의 기억법	5.0
딜메이커처럼 투자하라	5.0
블랙코미디	5.0
사랑의 파괴	5.0
기술적 복제시대의 예술작품	5.0
나는 농담이다	5.0
나의 토익 만점 수기	5.0
인공지능과 딥러닝	5.0
배고픔의 자서전	5.0
이방인	5.0
살인자의 건강법	5.0
진중권의 미학 오디세이 3 (20주년 기념판)	5.0
알바생 자르기 Fired	5.0
진중권의 미학 오디세이 2 (20주년 기념판)	5.0
두려움과 떨림	5.0
82년생 김지영	5.0
표백	5.0
댓글부대	5.0
파도가 바다의 일이라면	5.0
소년이 온다	5.0
한국이 싫어서	5.0
Do Humankind's Best Days Lie Ahead?: The Munk Debates	5.0
진중권의 미학 오디세이 1 (20주년 기념판)	5.0
내일	5.0
네루다의 우편배달부	5.0
시나리오	5.0
채식주의자	5.0
영화가 욕망하는 것들	5.0
야밤의 공대생 만화	5.0
사람의 아들	5.0
종이 여자	5.0
조선의 아버지들	5.0
내가 미래를 앞서가는 이유	5.0
공중그네	5.0
남쪽으로 튀어!	5.0
개인주의자 선언	5.0
Harry Potter and the Philosopher's Stone	5.0
50代에 시작한 4개 외국어 도전기	5.0
구글 신은 모든 것을 알고 있다	5.0
프레임	5.0
인텔리전스	5.0
누워서 읽는 알고리즘	5.0
나미야 잡화점의 기적	5.0
미움받을 용기 2	5.0
미움받을 용기	5.0
장하준의 경제학 강의 (반양장)	5.0
미국사 산책 1	5.0
현명한 초보 투자자	5.0
굿바이 작심삼일	5.0
EBS 다큐프라임 자본주의	5.0
워렌 버핏의 주식투자 콘서트	5.0
The Third Ear	5.0
도쿄대생은 바보가 되었는가	5.0
필름메이커의 눈	5.0
Story 시나리오 어떻게 쓸 것인가	5.0
박찬욱의 몽타주	5.0
쇼트 - 영화의 시작	5.0
세상 모든 비밀을 푸는 수학	5.0
불안	5.0
사피엔스	5.0
