﻿팀 버튼	4.5
스탠리 큐브릭	4.5
박찬욱의 몽타주	4.0
박찬욱의 오마주	4.5
김지운의 숏컷	2.5
클린트 이스트우드	3.0
쿠엔틴 타란티노	5.0
시베리아에서 살아남기	3.0
닥터 슬럼프 완전판	3.0
역전! 야매요리 1	4.0
은수저 Silver Spoon	3.0
마녀	2.5
노다메 칸타빌레	3.0
파페포포 레인보우	3.0
치즈 인 더 트랩	1.5
낢부럽지 않은 네팔여행기	3.5
2010 마음의 소리 Ver.1	4.0
그대를 사랑합니다	5.0
바보	4.5
Ho! 1	4.5
생활의 참견	3.0
문유	3.0
패션왕	2.5
외모지상주의 1	0.5
이말년 서유기 1	5.0
2011 마음의 소리 Ver.1	4.0
2010 마음의 소리 Ver.2	4.0
삽질의 시대	2.5
크로스	5.0
카츠 Katsu!	4.0
일상날개짓 1	3.5
어서오세요, 305호에!	3.5
습지생태보고서	3.5
울기엔 좀 애매한	3.5
식객, 팔도를 간다 : 서울편	4.0
크로스 게임 소장판	5.0
다이어터 3 : 건강지속 편	3.0
송곳	3.5
당신의 모든 순간	4.0
배트맨 킬링 조크 BATMAN The Killing Joke : 디럭스 에디션 The Deluxe Edition (양장)	4.5
마음의 소리	4.0
밥 먹고 갈래요? 1	3.5
설국열차	4.5
공룡둘리에 대한 슬픈 오마주	5.0
브이 포 벤데타	4.5
왓치맨 Watchmen	5.0
다이어터 2 : 운동적응기 편	3.5
다이어터 1 : 식이조절 편	3.5
키다리 아저씨	3.0
코스모스	5.0
황당한게 딱! 좋아!	2.5
쇼킹한 게 딱 좋아	2.5
만화 스펀지	3.0
Why? 똥	4.0
코믹 메이플 스토리 오프라인 RPG	2.5
위기탈출 넘버원	1.5
짜장 짬뽕 탕수육	3.0
돼지책 (100쇄 기념판)	3.5
만화로 보는 그리스 로마 신화	3.5
강아지똥	5.0
신기한 스쿨버스	4.0
바다에서 살아남기	2.0
사막에서 살아남기	3.5
초원에서 살아남기	2.0
아마존에서 살아남기	3.0
빙하에서 살아남기	3.5
동굴에서 살아남기	3.5
산에서 살아남기	4.0
화산에서 살아남기	2.5
무인도에서 살아남기	3.0
지진에서 살아남기	3.0
아즈망가 대왕	3.5
돌아온 자살토끼	3.5
자살토끼	4.0
요츠바랑!	3.0
파페포포 안단테	3.5
원피스 ONE PIECE	4.0
운수 좋은 날 「현진건」	3.5
구운몽	4.0
여탕보고서	3.0
파페포포 다이어리	4.0
파페포포 메모리즈	4.0
파페포포 투게더	4.0
영화야 놀자	4.0
무빙	4.0
2013 마음의 소리 Ver.1	5.0
2012 마음의 소리 Ver.1	5.0
연애혁명	1.0
은밀하게 위대하게	2.5
순정만화	3.0
와라! 편의점	2.5
낢이 사는 이야기 시즌2	3.5
낢이 사는 이야기	3.0
낢이 사는 이야기 (수첩 포함)	3.0
조명가게	2.5
타이밍	3.5
아파트	3.0
26년	3.0
후레자식	5.0
식객	4.5
목욕의 신	3.5
오무라이스 잼잼	4.5
이말년 씨리즈 2	4.0
이말년 씨리즈	4.0
삼봉이발소	3.0
신과 함께 : 신화편	3.5
신과 함께 : 이승편	3.5
신과 함께 : 저승편	3.5
죽음에 관하여	5.0
위저드 베이커리	3.5
미소라	4.0
믹스 MIX	5.0
터치	4.0
H2 오리지널	4.5
어린 왕자	3.5
화성에서 온 남자 금성에서 온 여자	3.0
걸리버 여행기	3.0
가방 들어주는 아이	3.0
꾸러기 만화일기	3.0
위대한 개츠비	4.0
먼나라 이웃나라	3.0
월리를 찾아라! 	3.0
파브르 곤충기	3.0
나의 라임 오렌지나무	4.0
오체 불만족	4.0