﻿카네기 인간관계론	3.5
나는 누구인가	3.5
젊은 베르테르의 슬픔	3.5
밀레나, 밀레나, 황홀한	3.5
소년이 온다	4.5
추상오단장	3.5
부러진 용골	4.0
The Incite mill 인사이트 밀	3.0
당신의 이름을 지어다가 며칠은 먹었다	4.0
마음	4.0
나무를 심은 사람	4.5
철도원	3.0
모두를 위한 페미니즘	3.5
우아한 거짓말	3.5
화장	2.0
바깥은 여름	4.0
기형도 전집	4.5
누구도 기억하지 않는 역에서	3.5
입 속의 검은 잎	4.5
상냥한 폭력의 시대	3.5
아낌없이 주는 나무 (어린이용)	4.5
연금술사	3.0
2014 제5회 젊은작가상 수상작품집	4.0
생각의 일요일들	2.5
청춘의 독서	3.5
모든 요일의 기록	3.0
페스트	4.0
