﻿Watchmen (Paperback, International Edition)	3.5
부탁 하나만 들어줘	3.0
어린 왕자	5.0
경선식의 수능 영단어 초스피드 암기비법 (휴대용 암기장 별매)	1.5
맹꽁이 서당	3.5
만화로 보는 영화의 역사	3.5
수레바퀴 아래서	4.0
민사고 천재들은 하버드가 꿈이 아니다	0.5
지적 대화를 위한 넓고 얕은 지식 : 현실 세계 편	3.0
정의란 무엇인가	4.0
병신과 머저리	3.5
만화 삼국지	4.0
EBSi 강의교재 수능개념 사회탐구영역 큰	4.0
스티브 잡스	2.0
크레용 신짱	4.0
그 놈은 멋있었다 - 전2권	0.5
언어의 온도	0.5
로빈후드	4.0
빅 퀘스천	3.0
황당한게 딱! 좋아!	2.0
쇼킹한 게 딱 좋아	2.0
플랜더스의 개	4.0
오줌 멀리싸기 시합	3.0
보리타작 하는 날	3.0
제임스와 슈퍼 복숭아	4.0
사금파리 한 조각	3.5
살아 있는 동안 꼭 해야 할 49가지	0.5
콩쥐팥쥐	3.0
내 고추는 천연 기념물	3.0
짬 시즌 2	2.0
짬	3.5
청년 노동자 전태일	4.0
만화로 배우는 21세기 명심보감	3.0
인터넷이 이럴수가	2.0
별볼일 있는 별자리여행	3.0
이말년 서유기 1	4.0
개미와 베짱이	2.5
구성애 아줌마의 초딩 아우성	3.5
으악! 너무 너무 무섭다!	1.0
마시멜로 두 번째 이야기	0.5
마시멜로 세 번째 이야기	0.5
엿보기 구멍 1	3.0
게임동화 메이플 스토리	1.0
나쁜 어린이표	3.0
장화 신은 고양이	3.0
휠체어를 타는 친구	3.0
멋진 내 남자 친구	3.5
일기 감추는 날	3.5
명탐정 셜록 홈즈의 회상 - 완역판	3.5
명탐정 셜록 홈즈의 모험	3.5
왕따와 학교폭력 이겨내기 작전 1호	3.0
가면 산장 살인 사건	3.0
도라에몽 플러스	4.0
시베리아에서 살아남기	3.0
네 손가락의 피아니스트 희아의 일기	3.0
어린이 공룡백과	3.5
마지막 수업	4.0
꼬마 니콜라	3.5
화성에서 온 남자 금성에서 온 여자	1.0
한비야의 중국견문록	1.5
살인자들의 섬	4.0
미스틱 리버 -	4.0
진중권의 미학 오디세이 1 (20주년 기념판)	4.0
동백꽃 / 봄봄	3.5
서울대 리더십 강의	0.5
나니아 연대기	4.0
와라! 편의점	3.0
박씨전	3.0
피노키오	3.5
마틸다 (반양장)	4.0
아낌없이 주는 나무 (어린이용)	3.5
샬롯의 거미줄	3.0
빨간 모자	3.0
벌거벗은 임금님	3.0
하멜른의 피리 부는 사나이	3.0
팥죽 할머니와 호랑이	3.0
검은 고양이	3.5
오페라의 유령	3.5
하이디	3.5
위대한 마법사 오즈	3.5
작은 아씨들	3.5
허생전	3.5
메밀꽃 필 무렵	3.5
연어	3.5
안네의 일기	4.0
왕자와 거지	3.5
동백꽃 외	4.0
이솝 우화집	4.0
동백꽃.봄 봄	3.5
백종원이 추천하는 집밥 메뉴 52	2.0
