﻿누구에게나 친절한 교회 오빠 강민호	3.5
진작 할 걸 그랬어	3.0
별 내리는 산장의 살인	3.5
꽃을 보듯 너를 본다	4.0
끌림 (리커버에디션)	3.0
이상한 나라의 앨리스	3.0
사서함 110호의 우편물	2.5
오셀로	3.5
아빠는 나무다	2.0
개를 훔치는 완벽한 방법	3.0
인생 우화	3.0
하마터면 열심히 살 뻔했다	3.5
오리엔트 특급살인	4.0
이반 데니소비치, 수용소의 하루	3.0
리어 왕	3.5
어른은 어떻게 돼?	3.0
연암산문선	2.0
나사의 회전	3.0
방법서설	2.0
광장/구운몽	4.0
인간 실격	3.5
빨강머리N	3.5
춘향전	3.5
끌림의 대화	3.0
나는 매일 책을 읽기로 했다	4.0
회사어로 말하라	3.0
하루 30분의 힘	2.0
파우스트	3.0
죽고 싶지만 떡볶이는 먹고 싶어	3.5
또다시 같은 꿈을 꾸었어	3.0
어린 왕자	3.0
레디메이드 인생	3.5
설국	4.0
고도를 기다리며	3.5
세계 최고의 여행기 열하일기 	3.0
동물농장	4.0
노인과 바다	3.0
구운몽	4.0
역사	3.5
거꾸로 읽는 그리스 로마 신화	3.0
일리아스	3.0
오뒷세이아 	3.0
신들의 계보	3.0
신통기	3.0
그리스 로마 신화	4.0
에디스 해밀턴의 그리스 로마 신화	4.0
햄릿	3.5
모든 순간이 너였다	3.0
변신	4.0
변신 이야기	3.5
못 가본 길이 더 아름답다	3.5
베르디 : 음악과 극의 만남	3.0
바그너 : 세기말의 오페라	3.0
모차르트 : 신의 사랑을 받은 악동	3.0
바흐 : 천상의 선율	3.0
살아있는 역사 (합본, 개정판)	3.5
열심히 하지 않습니다	2.5
회계 천재가 된 홍대리 1 : 회계의 본질 편	2.5
회계 천재가 된 홍대리 2 : 수익성 개선 편	3.0
삼국사기 1	4.0
삼국유사	4.0
두근두근 내 인생	3.0
1984	4.5
누구나 탐내는 실전 보고서	3.0
이이화의 한국사 이야기 1	3.5
꾸뻬 씨의 행복 여행	3.5
82년생 김지영	3.5
논어	3.5
디테일의 힘	3.0
공무원이 설쳐야 나라가 산다	2.0
나는 죽을 때까지 재미있게 살고 싶다	4.0
은퇴 후에도 나는 더 일하고 싶다	3.0
내가 사랑하는 사람	3.0
외로우니까 사람이다	3.0
회사에서	3.0
다이어리를 매니저로 활용하라	2.5
잠자기 전 30분 독서	2.5
스물일곱 이건희처럼	2.5
리딩으로 리드하라	4.0
여자라면 힐러리처럼	3.0
서비스 퍼포먼스	2.0
라틴어 수업	3.5
단 한 번만이라도 멋지게 사랑하라	2.5
30대, 다시 공부에 미쳐라	2.5
책의 힘	2.0
여행이 즐거워지는 사진 찍기	2.0
고마워요, 소울메이트	3.0
국가가 알려주지 않는 공무원 승진의 비밀	3.0
나를 바꾼 시간 독서 8년	3.0
하우석의 100억짜리 기획노트	3.0
아르테미스	3.0
너의 췌장을 먹고 싶어	4.0
직장인 마인드 맵	3.0
유럽 14개 도시를 찾아가다	2.0
성과 중심으로 일하는 방식	2.0
지금 바로 재무제표에 눈을 떠라	3.0
영어 천재가 된 홍 대리	3.0
야간비행	3.0
재무제표 흐름 읽는 법 : 실전편	2.5
1초 만에 재무제표 읽는 법 : 기본편	2.0
요약의 기술	3.0
사랑의 온도	4.0
나는 찍는다 스마트폰으로	3.0
공무원, 이제 회계를 공부할 때	3.5
무진기행 외	5.0
탁월함의 함정	4.0
하루를 완성하는 시간 아침 30분	2.0
나는 DivX 홈시어터族이다!	3.0
닥치는 대로 끌리는 대로 오직 재미있게 이동진 독서법	3.0
시크릿	2.0
나는 왜 잘하고 싶은데 잘하지 못할까?	3.0
레디 메이드 인생	3.0
부부로 산다는 것	3.0
메모의 기술	2.0
닉 부이치치의 허그(HUG)	3.5
자기 앞의 생	3.5
이방인	3.0
커피, 그 블랙의 행복	3.0
변신	3.0
연금술사	4.0
허삼관 매혈기	4.0
48분 기적의 독서법	3.5
말의 품격	3.0
지식 e inside (지식e DVD 포함)	3.5
독서 천재가 된 홍대리	4.0
꿈꾸는 다락방	2.0
파페포포 메모리즈	3.0
파페포포 안단테	3.0
언어의 온도	4.0
고양이처럼 생각하기	2.0
독일인의 사랑	2.5
믿음이란	3.0
세상에서 가장 유명한 그림 이야기	3.5
차마 신이 없다고 말하기 전에	3.0
살인자의 기억법	4.0
풀잎에도 상처가 있다	3.5
닉 부이치치의 삶은 여전히 아름답다	5.0
야간 비행	3.0
어린 왕자	3.5
생텍쥐페리 - 지상의 어린 왕자	3.0
오빠가 돌아왔다	3.0
너의 목소리가 들려	3.0
회사가 당신에게 알려주지 않는 50가지 비밀	3.0
성균관 유생들의 나날	3.5
칼의 노래	3.5
오직 두 사람	4.0
윔피 키드 Movie Diary	3.0
Diary of a Wimpy Kid 1 (Paperback, International Edition)	5.0
채식주의자	3.0
Must do! 영어회화에서 꼭 알아야할 100가지 대화	2.5
조조만 아는 토익 LC 요령	3.0
1분 영어 말하기 Speaking Matrix	4.0
처용아내의 허벅지에 바다가 찾아왔다	2.5
영어 회화 핵심패턴 233 기초편	4.0
하루 종일 영어로 말해봐 혼잣말 트레이닝	3.0
꼭! 필요한 영어회화 베스트 표현 900 : 일상회화 편	3.0
성경 이야기 1 - 구약성서	3.0
한국을 빛낸 100명의 위인들	3.5
My First Magic Dictionary : 영영	3.5
창문 넘어 도망친 100세 노인	4.0
일빵빵 입에 달고 사는 기초영어 : 의문사.Be동사 편	5.0
일빵빵 입에 달고 사는 기초영어 : 동사.조동사 편	5.0
일빵빵 입에 달고 사는 기초영어 : 접속사.길게 말하기 편	3.0
일빵빵 입에 달고 사는 기초영어 : 전치사.시제 편	4.0
팝스 잉글리시	3.5
하늘과 바람과 별과 詩	5.0