﻿보건교사 안은영	4.0
우리는 마약을 모른다	4.0
데미안	2.0
너의 췌장을 먹고 싶어	0.5
역사의 역사	3.5
오만과 편견	4.5
골든아워	4.5
아픔이 길이 되려면	5.0
차단	4.0
파과	4.0
설민석의 조선왕조실록	3.5
브람스를 좋아하세요...	4.0
표백	4.0
공허한 십자가	2.0
나의 토익 만점 수기	4.0
아몬드	3.5
7년의 밤	3.5
절망의 구	3.5
나미야 잡화점의 기적	3.0
자기 앞의 생	4.5
빽넘버	2.0
잘못은 우리 별에 있어	4.0
퀴즈쇼	2.0
죽여 마땅한 사람들	5.0
눈먼 자들의 도시	4.5
새의 선물	4.0
아가미	4.5
나는 농담이다	2.5
오베라는 남자	5.0
살인자의 기억법	3.5
달콤 쌉싸름한 초콜릿	3.0
한국이 싫어서	5.0
나를 찾아줘	5.0
