﻿지금 이 순간의 역사	4.5
어둠의 속도	4.0
아랑은 왜	3.5
읽다	4.0
엘리베이터에 낀 그 남자는 어떻게 되었나	3.5
오직 두 사람	3.0
일급비밀	4.5
감정의 혼란	4.0
체호프 단편선	3.5
지루한 이야기	3.5
일본 가정식 도시락	3.5
직업으로서의 소설가	4.5
기본소득이란 무엇인가	4.0
로봇 시대, 인간의 일	4.0
사월의 미, 칠월의 솔	5.0
청춘의 문장들	3.5
네가 누구든 얼마나 외롭든	3.0
사랑이라니, 선영아	3.0
지지 않는다는 말	4.0
꾿빠이, 이상	4.0
내가 아직 아이였을 때	5.0
소설가의 일	5.0
흐름을 꿰뚫는 세계사 독해	4.0
논문 잘 쓰는 방법	5.0
사기 교양강의	5.0
강의	5.0
옥스퍼드 중국사 수업	5.0
1인 가구 살림법	4.0
1인 가구 돈 관리	4.0
