﻿보물섬	2.5
골든아워	4.0
프랑켄슈타인	4.0
외식의 품격	3.5
오류가 발생했습니다	4.0
향수	4.0
언더그라운드 레일로드	3.0
파우스트	3.5
요리하는 조선 남자	3.5
당신은 개를 키우면 안 된다	3.5
1시간에 1권 퀀텀 독서법	0.5
말 그릇	3.0
바람의 딸 걸어서 지구 세 바퀴 반	2.0
지금은 당연한 것들의 흑역사	2.0
20대, 자기계발에 미쳐라	0.5
미생	3.0
아홉살 인생	3.0
시크릿	1.0
하리하라의 생물학 카페	3.0
명견만리 : 인구, 경제, 북한, 의료 편	3.0
명견만리 : 미래의 기회 편	3.0
이지성의 꿈꾸는 다락방	0.5
나는 세상의 모든 것을 군대에서 배웠다	0.5
대통령의 글쓰기	3.5
1만 시간의 법칙	1.0
악어 프로젝트	3.5
서평 쓰는 법	3.5
리딩으로 리드하라	0.5
공부하는 힘	2.0
클라우스 슈밥의 제4차 산업혁명	1.5
너의 췌장을 먹고 싶어 	2.0
유튜브의 신	3.5
H2	3.5
카피책	2.0
아주 작은 반복의 힘	1.5
말의 품격	1.0
저 이승의 선지자	4.0
어둠의 속도	4.0
빨간 구두 꺼져! 나는 로켓 무용단이 되고 싶었다고!	4.5
역사의 역사	3.0
천관율의 줌아웃	4.0
토끼의 아리아	3.5
항상 앞부분만 쓰다가 그만두는 당신을 위한 어떻게든 글쓰기	4.0
살인자의 기억법	3.0
기생충 제국	4.5
하악하악	2.0
그건, 사랑이었네	2.0
파피용	2.5
엘러건트 유니버스	4.0
엄마를 부탁해	2.5
위험한 과학책	3.0
그리고 아무도 없었다	4.0
나무	3.0
멘사 시각 퍼즐	2.5
멘사 사고력 퍼즐	2.0
윤성우의 열혈 C 프로그래밍	3.0
댓글부대	4.5
한국이 싫어서	3.5
서민 독서	2.5
저주토끼	3.5
내 문장이 그렇게 이상한가요?	4.0
에셔의 손	3.0
슈뢰딩거의 고양희	3.5
당선, 합격, 계급	4.5
검사내전	3.0
나는 입이 없다 그리고 나는 비명을 질러야 한다	3.5
파인더스 키퍼스	3.5
드래곤 라자	4.0
빅 픽처	3.0
가면 산장 살인 사건	3.0
저도 과학은 어렵습니다만	3.0
사이언스 소믈리에	4.0
돈을 쫓는 사람 그를 쫓는 경찰	2.0
오버 더 호라이즌	4.0
대한민국 마음 보고서	3.0
혁명하는 여자들	4.0
위대하고 위험한 약 이야기	3.5
이상한 정상가족	4.5
소프트웨어 객체의 생애 주기	4.5
고고심령학자	3.5
진중권의 미학 오디세이 1 (20주년 기념판)	4.5
우리는 언젠가 만난다	1.5
종의 기원	2.5
보노보노처럼 살다니 다행이야	3.0
무엇이든 쓰게 된다	3.0
제2회 한국과학문학상 수상작품집	3.5
편의점 인간	4.0
아르테미스	4.0
걸 온 더 트레인	3.0
나미야 잡화점의 기적	3.5
유시민의 글쓰기 특강	3.0
7년의 밤	4.0
정의란 무엇인가	4.0
1Q84	2.0
안드로이드는 전기양의 꿈을 꾸는가?	3.5
바깥은 여름	4.0
책 따위 안 읽어도 좋지만	2.0
9등급 꼴찌, 1년 만에 통역사 된 비법	3.0
당신 인생의 이야기	5.0
비행운	4.5
개미	4.5
우리는 왜 공부할수록 가난해지는가	4.5
오직 두 사람	4.0
OtvN 프리미엄 특강쇼 어쩌다 어른	2.5
타워	4.5
가마틀 스타일	3.0
예술과 중력가속도	4.0
청춘의 독서	4.0
아몬드	3.0
비하인드 도어	4.0
신경 끄기의 기술	0.5
행복을 풀다	1.0
레버리지	0.5
언어의 온도	1.5
아픔이 길이 되려면	4.5
어른이 되어 더 큰 혼란이 시작되었다	3.5
기사단장 죽이기	2.0
82년생 김지영	4.0
죽여 마땅한 사람들	2.5
힐빌리의 노래	4.5
너의 췌장을 먹고 싶어	2.5
표백	4.0
닥치는 대로 끌리는 대로 오직 재미있게 이동진 독서법	4.5
면세구역	3.5
언더그라운드	4.0
유혹하는 글쓰기	3.0
채링크로스 84번지	3.0
공부 공부	4.0
아무래도 아이는 괜찮습니다	4.0
알고리즘 문제 해결 전략 - 전2권	4.0
조엘 온 소프트웨어	4.0
아도니스	3.5
리진	2.5
온도계의 철학	4.5
경제 ⓔ	3.0
넛지	4.0
#혐오_주의	3.0
스위치	3.0
티타임 사이언스	4.0
고로 나는 존재하는 고양이	4.0
시민의 교양	3.0
지적 대화를 위한 넓고 얕은 지식 : 현실 너머 편	3.5
지적 대화를 위한 넓고 얕은 지식 : 현실 세계 편	3.5
열한 계단	2.5
꿈꾸는 다락방	0.5
원더랜드	4.5
이 폐허를 응시하라	3.5
독서 천재가 된 홍대리	1.5
룬의 아이들 - 윈터러	3.5
룬의 아이들 - 데모닉	4.0
의뢰인	3.5
미학 오디세이	4.0
너무 많이 알았던 사람	4.5
템테이션	2.0
구부러진 과학에 진실의 망치를 두드리다	2.5
남자들은 자꾸 나를 가르치려 든다	4.0
부의 추월차선	1.0
기자의 글쓰기	3.0
디케의 눈	3.0
그 남자는 왜 이상해졌을까?	4.0
플루언트	4.5
고종석의 문장	3.5
지연된 정의	4.0
정신의학의 탄생	3.0
헌법은 살아있다	3.5
흙수저 연금술	2.0
현대의학의 거의 모든 역사	4.0
만약 고교야구 여자 매니저가 피터 드러커를 읽는다면	3.5
내일	4.0
대통령을 꿈꾸던 아이들은 어디로 갔을까	4.0
표현의 기술	3.5
판사유감	4.5
개인주의자 선언	3.5
미스 함무라비	3.0
소수의견	3.0
쫓겨난 사람들	5.0
왜 나는 그들을 변호하는가	5.0
게임, 세상을 보는 또 하나의 창	3.5
나의 친애하는 적	3.0
오리지널스	3.5
인류의 기원	4.5
하우스 오브 카드	3.0
채식주의자	2.5
블루스크린	2.5
너희 정말, 아무 말이나 다 믿는구나	4.0
수학의 수학	4.5
아웃라이어	4.5
중독은 없다	3.5
행복의 기원	4.5
호모 데우스	4.5
사피엔스	4.0
호모 사피엔스 씨의 위험한 고민	3.0
홍성욱의 STS, 과학을 경청하다	4.0
아동학대에 관한 뒤늦은 기록	4.5
대한민국 치킨전	2.5
맨박스	4.0
플레이	1.5
전략적 책읽기	4.0
매문 노트 : 칼럼 / 인터뷰 기사	1.5
긍정의 배신	3.5
대학생의 착각	0.5
홍박사의 과일상자 - 과학 일단 상상하자	2.5
장하석의 과학, 철학을 만나다	4.5
