﻿혼자서 완전하게	3.5
오직 두 사람	4.0
왜 화를 멈출 수 없을까?	3.0
블랙코미디	4.0
기생수	4.5
영화학교에서 배운 101가지	4.0
심리학개론	4.0
황금방울새	3.5
데스 노트 Death Note	4.0
죽는 남자	3.5
패션왕	2.5
캔디	5.0
지각대장 존	3.5
죽음에 관하여	3.5
아이들은 즐겁다 	4.5
운빨 로맨스	4.0
저녁 같이 드실래요? 1	4.0
범생이가 안경을 벗으면	4.0
은겸에게	3.5
온새미로	3.0
그놈은 멋있었다	1.5
내 남자친구에게	4.5
Why? 사춘기와 성	4.0
일본어 무작정 따라하기 (책 + mp3 CD 1장 + 휴대용 소책자)	4.5
도시 탐정단 : 편지	2.5
Why? 외계인과 UFO	4.0
예담이는 열두 살에 1000만원을 모았어요	3.0
달걀과 밀가루 그리고 마들렌	3.5
만화 칼의 노래 -	4.0
명탐정 셜록 홈즈의 공포사건 수수께끼	4.0
엄마는 단짝친구 1	5.0
명탐정 셜록 홈즈의 네 개의 서명	4.0
이현세 만화 한국사 바로보기 1	5.0
명탐정 셜록 홈즈의 바스커빌 가문의 개	5.0
돼지책 (100쇄 기념판)	4.0
Why? 질병	3.0
Why? 똥	3.0
목욕의 신	3.0
치즈 인 더 트랩	4.5
수업시간 그녀	3.5
삼봉이발소	3.5
방과 후 전쟁활동	3.5
오렌지 마말레이드	3.5
마녀	5.0
이웃 사람	3.5
이문열 이희재 만화 삼국지 세트 -	4.5
무인도에서 살아남기	4.0
사막에서 살아남기	3.5
만화로 보는 그리스 로마 신화	5.0
명탐정 셜록 홈즈의 공포의 계곡	5.0
검은 사제들	2.5
21일	3.5
나는 왜 나를 사랑하지 못할까	3.0
책 먹는 여우	3.5
연어	3.5
흑설공주 이야기	3.5
검은 고양이	4.5
안나라수마나라	3.5
신과 함께 : 이승편	4.0
신과 함께 : 저승편	4.0
인형의 집	3.0
FBI 행동의 심리학	3.5
나의 라임 오렌지나무	4.0
꽃들에게 희망을	3.0
거짓말 학교	3.0
명탐정 셜록 홈즈의 회상 - 완역판	4.5
명탐정 셜록 홈즈의 모험	4.5
셜록 홈즈 전집 5 : 셜록 홈즈의 사건	4.5
화차	3.0
멋진 신세계	3.5
어느 날 내가 죽었습니다	4.0
백설공주에게 죽음을	2.5
센트럴파크	3.5
내일	4.0
당신, 거기 있어 줄래요?	3.5
구해줘	3.0
유진과 유진	3.5
너는 모른다	3.0
눈먼 자들의 도시	4.0
거미여인의 키스	3.5
모방범	3.5
소나기밥 공주	4.0
경세황비 1	1.0
누가 내 치즈를 옮겼을까?	3.0
심플 플랜	4.0
보보경심	4.5
교통경찰의 밤	4.0
둘 중 누군가 그녀를 죽였다	3.5
붉은 손가락	3.0
악의	4.0
옛날에 내가 죽은 집	4.5
레몬 Lemon	3.5
종이 여자	3.0
살인자의 기억법	4.0
엄마를 부탁해	3.5
내 심장을 쏴라	3.5
7년의 밤	5.0
28	4.0
Y의 비극	4.0
그리고 아무도 없었다	4.5
환상의 여인	4.0
꿈꾸는 다락방	3.5
인간 실격	4.5
