﻿철과 피와 제국	4.5
언더그라운드	4.5
전쟁의 재발견	3.5
아홉 켤레의 구두로 남은 사내	4.0
본격 한중일 세계사 4	3.5
영혼의	3.0
쇼콜라	3.5
식령	2.0
Go! Heaven! 자결 소녀대	3.0
최강입시전설 꼴찌, 동경대 가다!	3.5
러브	2.5
삼국 장군전	2.5
스타크래프트	2.0
스쿨럼블	2.5
러버즈7	2.5
논스톱 너스 아오이	3.0
데프콘	3.0
데프콘 제2부	3.0
데프콘 제1부	3.0
관능소설	3.5
오픈 세서미 Open Sesame	2.5
허니문 샐러드	5.0
그리스인	3.5
진눈깨비 소년	5.0
학교에서 가르쳐주지 않는 일본사	4.0
수양제	3.5
본격 한중일 세계사 3	4.5
그 페미니즘은 틀렸다	3.5
사드	3.0
조이스	3.0
윤리학	3.5
카프카	4.0
헤겔	3.0
하이데거 Heidegger	3.5
비트겐슈타인	3.5
동양철학	3.5
롤랑 바르트	3.5
보드리야르	3.5
인류학	3.5
니체	3.0
카뮈	4.0
마키아벨리	3.5
마르크스	3.5
레비스트로스	3.5
아리스토텔레스	3.5
촘스키	3.0
사회학	3.5
플라톤	3.5
프로이트	3.0
라캉	3.5
융	3.0
데리다	3.0
푸코	3.5
비판 이론	3.5
이왕이면 이집트	3.5
쿵쾅쿵쾅 크리스마스	3.0
팝뮤직이 기타등등	2.5
부들부들 바이킹 신화	3.5
연극이 희희낙락	3.0
끄덕끄덕 그리스신화	3.5
바이바이 바이킹	3.5
패션이 팔랑팔랑	3.0
믿지 못해 미스터리	3.0
그럴싸한 그리스	3.5
지구가 지글지글	3.0
강물이 꾸물꾸물	3.0
모든 길은 로마로	3.5
식물이 시끌시끌	3.5
질병이 지끈지끈	3.5
건축이 건들건들	3.5
진화가 진짜진짜	3.0
지진이 우르쾅쾅	3.5
과학자는 괴로워?	3.5
소리가 슥삭슥삭	3.0
화산이 왈칵왈칵	3.5
동물이 뒹굴뒹굴	3.5
벌레가 벌렁벌렁	3.5
우주가 우왕좌왕	3.5
수학이 수군수군	3.0
수학이 또 수군수군	3.0
수학이 자꾸 수군수군 -	3.0
와글와글 월드컵	3.0
꼬르륵 뱃속여행	3.5
화학이 화끈화끈	3.0
올록볼록 올림픽	3.0
만화로 보는 신라왕조 1000년	3.0
세계역사	3.0
백제왕조 700년	3.0
고구려 왕조 700년	3.0
조선왕조 500년	3.0
만화로 보는 항일독립운동 근대 50년	3.0
혁명이 후끈후끈	3.5
새콤달콤 셰익스피어 이야기	3.5
아슬아슬 아스텍	3.5
바다가 바글바글	3.5
새록새록 성경이야기	3.5
구석구석 인체 탐험	3.5
아찔아찔 아서왕 전설	3.5
꾸벅꾸벅 클래식	3.0
Harry Potter and the Chamber of Secrets	4.0
Harry Potter and the Half-Blood Prince	3.0
Harry Potter and the Prisoner of Azkaban	3.0
Harry Potter and the Deathly Hallows	3.0
뜨끔뜨끔 동화 뜯어보기	3.5
물리가 물렁물렁	3.0
그리스인	3.5
관촌수필	5.0
시구루이	3.5
그리스인 이야기 	3.5
사카모토 료마와 메이지 유신	4.0
레토르트 파우치	3.5
야간비행	3.5
루터 : 신의 제국을 무너트린 종교개혁의 정치학	3.0
강 동쪽의 기담	3.0
아이들은 즐겁다 	4.0
토미에 -	3.5
만화 도요토미 히데요시	2.5
전쟁과 평화	4.5
오다 노부나가	3.5
아름다운	3.5
재앙은 미묘하게	3.0
지금 우리 학교는	3.5
알렉산더	4.0
아테네의 변명	4.0
스페인 은의 세계사	4.0
사자의 상사병	4.0
고성소의 슈베스터	4.5
십족을 멸하라	4.0
82년생 김지영	2.0
용랑전	3.0
본격 한중일 세계사 2	3.5
역사의 역사	3.5
봄이여 오라!	2.5
잠자는	2.0
여름의 전날 1	4.0
만약에	3.5
늑대의 입	4.0
자본주의를 의심하는 이들을 위한 경제학	3.5
일본	4.0
미스미소우 완전판 -	3.5
삼별초	4.0
백년전쟁	4.0
진 브로디 선생의 전성기	3.5
당신들의 천국	4.0
당선, 합격, 계급	4.0
여중생A	3.5
삐에르와 장	4.5
중국통사	4.5
별의 목소리	3.0
My Girl 마이걸	3.5
버스달리다	3.0
사랑은 비가 갠 뒤처럼 1	3.5
은하영웅전설	3.5
메이지라는	4.0
비잔티움	4.0
본격 한중일 세계사 1	4.0
금요일	3.5
그로테스크	3.5
주경철의	4.0
주경철의	4.0
김준엽 평전	3.5
섬데이	3.5
메이지라는	4.0
공주는 잠 못 이루고	3.5
DP 개의 날	4.0
연옥님이	3.5
시타를 위하여	3.5
사랑할 때와 죽을 때	4.0
카케구루이	3.5
막스 베버, 이 사람을 보라	3.5
하나다 소년사	3.5
거울이 왔다	3.5
그대는 음란한 나의 여왕	3.5
이 S를, 보라!	3.5
파괴수	2.0
학교생활	3.5
나이브 Naive 완전판	4.0
엔젤전설	3.0
사이코메트러	3.0
한국인을 위한 중국사	3.5
새로 쓴 일본사	3.5
다카하시 신 작품집 Seasons - 여름 빛 속의	3.5
초속	3.5
성실한	3.0
나 어릴 적에	3.5
新ブラックジャックによろしく	3.5
사랑으로 놀자. 니노미야 히카루 작품집	3.5
달콤한 속삭임	3.5
대청제국 1616~1799	3.5
대학로 좀비 습격사건	2.0
현대 철학의 흐름	4.0
구운몽	4.0
우주전쟁	4.0
핵 폭발 뒤 최후의 아이들	4.0
난세의 혁신리더 유성룡	3.0
징비록	4.0
그리스.로마 신화	4.0
거꾸로 읽는 한국사	3.5
고우영 서유기	3.5
기동전사 건담 Ecole du ciel	2.5
방랑	3.5
계속 독신으로 살거야?	3.5
내집으로 와요	4.0
늑대 아이	3.5
드래곤 드림	3.5
좋은 사람	3.0
블랙라군	3.5
칼바니아 이야기	4.0
어게인!! Again!!	3.5
이 세상의 한구석에 -	3.5
울기엔 좀 애매한	4.0
군청학사	3.5
5년생	4.0
에덴	4.0
허니 컴 Honey Comb	3.0
쇼트 프로그램 걸즈 타입	3.5
쇼트 프로그램 Short Program	3.5
라이프 Life	4.0
시공건축환시담 메모리즈	3.5
플라네테스	4.5
타임슬립	4.0
양의 노래	3.5
예스터데이를	4.0
도쿄	3.5
한국단편문학선	4.0
35년	3.5
카사네	5.0
죽음을 넘어 시대의 어둠을 넘어	4.0
황제들의 당제국사	4.0
우리 시대의 영웅	3.5
엔도 슈사쿠 단편 선집	3.0
에로이카	4.0
인형의 집	3.5
배트맨 이어 원	4.0
배트맨 : 다크 나이트 리턴즈	4.0
헬로우 블랙잭	3.5
튀르크인 이야기	2.5
호모 루덴스	3.0
세계사신문 1	4.5
역사신문 1	4.5
서른의 반격	3.0
포비아 페미니즘	4.0
죽은 경제학자의 살아있는 아이디어	3.5
입시명문 사립 정글고등학교	3.0
은주의 방	3.0
세 개의 시간	3.0
세 가지 이야기	3.0
개를 데리고 다니는 부인	4.0
셀프	0.5
우리들이 있었다	3.5
금오신화	3.5
나폴레옹	3.5
이반 일리치의 죽음	4.5
셜록 홈즈 전집 8 : 셜록 홈즈의 마지막 인사	3.5
셜록 홈즈 전집 6 : 셜록 홈즈의 회상	3.5
셜록 홈즈 전집 5 : 셜록 홈즈의 사건	3.5
셜록 홈즈 전집 7 : 셜록 홈즈의 귀환	3.5
셜록 홈즈 전집 4 : 셜록 홈즈의 모험	3.5
셜록 홈즈 전집 3 : 주홍색연구 네명의 기호	3.5
셜록 홈즈 전집 2 : 배스커빌의 개	4.0
셜록 홈즈 전집 1 : 공포의 계곡	3.0
백야	3.5
프리스트	4.0
미래일기	3.0
환상	4.0
십팔사략	3.5
고우영 열국지	4.0
고우영 三國志	4.0
논어 (보급판)	3.5
사랑해야 하는 딸들	4.0
B사감과 러브레터	3.5
운수 좋은 날 「현진건」	3.5
그=그녀	3.5
아니메를 이끄는 7인의 사무라이	3.0
박인하의 아니메 미학 에세이	2.5
이것은 애니메이션이 아니다	3.5
반삼국지 -	2.0
삼국지	4.5
나관중도 몰랐던 삼국지이야기	3.0
시튼 동물기	4.0
메밀꽃 필무렵	3.5
꺼삐딴 리	3.5
걸리버 여행기	3.5
봄봄	3.5
허클베리 핀의 모험	3.5
톰 소여의 모험	4.5
창천항로	3.5
삼국전투기	3.5
21세기 먼나라 이웃나라 9	3.0
소공녀	3.0
15소년 표류기	3.5
80일간의 세계 일주	4.0
해저 2만리	4.0
인간의 조건	3.0
피아노 치는 여자	4.0
광수생각	3.0
젊은 베르테르의 슬픔	3.5
월리를 찾아라! 	4.0
허생전	3.5
무소유	3.5
오셀로	3.5
햄릿	3.5
맥베스	3.5
리어 왕	3.5
베니스의 상인	3.5
변신	4.5
광염 소나타 외	3.5
파브르 곤충기	4.0
로빈슨 크루소	4.0
마담 보바리	4.0
사기 1	4.0
파도여 들어다오	3.5
대위의 딸	3.5
디아스포라의 눈	3.5
명나라 역대 황제 평전	3.5
유년기의 끝	3.5
데미지 오버 타임	4.0
필라멘트 Filament	3.5
수역 애장판	3.5
이윤기의 그리스 로마 신화	4.0
파인 1	4.0
좋은사람	3.0
청춘의 독서	4.0
백년 동안의 고독	4.5
여탕보고서	3.0
남과 여 1	3.5
짬 시즌 2	3.0
어서오세요, 305호에!	3.5
서플리 Suppli	3.5
춘풍의 스녜그로치카	3.5
악의 꽃 세트 -	4.0
그 남자! 여자! 특별판	3.5
헬싱	3.5
여자만화 구두	3.5
곱게 자란 자식	4.5
올훼스의 창	4.0
베르사유의 장미 완전판 에피소드편	3.0
베르사유의 장미 1	4.0
경계에 선 줄리아 크리스테바	3.0
장 프랑수아 리오타르, 포스트모더니즘을 구하라	3.5
현재의 역사가 미셸 푸코	3.0
시마 상무 1 4	2.0
시마전무	2.0
시마부장	2.0
이끼	3.0
일쌍다반사	4.0
당신의 모든 순간	3.5
운빨 로맨스	3.0
토끼 드롭스	3.5
딸기 100% 17	3.0
진월담 월희 6 2 8 3 1	3.0
페이트 스테이 나이트 Fate Stay Night 2 3 4 5 8	3.0
신 암행어사 1	2.0
쵸비츠	3.0
킹덤 Kingdom 1 3 9 10 17 18	3.5
백범일지	3.5
전영소녀	3.5
인연	3.0
크로이체르 소나타	4.0
크레이지 군단	4.0
톰 소여	4.5
충사	4.5
주작의 활	2.5
꼴찌, 동경대 가다! (신장판)	3.5
무지갯빛 트로츠키	3.5
갈매기의 꿈	3.0
목욕의 신	3.0
방과 후 전쟁활동	3.5
천재 유교수의 생활	4.0
사형수 042	3.0
바텐더 Bartender 1	3.0
현시연	4.0
무한의 주인	4.0
히스토리에 Historie	4.0
지어스 Zearth 1	4.0
르상티망 -	3.5
치키타 GUGU	3.5
신부이야기	4.0
광기의 역사	4.0
보이는 세계는 진짜일까?	3.0
철학카페에서 문학읽기	3.5
제인 에어 	3.5
에로스의 눈물	3.0
후르츠 바스켓 8	3.5
금각사	3.5
아Q정전	4.0
무기여 잘 있어라	3.5
페스트	4.0
폭풍의 언덕	4.0
서울, 1964년 겨울	4.0
하치의 마지막 연인	3.0
허니와 클로버	3.5
세븐시즈 7SEEDS 13	4.0
솔티니스 1	4.0
이키가미	2.5
트랜스 비평가 프레드릭 제임슨	3.5
주디스 버틀러의 철학과 우울	3.0
누가 슬라보예 지젝을 미워하는가?	3.0
스피박 넘기	3.5
과거의 힘	3.5
에크리	3.0
르네 지라르	3.0
데이비드 흄	3.5
존재와 무	3.0
조르주 바타이유	2.5
물질과 기억 - 반복과 차이의 운동	3.0
몰입의 즐거움	3.5
시골의사 박경철의 자기혁명	2.5
계몽의 변증법	4.0
정신현상학	2.5
법을 보는 법	3.0
짐멜의 모더니티 읽기	3.5
철학자들	3.0
건슬링거 걸 Gunslinger Girl	4.0
노란구미의 돈까스 취업	3.5
본격 시사인 만화	3.5
누구를 위하여 종은 울리나	3.5
철학, 영화를 캐스팅하다	3.5
늦은 밤, 잠 못 드는 아이들	3.0
얘들아, 너희가 나쁜 게 아니야	3.0
슬럼독 밀리어네어	3.0
만화로 보는 그리스 로마 신화	4.0
수학귀신	4.0
우리들의 일그러진 영웅	3.5
모모	4.0
잉여사회	4.0
리바이어던	3.0
소비의 사회	3.5
열정은 어떻게 노동이 되는가	3.5
만화 전두환	3.0
만화 박정희	3.0
절망의 나라의 행복한 젊은이들	4.0
전태일 평전	4.0
톨스토이 단편선	3.5
드래곤 볼	3.0
바람의 검심	3.5
엿보기 구멍 1	3.0
리 라이프	4.0
동정 없는 세상	3.0
데빌맨	4.0
바람의 딸 걸어서 지구 세바퀴 반	2.0
영혼을 위한 닭고기 수프 1	3.0
테르마이 로마이	3.5
블랙 패러독스	4.0
한반도식 통일, 현재진행형	3.0
길들이기와 편가르기를 넘어	4.0
낯선 곳에서 나를 만나다	4.0
왼쪽으로, 더 왼쪽으로	3.5
오타쿠 가상 세계의 아이들	3.5
명청시대 사회경제사	4.0
나는 빠리의 택시운전사	3.5
좌우는 있어도 위아래는 없다	3.5
하얀 가면의 제국	3.5
당신들의 대한민국 	4.0
송곳	5.0
아버지와 아들.연기	3.5
건투를 빈다	3.5
하리하라의 생물학 카페	3.5
닥치고 정치	3.5
서양근대철학의 열가지 쟁점	4.0
불가능한 것의 가능성	3.0
타인의 얼굴	5.0
한밤중에 행진	3.0
스무 살, 도쿄	3.0
문제적 텍스트 롤랑/바르트	3.5
대한민국사 - 전3권	3.5
공중그네	3.5
혼불	4.0
Ho! 1	4.5
위대한 캣츠비 제6부	4.0
할시온 런치	3.0
이사	4.0
운명의 새	3.5
붉은 꽃다발	3.5
P의 비극	3.5
전무의 개	3.5
미도리의 나날	3.0
표류교실	4.0
전략 삼국지	4.0
빈란드 사가 Vinland Saga 1	4.5
심해어	3.5
낮비 1	2.5
좌부녀	3.5
짬	3.5
결혼식 전날	3.0
진베	3.0
꼭두각시 서커스	3.5
피스 Piece	3.0
신풍괴도 쟌느	3.0
체리 신드롬	3.0
큐피드의 장난	4.0
지뢰진	4.0
인어의 숲	3.5
인어의 상처	3.5
야차의 눈동자	3.5
어게인	3.0
타이밍	3.5
아파트	4.0
26년	3.5
나만이 없는 거리	3.5
오렌지	3.0
소년탐정 김전일	4.0
맹꽁이 서당	4.0
베르세르크	5.0
야뇌 백동수	3.0
시마과장	2.5
러브히나	3.5
아이즈	3.0
미미의 괴담	3.0
어둠의 목소리 궤담	3.0
마의 파편	3.0
교정 뒤에는 천사가 묻혀있다	3.0
신의 나라 인간 나라	3.0
여자 제갈량	4.0
배트맨 : 망토 두른 십자군에게 무슨 일이 생겼나?	4.0
슬램덩크	5.0
셜리	3.5
은수저 Silver Spoon	3.5
강철의 연금술사	3.0
GTO 애장판	3.5
남자들은 자꾸 나를 가르치려 든다	3.5
쾌락의 혼돈	4.0
세계대전 Z	4.0
폭력과 상스러움	3.5
호모 코레아니쿠스	3.5
미야지마 히로시의 양반	3.5
일본의 역사관을 비판한다	4.0
인천 상륙 작전	3.5
일본 양심의 탄생	3.0
빨래하는 페미니즘	3.5
이토준지 공포박물관	4.0
어둠의 목소리	3.0
지옥별 레미나	3.0
공포의 물고기	3.5
소용돌이 합본판	4.0
세계의 끝 여자친구	3.0
자본주의 역사와 중국의 21세기	3.5
1587 만력 15년 아무일도 없었던 해	4.0
나폴레옹 전쟁	4.0
거꾸로 읽는 세계사	3.5
흑산	3.0
모빌 슈트 건담 디 오리진	4.5
왕도의 개	4.0
삼성을 생각한다	3.5
일본정신의 기원	3.0
스바루	4.0
녹주공안	3.0
해체주의와 그 이후	3.0
기우뚱한 균형	4.0
니체는 왜 민주주의에 반대했는가	4.0
88만원 세대	3.5
다시 에드워드 사이드를 위하여	4.0
포스트모던 칸트	4.0
푸코와 하버마스를 넘어서	4.5
후쿠자와 유키치 자서전	4.0
도가니	3.5
현시창	3.5
오스만 제국사	4.0
영락제	4.0
스페인사	2.0
죽어가는 천황의 나라에서	4.0
진격의 대학교	4.0
우리는 차별에 찬성합니다	4.0
여성 혐오를 혐오한다	3.0
21세기 천황제와 일본	4.0
일본 전후사 1945-2005	3.5
리오리엔트	3.5
소라닌	4.0
베네치아에서의 죽음	3.0
중국사회의 지속과 변화	3.5
미야지마 히로시, 나의 한국사 공부	4.0
아름다움이 세상을 구원할 것이다	4.0
일본 부락의 역사	3.5
근대 천황상의 형성	4.0
2차세계대전사	3.5
1차세계대전사	3.5
그 쇳물 쓰지 마라	4.0
청나라, 제국의 황제들	2.5
새로 쓴 베트남의 역사	4.5
한국 고대사 산책	4.5
멋진 신세계	4.0
로마에서 중국까지	3.0
아틀라스 일본사	4.0
아틀라스 중국사	4.0
독일어 시간	3.5
오리엔탈리즘을 넘어서	4.0
세계화의 원근법	3.5
실크로드 이야기	4.0
혁명을 팝니다	3.5
중국의 시험지옥-과거	4.0
일본의 발명과 근대	1.5
도쿄이야기	3.0
미디어의 이해	3.0
역사론	3.0
로마 멸망 이후의 지중해 세계 -	4.0
레판토 해전	3.0
콘스탄티노플 함락	3.0
로도스섬 공방전	3.0
바다의 도시 이야기	3.5
그림으로 보는 십자군 이야기	3.5
십자군 이야기 	4.0
두더지	3.5
시가테라	3.5
불가사의한 소년	4.0
바람계곡의 나우시카	5.0
최종 병기 그녀	3.5
요츠바랑!	4.0
아즈망가 대왕	4.0
목소리의 형태	4.0
별이 내리는 마을	3.0
3월의 라이온	4.0
엠마	4.0
바사라 BASARA	4.5
클레이모어 Claymore 12 3 15 18 19	3.5
아이앰 어 히어로	3.0
보이즈 온 더 런	3.5
바쿠만 BAKUMAN	4.0
뼈의 소리	4.0
유레카 Heureka	4.0
눈의 고개ㆍ검의 춤	4.0
칠석의 나라	3.0
브이 포 벤데타	4.0
쥐	4.5
동물화하는 포스트모던	4.0
우리가 몰랐던 동아시아	4.0
죽은 혼	3.5
카이사르의 내전기	3.5
갈리아 전쟁기	3.5
루쉰 소설 전집	4.0
마오의 중국과 그 이후	4.0
거리로 나온 넷우익	4.5
혐오의 미러링	3.5
일베의 사상	3.5
천안문	3.5
룽산으로의 귀환	3.5
근대중국의 서양인 고문들	3.5
칸의 제국	3.5
왕 여인의 죽음	3.5
반역의 책	4.0
마테오 리치, 기억의 궁전	3.0
신의 아들 洪秀全과 太平天國	4.0
쓰레기의 본망	4.5
베르사이유의 장미	4.0
인류학의 거장들	3.5
인류학의 역사와 이론	3.5
후불제 민주주의	3.5
나의 한국현대사	3.5
만	3.5
게 가공선	3.5
언어의 감옥에서	4.0
박시백의 조선왕조실록 1	4.0
물질문명과 자본주의	3.5
주경철의 유럽인 이야기 1	4.0
목로주점 -	4.0
서양 중세사	4.0
살아남은 로마, 비잔틴제국	4.0
결코 사라지지 않는 로마, 신성로마제국	3.5
박4모	4.0
본격 제2차 세계대전 만화	3.5
셜록 홈즈 전집 1	3.5
표백	5.0
열광금지, 에바로드	4.5
그믐, 또는 당신이 세계를 기억하는 방식	3.0
알바생 자르기 Fired	3.5
댓글부대	4.0
우리의 소원은 전쟁	3.5
한국이 싫어서	4.0
남한산성	3.5
제7일	3.0
허삼관 매혈기	3.5
속죄	3.5
고백	4.0
무진기행	5.0
해리 포터와 불의 잔	4.0
여수의 사랑	3.5
해리 포터와 아즈카반의 죄수	3.0
엄마를 부탁해	3.0
해리 포터와 비밀의 방	4.0
해리 포터와 마법사의 돌	3.0
난장이가 쏘아올린 작은 공	5.0
모리와 함께한 화요일	3.0
칼의 노래	4.0
아프니까 청춘이다	0.5
로마인 이야기 	4.0
한비야의 중국견문록	3.0
키친	3.0
나의 라임 오렌지나무	4.0
오체 불만족	3.0
폭력의 세기	3.0
예루살렘의 아이히만	3.5
전체주의의 기원	3.5
인간의 조건	3.0
박노자의 만감일기	3.5
오리엔탈리즘	4.0
슬픈 열대	4.0
단속사회	3.0
나는 세상을 리셋하고 싶습니다	4.0
이것은 왜 청춘이 아니란 말인가	4.5
행복의 정복	4.0
철학과 굴뚝청소부	4.0
성의 역사	3.0
감시와 처벌	4.0
나의 문화유산답사기 	4.0
먼나라 이웃나라	4.0
정의란 무엇인가	4.0
체호프 희곡 전집	4.5
백치	4.0
노름꾼	3.5
죽음의 집의 기록	4.5
미성년	3.5
스쩨빤치꼬보 마을 사람들	3.5
가난한 사람들	4.0
분신	4.0
상처받은 사람들	3.5
바다와 독약	4.0
침묵	4.0
의룡	4.5
색채가 없는 다자키 쓰쿠루와 그가 순례를 떠난 해	3.0
1Q84	3.0
여자 없는 남자들	3.0
노르웨이의 숲	4.0
한강	3.5
아리랑	4.0
태백산맥	4.0
그리스인 조르바	4.5
우리들	4.5
대성당	3.0
말라볼리아가의 사람들	3.5
모래의 여자	4.5
타인의 얼굴	4.0
불타버린 지도	3.5
아베 일족	3.5
긴 이별을 위한 짧은 편지	3.0
둔황	4.0
설득	3.5
순교자	4.0
포로기	4.0
피로 물든 방	3.0
나는 공산주의자와 결혼했다	4.0
미국의 목가	4.5
휴먼 스테인	4.0
벤야멘타 하인학교	2.5
나귀 가죽	3.5
킴	3.0
가면의 고백	4.0
황금 물고기	3.5
판탈레온과 특별봉사대	4.0
개인적인 체험	3.5
아름다운 애너벨 리 싸늘하게 죽다	2.5
소송	4.5
닥터 지바고	3.5
서부 전선 이상 없다	4.0
태양은 다시 떠오른다	3.0
지하로부터의 수기	4.5
참을 수 없는 존재의 가벼움	4.0
면도날	4.0
위대한 유산	4.0
타라스 불바	3.5
캐치-22	4.0
카타리나 블룸의 잃어버린 명예	4.0
모든 것이 산산이 부서지다	3.0
풀잎은 노래한다	3.0
깊은 강	5.0
이성과 감성	3.5
시계태엽 오렌지	4.5
인간 실격	4.0
적과 흑	4.0
방드르디, 태평양의 끝	3.0
안나 카레니나	4.5
체호프 단편선	3.5
뻬쩨르부르그 이야기	4.0
벨킨 이야기 / 스페이드 여왕	3.0
설국	3.5
부덴브로크 가의 사람들	3.0
달과 6펜스	5.0
거미여인의 키스	4.5
농담	4.0
삶의 한가운데	3.5
파리대왕	4.5
인간의 굴레에서	4.5
이반 데니소비치, 수용소의 하루	4.0
암흑의 핵심	3.0
카탈로니아 찬가	3.5
1984	5.0
위건 부두로 가는 길	4.5
파리와 런던의 밑바닥 생활	4.0
버마 시절	4.0
나는 왜 쓰는가	4.5
동물농장	4.0
행인	3.5
산시로	3.5
그 후	4.0
도련님	3.5
마음	3.5
나는 고양이로소이다	3.5
공룡둘리에 대한 슬픈 오마주	3.5
대한민국 원주민	4.5
100℃	4.5
습지생태보고서	5.0
신과 함께 : 저승편	4.0
미생	4.0
죽음에 관하여	3.5
루드비코의 만화.영화	4.0
수업시간 그녀	4.0
찌질의 역사	3.5
일본 정신의 풍경	4.5
현대 중국을 찾아서	4.5
현대 일본의 역사 1	4.5
건륭제	3.5
옹정제	4.0
강희제	4.0
이갈리아의 딸들	4.0
성	3.5
첫사랑	3.5
오만과 편견	4.0
위대한 개츠비	4.0
이방인	4.0
양철북	3.0
수레바퀴 아래서	3.5
호밀밭의 파수꾼	4.0
부활	4.0
소년이 온다	4.0
국가란 무엇인가	4.0
데미안	4.0
라쇼몬	4.0
몬스터	4.5
신세기 에반게리온	4.5
기생수	5.0
환관 이야기	3.5
죄와 벌	5.0
카라마조프 가의 형제들	5.0
