﻿처음부터 엄마는 아니었어	5.0
건너오다	5.0
안나 카레니나	5.0
스토너	4.5
2018 제9회 젊은작가상 수상작품집	3.0
2017 대한민국 트렌드	3.5
인간 실격	5.0
바깥은 여름	3.0
이지성의 꿈꾸는 다락방	1.0
나는 까칠하게 살기로 했다	3.0
진작 할 걸 그랬어	2.5
노는 만큼 성공한다	3.0
무엇이든 쓰게 된다	3.0
기획의 정석 실전편	2.0
축적의 길	2.0
눈뜬 자들의 도시	2.5
문장 수집 생활	5.0
매일 아침 써봤니?	4.5
카피책	5.0
뇌	3.5
신경 끄기의 기술	2.0
말의 품격	2.5
너무 한낮의 연애	5.0
위대한 개츠비	5.0
월플라워	4.0
실버라이닝 플레이북	4.0
해피버스데이	5.0
미움받을 용기	4.0
인간 실격	5.0
남한산성	3.0
살인자의 기억법	5.0
언어의 온도	2.0
82년생 김지영	4.0
