﻿마지막 춤은 나와 함께	5.0
라이언 맥긴리 컬렉션 : 바람을 부르는 휘파람	4.0
피카소	3.5
지킬 박사와 하이드	4.5
무의미의 축제	4.0
나는 일주일에 이틀만 일하기로 했다	3.0
무라카미 라디오	4.0
데미안	5.0
금요일엔 돌아오렴	5.0
낮잠형 인간	4.0
82년생 김지영	5.0
약간의 거리를 둔다	2.5
생각하는 여자는 괴물과 함께 잠을 잔다	4.0
꼰대 김철수	4.0
쓰기의 말들	3.5
구름 껴도 맑음	3.0
반 고흐	4.0
100% 스무 살	3.0
별일 아닌 것들로 별일이 됐던 어느 밤	4.0
우리에겐 언어가 필요하다	5.0
자존감 수업	4.0
아프니까 청춘이다	0.5
